{
    "train_losses": [
        1.6382064442349302,
        1.294847176625179,
        1.1789580313568442,
        1.100310564210952,
        1.0479434074839291,
        1.008248000233262,
        0.9720397360644111,
        0.9376788360101205,
        0.9148540248898024,
        0.882623934677863,
        0.8591569570394674,
        0.830410307289188,
        0.8087513667565802,
        0.7969652835460134,
        0.7719385696951826
    ],
    "valid_losses": [
        1.3930424332618714,
        1.2332868695259094,
        1.1202720880508423,
        1.060314971208572,
        0.9537619695067402,
        1.034507484734058,
        0.9867006167769431,
        0.8955146566033363,
        0.9059977889060975,
        0.8669354185461995,
        0.7806378483772278,
        0.7792441934347153,
        0.7700761303305625,
        0.743890419602394,
        0.6804590985178947
    ],
    "train_accs": [
        0.40961093304843316,
        0.5346777065527065,
        0.5783920940170936,
        0.6089966168091164,
        0.6267138532763528,
        0.6422498219373217,
        0.654424857549857,
        0.6699608262108265,
        0.6765936609686605,
        0.6856080840455835,
        0.6965144230769226,
        0.7082665598290585,
        0.7141203703703695,
        0.7194622507122502,
        0.7258947649572642
    ],
    "valid_accs": [
        0.505859375,
        0.5662109374999998,
        0.6150390625000002,
        0.6375,
        0.6693359375000001,
        0.6541015625000002,
        0.6748046874999999,
        0.6978515625000001,
        0.703125,
        0.713671875,
        0.7417968749999999,
        0.7367187500000001,
        0.7488281250000002,
        0.75625,
        0.7730468750000001
    ],
    "test_loss": 0.8265787404549272,
    "test_acc": 0.7258702531645569
}