{
    "train_losses": [
        1.6382064428764194,
        1.2948471535305013,
        1.1789578600147173,
        1.1002970993349015,
        1.048067766886491,
        1.0080748967974955,
        0.9712967957526532,
        0.9383471771183172,
        0.9152714280661014,
        0.8823791647229099,
        0.8613603955660112,
        0.8315131823901096,
        0.8102599778066675,
        0.7986445156936973,
        0.7724233780831009,
        0.753522621940004,
        0.739089447208958,
        0.7182627065568902,
        0.6976046406815198,
        0.6886074571867614,
        0.6624456463206526,
        0.6507240228163887,
        0.6366355110097819,
        0.6176020583705686,
        0.6021240970857457,
        0.5845549990478742,
        0.5667843314317557,
        0.5524904434157913,
        0.5384014360925071,
        0.528255449910449,
        0.5119116814897273,
        0.4913980723955686,
        0.4787613251949646,
        0.4621117100586578,
        0.4508626431311639,
        0.4421031732335046,
        0.4239149298678093,
        0.41499202051054007,
        0.3990114594032286,
        0.38900650235322776
    ],
    "valid_losses": [
        1.393042427301407,
        1.2332864761352542,
        1.1202795267105103,
        1.0586249083280563,
        0.9548408180475234,
        1.0378385230898857,
        0.9788792610168456,
        0.8963212683796883,
        0.9094222649931908,
        0.872487998008728,
        0.7818922385573386,
        0.7741945013403894,
        0.7669165536761284,
        0.7383739545941351,
        0.6808087475597859,
        0.7158590614795686,
        0.713705091178417,
        0.6844734989106658,
        0.6599562980234625,
        0.6574017226696014,
        0.6679053425788881,
        0.5432201966643333,
        0.5766788057982922,
        0.5941409707069397,
        0.636571428924799,
        0.548356681317091,
        0.4737090542912483,
        0.5072680324316023,
        0.4672078676521778,
        0.49286725446581836,
        0.4173525199294089,
        0.39639185331761834,
        0.3872125968337058,
        0.3622602589428425,
        0.4188293896615505,
        0.35641114152967923,
        0.34757361859083186,
        0.30811733938753605,
        0.30723319537937654,
        0.30562399514019495
    ],
    "train_accs": [
        0.40961093304843316,
        0.5346777065527065,
        0.5783920940170935,
        0.6089743589743586,
        0.6269364316239316,
        0.6426727207977213,
        0.6557380698005696,
        0.6698717948717944,
        0.6764378561253553,
        0.6840277777777772,
        0.6968928062678058,
        0.7065304487179482,
        0.7127849002848995,
        0.7192174145299142,
        0.7260060541310531,
        0.7337740384615383,
        0.7379139957264951,
        0.7447248931623927,
        0.7520922364672359,
        0.7573450854700848,
        0.7643563034188026,
        0.7682736823361822,
        0.7748620014245012,
        0.7804709757834752,
        0.7859464031339021,
        0.7924679487179476,
        0.7987891737891728,
        0.8042868589743583,
        0.8090277777777776,
        0.8130119301994283,
        0.8170628561253547,
        0.8257879273504258,
        0.8279246794871779,
        0.8348913817663799,
        0.8383190883190866,
        0.8402110042735035,
        0.8467993233618226,
        0.8509170227920221,
        0.8558137464387463,
        0.859464031339031
    ],
    "valid_accs": [
        0.505859375,
        0.5662109374999998,
        0.6148437500000001,
        0.6376953124999999,
        0.6693359375000001,
        0.6535156250000002,
        0.6742187499999999,
        0.6957031249999999,
        0.701171875,
        0.7121093750000002,
        0.7378906250000001,
        0.7406249999999999,
        0.7482421874999999,
        0.7539062500000001,
        0.77421875,
        0.7580078125,
        0.7591796875000002,
        0.7736328124999998,
        0.7783203125000001,
        0.7796874999999999,
        0.7798828125000001,
        0.8171875,
        0.8048828125,
        0.8025390625,
        0.7996093750000003,
        0.8224609374999999,
        0.8425781250000001,
        0.8345703124999999,
        0.83828125,
        0.8349609375000001,
        0.8568359375000003,
        0.8679687499999997,
        0.8751953125,
        0.8759765624999999,
        0.8650390625000001,
        0.8783203125000002,
        0.8857421874999999,
        0.8962890625000002,
        0.8984375,
        0.894921875
    ],
    "test_loss": 0.9191287265548223,
    "test_acc": 0.7554390822784811,
    "gradient_flows": [
        {
            "hidden_layers": [
                0.0011157309636473656,
                0.00124959077584208,
                0.0004998798358428758
            ],
            "output_layer": 0.004219000693410635
        },
        {
            "hidden_layers": [
                0.0013088546693325043,
                0.0013383946825342719,
                0.0005033290035498794
            ],
            "output_layer": 0.004931595642119646
        },
        {
            "hidden_layers": [
                0.0010214472422376275,
                0.0011576436227187514,
                0.00043655756235239096
            ],
            "output_layer": 0.004974536132067442
        },
        {
            "hidden_layers": [
                0.00185316929128021,
                0.0014882879186188802,
                0.00047404247379745357
            ],
            "output_layer": 0.00562622956931591
        },
        {
            "hidden_layers": [
                0.002062880899757147,
                0.001818181153794285,
                0.0005650816274282988
            ],
            "output_layer": 0.006062095053493977
        },
        {
            "hidden_layers": [
                0.0014564525336027145,
                0.0012851464380219113,
                0.00036056796307093464
            ],
            "output_layer": 0.004757097456604242
        },
        {
            "hidden_layers": [
                0.0014200885780155659,
                0.001366083357424941,
                0.00039966074473340996
            ],
            "output_layer": 0.005176057107746601
        },
        {
            "hidden_layers": [
                0.001727013848721981,
                0.001536089344881475,
                0.00044465341125032865
            ],
            "output_layer": 0.006168551743030548
        },
        {
            "hidden_layers": [
                0.001743926084600389,
                0.0017465263044869062,
                0.00044759654338122346
            ],
            "output_layer": 0.006068158894777298
        },
        {
            "hidden_layers": [
                0.0019511108985170722,
                0.001439885931176832,
                0.0004355204728199169
            ],
            "output_layer": 0.00493215536698699
        },
        {
            "hidden_layers": [
                0.0017988568870350718,
                0.001465589815779822,
                0.0004406680200190749
            ],
            "output_layer": 0.00510075269266963
        },
        {
            "hidden_layers": [
                0.0018926806515082717,
                0.0013563709580921568,
                0.0003879167234117631
            ],
            "output_layer": 0.005585517734289169
        },
        {
            "hidden_layers": [
                0.0015010866336524487,
                0.00125652066708426,
                0.0003277019022789318
            ],
            "output_layer": 0.00423996988683939
        },
        {
            "hidden_layers": [
                0.001953952945768833,
                0.0014719229729962535,
                0.0004238728633936262
            ],