{
    "train_losses": [
        1.5571404800795428,
        1.2137696250551444,
        1.052527539580635,
        0.9442057815032808,
        0.8591845986510275,
        0.7897638391565387,
        0.7253661312778452,
        0.6751154861558882,
        0.6185276052381234,
        0.5672312592848752,
        0.5211843765868761,
        0.46240224831464277,
        0.41814653707026084,
        0.37883397758516474,
        0.3289356254614315
    ],
    "valid_losses": [
        1.305012607574463,
        1.08341908454895,
        0.9400777980685234,
        0.8506220445036888,
        0.7948991999030113,
        0.7263240337371827,
        0.6721118420362472,
        0.6064076565206052,
        0.5229865647852422,
        0.46602210029959673,
        0.42909894883632665,
        0.39843295626342295,
        0.3246139224618673,
        0.31731031164526935,
        0.2673520464450121
    ],
    "train_accs": [
        0.44190705128205104,
        0.5680867165242163,
        0.6249109686609685,
        0.6645299145299145,
        0.6949341168091163,
        0.7191061253561245,
        0.744212962962963,
        0.7604611823361825,
        0.779202279202279,
        0.7993901353276343,
        0.8129451566951553,
        0.835937499999999,
        0.8505831552706544,
        0.8652288105413102,
        0.8837473290598297
    ],
    "valid_accs": [
        0.5431640625,
        0.618359375,
        0.6685546875000001,
        0.6945312499999999,
        0.7216796875000001,
        0.7447265625000001,
        0.7621093750000001,
        0.7830078125000002,
        0.814453125,
        0.8386718749999998,
        0.8542968750000001,
        0.8617187500000001,
        0.8919921874999999,
        0.8935546874999999,
        0.9101562499999998
    ],
    "test_loss": 0.8646968814391125,
    "test_acc": 0.7367484177215191
}