{
    "train_losses": [
        1.489352980909864,
        1.1383468384756317,
        0.9550069682618489,
        0.8310879837413789,
        0.7398231596688594,
        0.6656114576209301,
        0.5972674335339812,
        0.5462072302303423,
        0.4989406878282545,
        0.45639039915681234,
        0.41326794516496845,
        0.37805891075195386,
        0.349919122763169,
        0.3203412483305674,
        0.29265402769006577,
        0.2733605381133211,
        0.24551027196000458,
        0.2305079320302376,
        0.21244145276030268,
        0.1958249467305648,
        0.18253072803346507,
        0.16555012089659343,
        0.15732243047905115,
        0.14501508836902444,
        0.1402462605185318,
        0.13724629635102725,
        0.12154733834315898,
        0.11897660728724428,
        0.11412327164555892,
        0.11027118751508559,
        0.10185807786266343,
        0.10213928486079905,
        0.09359572328987963,
        0.09179578222164564,
        0.09079691804308666,
        0.08459117438676012,
        0.08407643206544918,
        0.07995064517329216,
        0.08001430285431206,
        0.07383374449534293
    ],
    "valid_losses": [
        1.2339735001325607,
        0.9647080868482591,
        0.907152131199837,
        0.849824357032776,
        0.7860197603702543,
        0.5809356473386288,
        0.5179406054317952,
        0.47702868133783344,
        0.4440587729215624,
        0.47339452356100103,
        0.36566983610391596,
        0.347718146443367,
        0.3314022235572338,
        0.29905183389782897,
        0.26768550537526603,
        0.242069580219686,
        0.23466420695185658,
        0.2032691480591894,
        0.1708293707109987,
        0.1579011684283614,
        0.1586755763739347,
        0.1906573176383972,
        0.19901493452489377,
        0.14106656992807984,
        0.12758212983608244,
        0.12331519704312087,
        0.11311225276440381,
        0.1508445813320577,
        0.12455085841938851,
        0.1162169050425291,
        0.09727611462585631,
        0.09204364232718944,
        0.12110017901286484,
        0.09885257901623844,
        0.10137252268905286,
        0.09817486947868019,
        0.08875348431756717,
        0.10100128338672222,
        0.1399571963585913,
        0.09745898041874168
    ],
    "train_accs": [
        0.4643874643874646,
        0.5900997150997157,
        0.6597222222222218,
        0.708444622507122,
        0.7396723646723646,
        0.7664485398860402,
        0.7896857193732185,
        0.807291666666666,
        0.8275685541310537,
        0.8403222934472926,
        0.855635683760684,
        0.8676771723646717,
        0.8782941595441607,
        0.8900017806267813,
        0.8983707264957274,
        0.9056935541310547,
        0.9137286324786312,
        0.9205840455840444,
        0.92659366096866,
        0.933137464387463,
        0.9374999999999992,
        0.9434205840455837,
        0.94675925925926,
        0.9498976139601146,
        0.9515892094017107,
        0.9525462962962975,
        0.9578214031339056,
        0.9595352564102592,
        0.9603365384615417,
        0.9624065170940201,
        0.9648993945868987,
        0.9658787393162432,
        0.9684383903133943,
        0.9684829059829101,
        0.9683493589743628,
        0.970530626780632,
        0.9707309472934523,
        0.9727341524216574,
        0.972378027065532,
        0.974158653846159
    ],
    "valid_accs": [
        0.5529296875,
        0.6539062499999999,
        0.6867187499999999,
        0.7080078125,
        0.732421875,
        0.7968750000000001,
        0.8181640625000003,
        0.8308593750000001,
        0.8503906249999997,
        0.8240234374999998,
        0.8701171874999999,
        0.8830078125,
        0.8910156250000002,
        0.9019531249999999,
        0.9109374999999998,
        0.9185546874999999,
        0.921875,
        0.9339843750000001,
        0.9451171875000002,
        0.9492187500000002,
        0.9478515624999999,
        0.9376953125000003,
        0.9394531250000002,
        0.9523437499999997,
        0.9609374999999999,
        0.9621093750000002,
        0.9689453125000002,
        0.9529296875000004,
        0.964453125,
        0.966796875,
        0.9728515624999997,
        0.9730468749999996,
        0.96328125,
        0.9730468749999998,
        0.971875,
        0.9718750000000004,
        0.9748046874999998,
        0.9748046874999999,
        0.9595703125000001,
        0.9722656250000002
    ],
    "test_loss": 0.7109754492964924,
    "test_acc": 0.8323773734177214,
    "gradient_flows": [
        {
            "hidden_layers": [
                0.013897587545216084,
                0.0063416463090106845,
                0.0025718979886732996,
                0.0011419421207392588,
                0.00046682249376317486
            ],
            "output_layer": 0.012338916771113873
        },
        {
            "hidden_layers": [
                0.01346440240740776,
                0.0062078709015622735,
                0.002466368838213384,
                0.0011014903138857335,
                0.0004378946323413402
            ],
            "output_layer": 0.009835577569901943
        },
        {
            "hidden_layers": [
                0.014115918427705765,
                0.005700428504496813,
                0.0022344763565342873,
                0.0010359177831560373,
                0.0004100129008293152
            ],
            "output_layer": 0.014880296774208546
        },
        {
            "hidden_layers": [
                0.012235219590365887,
                0.005025673715863377,
                0.0020568646141327918,
                0.0009800933912629262,
                0.0004096424891031347
            ],
            "output_layer": 0.014828476123511791
        },
        {
            "hidden_layers": [
                0.018270252272486687,
                0.007238571997731924,
                0.002635509823448956,
                0.0012537160364445299,
                0.00049603250954533
            ],
            "output_layer": 0.01851365715265274
        },
        {
            "hidden_layers": [
                0.02231561206281185,
                0.006339225103147328,
                0.002245743031380698,
                0.0010749249340733513,
                0.00045989174395799637
            ],
            "output_layer": 0.01996718719601631
        },
        {
            "hidden_layers": [
                0.010808529332280159,
                0.004614956036675721,
                0.0018606013036333025,
                0.0009297065989812836,
                0.00039485596425947733
            ],
            "output_layer": 0.011140498332679272
        },
        {
            "hidden_layers": [
                0.01243576593697071,
                0.004844787996262312,
                0.0019689144974108785,
                0.0010022156639024615,
                0.00043448175347293727
            ],
            "output_layer": 0.014655902981758118
        },
        {
            "hidden_layers": [
                0.01143773552030325,
                0.0048357254709117115,
                0.0019599529914557934,
                0.0010317398264305666,
                0.00044088489084970206
            ],
            "output_layer": 0.006553351413458586
        },
        {
            "hidden_layers": [
                0.011870902962982655,
                0.00464404106605798,
                0.0019850581884384155,
                0.001070327707566321,
                0.000460685263533378
            ],
            "output_layer": 0.006813885178416967
        },
        {
            "hidden_layers": [
                0.014069226570427418,
                0.004635143210180104,
                0.0019300992134958506,
                0.0010198371310252696,
                0.00042980665966751985
            ],