{
    "train_losses": [
        1.4869367587260713,
        1.1372129805067654,
        0.9518179418014994,
        0.8305505804526502,
        0.7391363769514953,
        0.6603353586461808,
        0.5934130439900946,
        0.5439393381107904,
        0.4928290211407204,
        0.4525222747753827,
        0.40742046825396694,
        0.3730252456461263,
        0.3460699662863361,
        0.3148165153726893,
        0.29047598556066173
    ],
    "valid_losses": [
        1.2236648350954058,
        0.975442908704281,
        0.8904399871826172,
        0.8938459530472754,
        0.7248475328087807,
        0.5750137366354465,
        0.5183676458895206,
        0.4748696997761726,
        0.4321438886225224,
        0.45431047528982166,
        0.3768559478223325,
        0.3488073859363794,
        0.3066441703587771,
        0.25267850905656813,
        0.27246516682207583
    ],
    "train_accs": [
        0.46298522079772075,
        0.5920806623931624,
        0.6618812321937318,
        0.7067307692307687,
        0.7377804487179477,
        0.7691639957264954,
        0.7918892450142444,
        0.8091390669515657,
        0.8265001780626771,
        0.8410122863247852,
        0.8592414529914535,
        0.8707710113960118,
        0.8786280270655278,
        0.8908253205128203,
        0.8990162037037033
    ],
    "valid_accs": [
        0.5650390624999999,
        0.6572265625,
        0.6873046875000001,
        0.7003906249999998,
        0.7468750000000001,
        0.8009765625,
        0.8193359375,
        0.8310546874999999,
        0.8492187500000002,
        0.8423828125,
        0.8707031249999998,
        0.88671875,
        0.8951171875,
        0.9160156249999998,
        0.9080078125
    ],
    "test_loss": 0.678302175636533,
    "test_acc": 0.792820411392405
}