{
    "train_losses": [
        1.5057168642000602,
        1.1792143868584926,
        1.043464511548013,
        0.9439012350519842,
        0.871342502937698,
        0.8074114129074613,
        0.7650085762355406,
        0.720021622557925,
        0.674299381821923,
        0.6459793079952229,
        0.6105602512672077,
        0.5791250212579716,
        0.5484092805290489,
        0.5150242925029875,
        0.4915491554811809,
        0.4660283536822706,
        0.44205011618443013,
        0.4213977614868741,
        0.39264765110110983,
        0.36788502857725824,
        0.3474643557754335,
        0.3270487290756657,
        0.31723626155374385,
        0.2913052394264443,
        0.27292001892698436,
        0.2644408200031671,
        0.24321224631746954,
        0.24113345129197825,
        0.22555982009467923,
        0.21553347856230873,
        0.2156151795064622,
        0.20168763112563357,
        0.1993716939689429,
        0.17593991960215793,
        0.18382854440230909,
        0.16651672964379657,
        0.17084555406431184,
        0.16059793512790624,
        0.15848050377944606,
        0.1485899966899995
    ],
    "valid_losses": [
        1.2383864879608157,
        1.0326331824064254,
        1.005581144988537,
        0.8965058311820031,
        0.8275889024138452,
        0.7657621979713441,
        0.7042926758527754,
        0.6198376595973968,
        0.6194102138280869,
        0.5942628510296343,
        0.5612702146172523,
        0.522005620598793,
        0.502580313384533,
        0.5002037122845651,
        0.424058885127306,
        0.4355335712432862,
        0.39458731859922397,
        0.3547134459018706,
        0.3434071891009807,
        0.33950658962130553,
        0.31204944141209123,
        0.29350097402930253,
        0.3130126643925905,
        0.26307502910494796,
        0.2841019947081805,
        0.2269747393205762,
        0.2390097234398127,
        0.23268303181976077,
        0.21814486440271139,
        0.21536349100060764,
        0.21415455639362335,
        0.22953611696138976,
        0.21239930633455506,
        0.20123690208420164,
        0.21646497258916494,
        0.23051935769617565,
        0.19316242793574925,
        0.2273957319557667,
        0.20186807103455068,
        0.1872802367433905
    ],
    "train_accs": [
        0.45368144586894615,
        0.5778579059829055,
        0.6306757478632475,
        0.6640179843304844,
        0.6922409188034186,
        0.7167913105413102,
        0.727653133903133,
        0.7437455484330477,
        0.762264066951566,
        0.7718571937321927,
        0.783253205128204,
        0.7925569800569794,
        0.804732015669515,
        0.8174412393162385,
        0.8245860042735033,
        0.8323539886039877,
        0.8419693732193715,
        0.8494925213675201,
        0.858685007122507,
        0.8693687678062683,
        0.8761796652421657,
        0.882389601139602,
        0.886685363247864,
        0.896545584045584,
        0.9017539173789175,
        0.9037348646723642,
        0.9133947649572645,
        0.9156205484330479,
        0.9192485754985751,
        0.9214075854700844,
        0.922164351851851,
        0.9281739672364661,
        0.9295762108262086,
        0.939035790598289,
        0.934695512820511,
        0.9409499643874634,
        0.9392361111111099,
        0.944622507122507,
        0.9441996082621077,
        0.9470486111111115
    ],
    "valid_accs": [
        0.5589843749999998,
        0.6330078124999998,
        0.6439453125,
        0.6865234375,
        0.7146484375000001,
        0.7318359374999999,
        0.7556640625000002,
        0.77890625,
        0.7916015625,
        0.7933593750000001,
        0.8101562499999999,
        0.8097656249999999,
        0.8216796875000002,
        0.8214843750000002,
        0.8533203125,
        0.8421875000000002,
        0.8634765625,
        0.882421875,
        0.88125,
        0.8822265625,
        0.8933593750000001,
        0.8994140624999998,
        0.8908203125,
        0.9166015625,
        0.9068359375,
        0.9287109375,
        0.9208984375,
        0.9216796874999998,
        0.930859375,
        0.9300781250000001,
        0.9333984375,
        0.9251953125,
        0.9314453125,
        0.9380859374999999,
        0.9349609375000001,
        0.9281250000000001,
        0.9490234375,
        0.9316406249999999,
        0.9408203124999999,
        0.9451171875000002
    ],
    "test_loss": 1.0782993254782278,
    "test_acc": 0.7462420886075949,
    "gradient_flows": [
        {
            "hidden_layers": [
                0.0020841266959905624,
                0.0023586031747981906,
                0.0016200789250433445,
                0.0012661017681239173,
                0.0009487448551226407
            ],
            "output_layer": 0.007878966629505157
        },
        {
            "hidden_layers": [
                0.0021861218847334385,
                0.0023327507078647614,
                0.0015232545119943097,
                0.0012998269230592996,
                0.0007893299771239981
            ],
            "output_layer": 0.006823719944804907
        },
        {
            "hidden_layers": [
                0.002592063043266535,
                0.0023075770877767354,
                0.001575433838297613,
                0.0012603847571881488,
                0.0009256392804672942
            ],
            "output_layer": 0.0075925858691334724
        },
        {
            "hidden_layers": [
                0.003181502688676119,
                0.002717632451094687,
                0.0017228821525350213,
                0.0013783268950646743,
                0.001005929778330028
            ],
            "output_layer": 0.008591617457568645
        },
        {
            "hidden_layers": [
                0.0026897559873759747,
                0.002532382233766839,
                0.0017212945531355217,
                0.00141013105167076,
                0.0008803111340967007
            ],
            "output_layer": 0.007158662658184767
        },
        {
            "hidden_layers": [
                0.002615645295009017,
                0.0021976930438540876,
                0.00159466452896595,
                0.0011442401591921225,
                0.0007168201336753555
            ],
            "output_layer": 0.006499715149402618
        },
        {
            "hidden_layers": [
                0.0024011312052607536,
                0.0023551530321128666,
                0.0015847550530452281,
                0.0013667460007127374,
                0.0008132044749800116
            ],
            "output_layer": 0.007199177052825689
        },
        {
            "hidden_layers": [
                0.0025256185326725245,
                0.0021970968518871814,
                0.0016278760449495167,
                0.0013162776594981551,
                0.0006808610050939023
            ],
            "output_layer": 0.00679009547457099
        },
        {
            "hidden_layers": [
                0.0025168568827211857,
                0.0023695155687164515,
                0.001582835175213404,
                0.0013236966042313725,
                0.0008726623345864937
            ],
            "output_layer": 0.006546730641275644
        },
        {
            "hidden_layers": [
                0.0028368025086820126,
                0.002482754411175847,
                0.0018935755651909858,
                0.0014933890488464385,
                0.0007957509442348965
            ],
            "output_layer": 0.009177408181130886
        },
        {
            "hidden_layers": [
                0.0037845317274332047,
                0.002582034911029041,
                0.0019376171694602817,
                0.0014846814592601731,
                0.0007864712024456821
            ],