{
    "train_losses": [
        1.8900480114157059,
        1.43383163264674,
        1.2860608386178303,
        1.1920076515260245,
        1.12439975167951,
        1.068232050478628,
        1.0155050754547115,
        0.9668810072108212,
        0.9221629298310671,
        0.8920309907011152,
        0.8587785743580245,
        0.8305053398480109,
        0.8016191048499864,
        0.777244037882215,
        0.7605590703140975,
        0.7379288264149617,
        0.7148223719705539,
        0.6892724281702285,
        0.6720804821731702,
        0.6546689349192165,
        0.6299462137568703,
        0.6167671384125352,
        0.6032944619655606,
        0.5786317746523783,
        0.5632651971276327,
        0.5396881707203693,
        0.5278040911057739,
        0.504254931398267,
        0.48986212675727675,
        0.47211888593825874,
        0.4521596191870185,
        0.4360857681501289,
        0.41365633323321643,
        0.3949653353022034,
        0.38125554020078806,
        0.3636031166101113,
        0.3455383425254772,
        0.32620694299369113,
        0.3213281017168294,
        0.30512200363850644
    ],
    "valid_losses": [
        1.6614259213209153,
        1.556747508049011,
        1.315779110789299,
        1.3027317911386491,
        1.2093941807746886,
        1.0459076926112176,
        1.0312338858842849,
        1.1037574648857118,
        1.0807046949863433,
        0.9497173979878425,
        0.9264473855495454,
        0.8862261697649957,
        0.9079747587442398,
        0.862074851989746,
        0.7959562107920646,
        0.7020623698830607,
        0.856950954347849,
        0.8796908915042878,
        0.6990419350564481,
        0.715310835838318,
        0.6340199746191502,
        0.7225272208452223,
        0.565060131251812,
        0.5594688646495344,
        0.6657682292163369,
        0.6101452589035034,
        0.5365136288106441,
        0.47772009968757634,
        0.5248900040984152,
        0.5436599485576155,
        0.4132155925035477,
        0.415515672415495,
        0.3746106032282115,
        0.34111995398998257,
        0.3943778939545155,
        0.3911064505577087,
        0.3263259038329125,
        0.32576680835336447,
        0.3019167855381966,
        0.2778000907972455
    ],
    "train_accs": [
        0.33682781339031337,
        0.4799679487179487,
        0.539173789173789,
        0.5728053774928777,
        0.5966212606837613,
        0.6192129629629632,
        0.6380653490028487,
        0.654157763532763,
        0.6756810897435894,
        0.6848958333333333,
        0.6978498931623923,
        0.7065304487179482,
        0.7146545584045578,
        0.7254050925925919,
        0.7297676282051271,
        0.7366898148148143,
        0.7459713319088315,
        0.7558983262108256,
        0.7622195512820499,
        0.7660701566951568,
        0.7756187678062675,
        0.7800703347578346,
        0.7848335113960114,
        0.7963408119658111,
        0.7981659544159534,
        0.806245548433047,
        0.8119435541310526,
        0.8183092948717938,
        0.822938924501423,
        0.8313301282051275,
        0.8370949074074064,
        0.8427706552706552,
        0.8490696225071215,
        0.8574830840455837,
        0.8626023860398866,
        0.8677662037037038,
        0.8747106481481485,
        0.8834357193732195,
        0.8844818376068379,
        0.8894675925925932
    ],
    "valid_accs": [
        0.4539062500000001,
        0.5257812499999999,
        0.5773437499999999,
        0.5900390624999999,
        0.6105468749999999,
        0.6716796875,
        0.6716796875,
        0.6765625,
        0.6781250000000002,
        0.7095703124999998,
        0.7123046875000002,
        0.7265625000000001,
        0.731640625,
        0.7316406249999998,
        0.748046875,
        0.7746093750000002,
        0.76015625,
        0.7494140625,
        0.7800781250000001,
        0.7810546875000001,
        0.8007812500000003,
        0.7923828124999999,
        0.8232421875000001,
        0.8177734375,
        0.8023437500000001,
        0.8214843750000002,
        0.8316406250000001,
        0.8488281249999999,
        0.8345703125000001,
        0.83515625,
        0.8652343750000003,
        0.8679687499999998,
        0.8839843749999999,
        0.8919921875000001,
        0.890625,
        0.8894531249999997,
        0.9046874999999996,
        0.9054687499999999,
        0.9167968750000004,
        0.9210937499999998
    ],
    "test_loss": 1.188960330395759,
    "test_acc": 0.7633504746835443,
    "gradient_flows": [
        {
            "hidden_layers": [
                0.0007727635093033314,
                0.0008886246805559495,
                9.21090213523712e-05,
                0.00023290792250918457,
                0.0003099951591138961
            ],
            "output_layer": 0.0036167935468256474
        },
        {
            "hidden_layers": [
                0.0006450853543356061,
                0.0009178313721349696,
                0.0001255410461453721,
                0.0001712287212285446,
                0.00025310587807325646
            ],
            "output_layer": 0.004502701573073864
        },
        {
            "hidden_layers": [
                0.0004753926768898964,
                0.0010270790835420485,
                0.00010856358358068974,
                0.00015656184314138955,
                0.0002122530040651327
            ],
            "output_layer": 0.004023156128823757
        },
        {
            "hidden_layers": [
                0.000638361438177526,
                0.001063406620232854,
                0.00011412462617954588,
                0.00011666388309095055,
                0.00016820302607811755
            ],
            "output_layer": 0.003991280682384968
        },
        {
            "hidden_layers": [
                0.0008863145485520363,
                0.001170932203422126,
                0.0001615873252376332,
                0.00016140642946993466,
                0.00018114788872480858
            ],
            "output_layer": 0.004286182578653097
        },
        {
            "hidden_layers": [
                0.0006079792510718107,
                0.0009831213474171818,
                9.226480688084848e-05,
                0.00012233750476298155,
                0.00014546081320077064
            ],
            "output_layer": 0.004368524998426437
        },
        {
            "hidden_layers": [
                0.0005859934608452022,
                0.001087091430235887,
                0.00010493964782654075,
                0.0001236162311215594,
                0.00018535477511250065
            ],
            "output_layer": 0.004754552152007818
        },
        {
            "hidden_layers": [
                0.0005272104172036052,
                0.0009126340842158243,
                9.670816916695912e-05,
                0.00010366277456341777,
                0.00010530044892220758
            ],
            "output_layer": 0.004282613750547171
        },
        {
            "hidden_layers": [
                0.0008956744568422437,
                0.0010973999451380223,
                0.00011060534006901435,
                0.0001230737279911409,
                0.00014001993258716539
            ],
            "output_layer": 0.004200704861432314
        },
        {
            "hidden_layers": [
                0.0008754433947615325,
                0.001150274961219111,
                0.0001188737919619598,
                0.00011849840302602388,
                0.00016059893368947087
            ],
            "output_layer": 0.004424622748047113
        },
        {
            "hidden_layers": [
                0.0006790552288293839,
                0.000911788336452446,
                8.818848664304824e-05,
                0.00010797532513606711,
                0.00011075072075072967
            ],