{
    "train_losses": [
        1.8896756882001882,
        1.4265956966965294,
        1.2774967695573125,
        1.1912433549209878,
        1.128931218402678,
        1.0727599213945223,
        1.029764546458199,
        0.9830682009373636,
        0.9357840831463151,
        0.9038712416279353,
        0.8675871783511938,
        0.8430430474783952,
        0.8152179133858094,
        0.7872607539861624,
        0.7692124111699917
    ],
    "valid_losses": [
        1.6382070004940028,
        1.491591113805771,
        1.287662896513939,
        1.2437739312648772,
        1.1551172167062762,
        1.0824463546276093,
        1.0090444028377534,
        1.1090679183602332,
        1.0696052059531214,
        0.9713269978761673,
        0.9123463153839113,
        0.9634796336293219,
        0.8900008857250211,
        0.8979263365268707,
        0.8028284654021262
    ],
    "train_accs": [
        0.33649394586894554,
        0.48072471509971537,
        0.5390179843304838,
        0.572760861823362,
        0.5949741809116809,
        0.6178329772079763,
        0.6336137820512824,
        0.6507300569800567,
        0.6686253561253558,
        0.6801771723646723,
        0.6931980056980057,
        0.7025685541310536,
        0.7097133190883187,
        0.7238470441595438,
        0.7280982905982901
    ],
    "valid_accs": [
        0.45371093750000013,
        0.5355468749999999,
        0.5759765625000001,
        0.5949218749999999,
        0.61796875,
        0.6562500000000001,
        0.6787109375,
        0.6605468750000001,
        0.669140625,
        0.7095703124999999,
        0.7197265625000001,
        0.717578125,
        0.7189453125000002,
        0.7234375000000001,
        0.7445312499999999
    ],
    "test_loss": 0.9533651667305185,
    "test_acc": 0.7145965189873421
}