{
    "train_losses": [
        1.9253398900018464,
        1.7177839550876883,
        1.6355502225055312,
        1.578544191825084,
        1.5401590165928913,
        1.5001079873142085,
        1.4748924410241278,
        1.4491765434585737,
        1.429959673487563,
        1.4047140728714118,
        1.382777542809815,
        1.3735380111596516,
        1.3506306650971405,
        1.3372406850852852,
        1.3180986333776399,
        1.3057537272445159,
        1.293663976538895,
        1.2796186964396394,
        1.2678231449208703,
        1.256859460107962,
        1.240340589458106,
        1.2330441162457169,
        1.2248899192891558,
        1.2201164059149918,
        1.2024449016633532,
        1.194033171206797,
        1.1829815111268949,
        1.171318931627138,
        1.168655169995082,
        1.1588818417315465,
        1.1464870341143378,
        1.1355995350753474,
        1.1337427547854235,
        1.1214856586904611,
        1.1118937350406273,
        1.1034398965346512,
        1.096088946544887,
        1.09428498564962,
        1.0889858600081204,
        1.0826140249896254
    ],
    "valid_losses": [
        1.7920853644609454,
        1.6543770045042037,
        1.5836685031652447,
        1.5240360647439952,
        1.5008427679538727,
        1.469393587112427,
        1.4611264288425445,
        1.4024115204811094,
        1.3845053791999817,
        1.3640329092741015,
        1.3650912404060362,
        1.3300166159868239,
        1.292924326658249,
        1.276509550213814,
        1.276629301905632,
        1.26799396276474,
        1.2763087391853332,
        1.2287905603647233,
        1.2294887483119963,
        1.227859345078468,
        1.1729863271117213,
        1.1865239411592483,
        1.190128308534622,
        1.1817559584975241,
        1.1684627905488014,
        1.156131578981876,
        1.117180147767067,
        1.1218077912926672,
        1.1328864976763726,
        1.1050993949174879,
        1.0897780016064644,
        1.092736779153347,
        1.0619457498192788,
        1.0598977506160736,
        1.0427992299199105,
        1.0505850046873093,
        1.0447832345962527,
        1.0385154083371164,
        1.0188797533512117,
        1.0082195177674296
    ],
    "train_accs": [
        0.3102297008547005,
        0.38955662393162366,
        0.4181134259259258,
        0.4386128917378915,
        0.4510105056980053,
        0.46585648148148195,
        0.4741809116809118,
        0.48537660256410303,
        0.49323361823361833,
        0.49957710113960097,
        0.5083244301994305,
        0.5116408475783476,
        0.5177840099715101,
        0.5253516737891739,
        0.5311164529914529,
        0.5327635327635328,
        0.5393741096866096,
        0.542334401709402,
        0.5489672364672364,
        0.5515268874643874,
        0.5585381054131052,
        0.561186787749287,
        0.5633235398860401,
        0.5655938390313396,
        0.5719818376068381,
        0.5755653490028492,
        0.5773459757834757,
        0.5809962606837602,
        0.5851362179487177,
        0.5889200498575502,
        0.5927483974358972,
        0.5968883547008546,
        0.5958199786324786,
        0.60238603988604,
        0.6032986111111108,
        0.6073717948717955,
        0.6090411324786322,
        0.6107104700854696,
        0.6115117521367519,
        0.6160523504273501
    ],
    "valid_accs": [
        0.36718750000000006,
        0.42695312499999993,
        0.43925781249999996,
        0.46757812499999996,
        0.47851562500000006,
        0.47890625000000014,
        0.48710937499999996,
        0.5078125,
        0.5201171874999998,
        0.5136718750000001,
        0.5179687500000002,
        0.5269531249999999,
        0.5447265625000001,
        0.552734375,
        0.544921875,
        0.55234375,
        0.5501953125000001,
        0.5664062499999999,
        0.5611328125,
        0.5537109375,
        0.5876953125,
        0.5845703125000001,
        0.5796875,
        0.5841796874999999,
        0.5839843749999998,
        0.5904296875,
        0.6126953125000001,
        0.6054687499999999,
        0.591015625,
        0.6154296875000002,
        0.617578125,
        0.6187499999999999,
        0.6271484374999999,
        0.6273437500000001,
        0.6318359375,
        0.6402343750000001,
        0.6304687500000002,
        0.6355468750000001,
        0.6330078124999999,
        0.6455078124999999
    ],
    "test_loss": 1.3103656753709043,
    "test_acc": 0.5420292721518989,
    "gradient_flows": [
        {
            "hidden_layers": [
                4.453388100955635e-05,
                7.862568600103259e-05,
                0.00033016325323842466,
                0.0009861148428171873
            ],
            "output_layer": 0.006380948703736067
        },
        {
            "hidden_layers": [
                6.30345894023776e-05,
                0.00011243265907978639,
                0.0004276609979569912,
                0.001372668775729835
            ],
            "output_layer": 0.009345038793981075
        },
        {
            "hidden_layers": [
                6.730719178449363e-05,
                0.00015677319606766105,
                0.0006658066995441914,
                0.0015229703858494759
            ],
            "output_layer": 0.009324602782726288
        },
        {
            "hidden_layers": [
                7.31710169930011e-05,
                0.00018708023708313704,
                0.0008572570513933897,
                0.002198208123445511
            ],
            "output_layer": 0.013755452819168568
        },
        {
            "hidden_layers": [
                7.489744893973693e-05,
                0.00018728070426732302,
                0.0008542202413082123,
                0.0017842025263234973
            ],
            "output_layer": 0.010593406856060028
        },
        {
            "hidden_layers": [
                7.820826431270689e-05,
                0.00022175580670591444,
                0.0009672014275565743,
                0.0016283489530906081
            ],
            "output_layer": 0.010069298557937145
        },
        {
            "hidden_layers": [
                8.584062743466347e-05,
                0.00021908371127210557,
                0.0007094340398907661,
                0.0011601948644965887
            ],
            "output_layer": 0.007142969872802496
        },
        {
            "hidden_layers": [
                8.704911306267604e-05,
                0.00024071783991530538,
                0.0008686564397066832,
                0.0019768020138144493
            ],
            "output_layer": 0.013766634277999401
        },
        {
            "hidden_layers": [
                9.185896487906575e-05,
                0.00025957365869544446,
                0.0009197684121318161,
                0.0018802322447299957
            ],
            "output_layer": 0.011193796060979366
        },
        {
            "hidden_layers": [
                8.443469414487481e-05,
                0.00024235692399088293,
                0.0008950192714110017,
                0.001438839826732874
            ],
            "output_layer": 0.006502851378172636
        },
        {
            "hidden_layers": [
                0.00010739167919382453,
                0.00031561884679831564,
                0.0012262139935046434,
                0.002144998637959361
            ],
            "output_layer": 0.011389545165002346
        },
        {
            "hidden_layers": [
                8.397423516726121e-05,
                0.0002687287633307278,
                0.0010213230270892382,
                0.0018273059977218509
            ],