{
    "train_losses": [
        1.9253398900018464,
        1.7177839550876883,
        1.6355502225055312,
        1.578544191825084,
        1.5401590165928913,
        1.5001079873142085,
        1.4748924410241278,
        1.4491765434585737,
        1.429959673487563,
        1.4047140728714118,
        1.382777542809815,
        1.3735380111596516,
        1.3506306650971405,
        1.3372406850852852,
        1.3180986333776399
    ],
    "valid_losses": [
        1.7920853644609454,
        1.6543770045042037,
        1.5836685031652447,
        1.5240360647439952,
        1.5008427679538727,
        1.469393587112427,
        1.4611264288425445,
        1.4024115204811094,
        1.3845053791999817,
        1.3640329092741015,
        1.3650912404060362,
        1.3300166159868239,
        1.292924326658249,
        1.276509550213814,
        1.276629301905632
    ],
    "train_accs": [
        0.3102297008547005,
        0.38955662393162366,
        0.4181134259259258,
        0.4386128917378915,
        0.4510105056980053,
        0.46585648148148195,
        0.4741809116809118,
        0.48537660256410303,
        0.49323361823361833,
        0.49957710113960097,
        0.5083244301994305,
        0.5116408475783476,
        0.5177840099715101,
        0.5253516737891739,
        0.5311164529914529
    ],
    "valid_accs": [
        0.36718750000000006,
        0.42695312499999993,
        0.43925781249999996,
        0.46757812499999996,
        0.47851562500000006,
        0.47890625000000014,
        0.48710937499999996,
        0.5078125,
        0.5201171874999998,
        0.5136718750000001,
        0.5179687500000002,
        0.5269531249999999,
        0.5447265625000001,
        0.552734375,
        0.544921875
    ],
    "test_loss": 1.372114149830009,
    "test_acc": 0.5199762658227851
}