{
    "train_losses": [
        1.6339866860300054,
        1.3393945612459115,
        1.2223859162751771,
        1.1505056714739905,
        1.0833354040428447,
        1.037719222724947,
        0.9952380439834377,
        0.9635288988762775,
        0.9371987250116143,
        0.9027537645777405,
        0.8858656093605562,
        0.8628595172509853,
        0.8496721453136866,
        0.8323503910985769,
        0.8072684624595857
    ],
    "valid_losses": [
        1.4585652649402618,
        1.3905507773160932,
        1.2200060129165646,
        1.1333111360669135,
        1.055911561846733,
        0.9546252861618996,
        1.0094090983271597,
        0.941521807014942,
        0.9242187961935998,
        0.9184636861085891,
        0.8975007504224778,
        0.8437893763184546,
        0.8240048006176949,
        0.8070115491747858,
        0.85608621686697
    ],
    "train_accs": [
        0.402599715099715,
        0.5171162749287751,
        0.5621216168091172,
        0.5903445512820508,
        0.6128694800569796,
        0.634904736467236,
        0.6497952279202275,
        0.6601228632478628,
        0.6699163105413098,
        0.6812010327635324,
        0.687099358974359,
        0.6991853632478623,
        0.6995637464387456,
        0.7059740028490019,
        0.7163016381766373
    ],
    "valid_accs": [
        0.4794921874999999,
        0.5375,
        0.5923828124999999,
        0.6187499999999999,
        0.640625,
        0.6757812499999999,
        0.6683593750000001,
        0.6900390625,
        0.697265625,
        0.6998046875,
        0.7041015625000001,
        0.7234375000000001,
        0.733203125,
        0.7367187500000003,
        0.7212890624999998
    ],
    "test_loss": 0.9577426533155804,
    "test_acc": 0.6923457278481011
}