{
    "train_losses": [
        1.6339866829733567,
        1.339394566000697,
        1.222385913897783,
        1.150505666379576,
        1.0833353982691751,
        1.0377192166116518,
        0.9952380370210715,
        0.9635288890270762,
        0.9371987253512414,
        0.9027537577851885,
        0.8858656073227916,
        0.8628595099489917,
        0.8496721349550447,
        0.8323503870230456,
        0.8072684497235509,
        0.7970909418543526,
        0.7817578181581963,
        0.769269112677995,
        0.759044263607417,
        0.7436779640678665,
        0.7256541815918056,
        0.7161240838361937,
        0.7091652415586678,
        0.699188767674982,
        0.6863154649225053,
        0.6736306375757586,
        0.6676443189467466,
        0.6520889364076811,
        0.6453814020014215,
        0.6327569623108941,
        0.6282855954944581,
        0.6153617642204309,
        0.6099830681612016,
        0.6020792721003884,
        0.5890026248758,
        0.5798459314552807,
        0.5733821701969523,
        0.5656809636160861,
        0.5592535725685948,
        0.543578398363542
    ],
    "valid_losses": [
        1.4585652261972428,
        1.3905507177114491,
        1.2200060129165649,
        1.133311153948307,
        1.055911612510681,
        0.9546253472566606,
        1.0094090729951857,
        0.9415217116475105,
        0.9242188334465029,
        0.9184636801481249,
        0.8975008264183998,
        0.8437894046306609,
        0.8240047201514243,
        0.8070115372538567,
        0.8560861229896546,
        0.7697016805410385,
        0.7634505733847617,
        0.7489149764180186,
        0.6934862077236176,
        0.7157683581113815,
        0.6932297885417938,
        0.6816451758146287,
        0.6780056998133658,
        0.6748651713132859,
        0.6731476105749605,
        0.622771691530943,
        0.6699110858142375,
        0.6210429310798645,
        0.6424345985054969,
        0.6788373284041883,
        0.5698066122829915,
        0.6255999296903609,
        0.6041546031832694,
        0.5834836423397066,
        0.5783088520169258,
        0.5029046066105367,
        0.5951080985367297,
        0.49111843183636666,
        0.4866551049053669,
        0.4786496691405773
    ],
    "train_accs": [
        0.402599715099715,
        0.5171162749287751,
        0.5621216168091172,
        0.5903445512820508,
        0.6128694800569796,
        0.634904736467236,
        0.6497952279202275,
        0.6601228632478628,
        0.6699385683760677,
        0.6812010327635324,
        0.687099358974359,
        0.6991853632478623,
        0.6995637464387456,
        0.7059740028490019,
        0.7163016381766373,
        0.7201745014245008,
        0.721999643874643,
        0.7290331196581195,
        0.7310585826210817,
        0.7364672364672357,
        0.7420539529914522,
        0.7453481125356122,
        0.7507345085470079,
        0.7537393162393149,
        0.757946047008546,
        0.7613069800569797,
        0.7642227564102558,
        0.7678730413105415,
        0.7707220441595436,
        0.7745058760683755,
        0.777021011396011,
        0.7825632122507112,
        0.782029024216524,
        0.7852786680911672,
        0.7913995726495717,
        0.7945156695156688,
        0.7976095085470081,
        0.7997240028490018,
        0.7996349715099703,
        0.8066016737891729
    ],
    "valid_accs": [
        0.4794921874999999,
        0.5375,
        0.5923828124999999,
        0.6187499999999999,
        0.640625,
        0.6757812499999999,
        0.6683593750000001,
        0.6902343750000001,
        0.697265625,
        0.6998046875,
        0.7041015625000001,
        0.7234375000000001,
        0.733203125,
        0.7367187500000003,
        0.7212890624999998,
        0.7451171875000002,
        0.7435546875000002,
        0.7482421874999999,
        0.7701171875,
        0.7632812499999999,
        0.7742187500000003,
        0.7763671875,
        0.7755859375,
        0.7783203124999999,
        0.7888671875,
        0.7951171874999999,
        0.7808593749999998,
        0.7947265625000002,
        0.7878906250000003,
        0.7828124999999999,
        0.8109375000000001,
        0.7955078125000001,
        0.803515625,
        0.8123046875000003,
        0.8111328125000001,
        0.8298828125,
        0.8001953125000002,
        0.8374999999999999,
        0.8425781250000001,
        0.8363281250000001
    ],
    "test_loss": 0.7968206884740278,
    "test_acc": 0.7594936708860762,
    "gradient_flows": [
        {
            "hidden_layers": [
                0.002309364266693592,
                0.0015134701825445518,
                0.0007999446825124323
            ],
            "output_layer": 0.005622523371130228
        },
        {
            "hidden_layers": [
                0.0025422500912100077,
                0.002042629916104488,
                0.0008017738946364261
            ],
            "output_layer": 0.00624037953093648
        },
        {
            "hidden_layers": [
                0.0027634650468826294,
                0.0020737201266456395,
                0.0008095415396383032
            ],
            "output_layer": 0.007672454696148634
        },
        {
            "hidden_layers": [
                0.0023980122059583664,
                0.002287939714733511,
                0.0008343567278643604
            ],
            "output_layer": 0.006800660397857428
        },
        {
            "hidden_layers": [
                0.002569880336523056,
                0.002052276708127465,
                0.0007629000247106887
            ],
            "output_layer": 0.0070991734974086285
        },
        {
            "hidden_layers": [
                0.0028078469913452864,
                0.001940330461366102,
                0.0007565021878690459
            ],
            "output_layer": 0.006411823909729719
        },
        {
            "hidden_layers": [
                0.003066243138164282,
                0.0019864670612150803,
                0.0007084346143528819
            ],
            "output_layer": 0.00664071599021554
        },
        {
            "hidden_layers": [
                0.0024928131606429815,
                0.0017734370558173396,
                0.0006322403678495903
            ],
            "output_layer": 0.0052701854147017
        },
        {
            "hidden_layers": [
                0.002219410613179207,
                0.0017391798610333353,
                0.0006217348418431357
            ],
            "output_layer": 0.00519394688308239
        },
        {
            "hidden_layers": [
                0.0035968124866485596,
                0.0018142473927582614,
                0.0007465118214895483
            ],
            "output_layer": 0.0067871673963963985
        },
        {
            "hidden_layers": [
                0.0029660030268132687,
                0.001922776034916751,
                0.0007614312926307321
            ],
            "output_layer": 0.005901101510971785
        },
        {
            "hidden_layers": [
                0.002992624416947365,
                0.0019355330150574446,
                0.0007598171723657288
            ],
            "output_layer": 0.005513946060091257
        },
        {
            "hidden_layers": [
                0.0044362107291817665,
                0.002024095374508761,
                0.0007680325616092887
            ],
            "output_layer": 0.007092480547726154
        },
        {
            "hidden_layers": [
                0.004262632690370083,
                0.0019812226382782683,
                0.0007732298836344853
            ],
            "output_layer": 0.0066348775289952755
        },
        {
            "hidden_layers": [
                0.0042135873809456825,
                0.002152367203962058,
                0.0007900946402514819
            ],