{
    "train_losses": [
        1.7351634889586365,
        1.4029469948548536,
        1.2677874093042136,
        1.1792036600601978,
        1.1202045899850355,
        1.0679030218015717,
        1.0171406666437788,
        0.9824367055186517,
        0.9525553468625434,
        0.926082382514606,
        0.8957219769132783,
        0.8785930185915731,
        0.8647460034090572,
        0.8402792495540065,
        0.8202328318544271,
        0.8110805451020897,
        0.7984909513737064,
        0.7777081006272903,
        0.7678105506801878,
        0.7472342257825733,
        0.7480604032165974,
        0.7326501641857657,
        0.7227529670268378,
        0.7099056279557383,
        0.7020765534493316,
        0.6855746938971713,
        0.6816907068263428,
        0.6748868992865255,
        0.6652130183161497,
        0.656482879167948
    ],
    "valid_losses": [
        1.7444642603397373,
        1.5177797079086304,
        1.4123369693756107,
        1.2496809124946595,
        1.2169644623994829,
        1.1661108344793323,
        1.1944487556815147,
        1.14469860047102,
        1.026316611468792,
        0.9426580041646959,
        0.9534320756793022,
        0.9130015760660171,
        0.9080136835575104,
        0.8426076143980028,
        0.8048413440585137,
        0.8145218715071678,
        0.7422329738736153,
        0.8313682943582533,
        0.7238026082515718,
        0.7426511414349077,
        0.7348356649279597,
        0.7595665022730828,
        0.6549699857831003,
        0.6659588731825351,
        0.6999728970229626,
        0.6352216109633446,
        0.6488453149795533,
        0.5968182496726513,
        0.6265215121209622,
        0.6841488711535928
    ],
    "train_accs": [
        0.3542556980056978,
        0.49011752136752124,
        0.5428685897435894,
        0.5774572649572647,
        0.6008502492877491,
        0.6199474715099712,
        0.6373530982905978,
        0.64977297008547,
        0.661680911680911,
        0.6719417735042735,
        0.6813790954415956,
        0.6882790242165246,
        0.693554131054131,
        0.7021011396011391,
        0.7081552706552698,
        0.714053596866096,
        0.7151442307692315,
        0.7258057336182333,
        0.7274528133903131,
        0.7347978988603983,
        0.735243055555555,
        0.7395165598290587,
        0.743189102564102,
        0.7465500356125354,
        0.7514022435897431,
        0.7575008903133901,
        0.7551415598290597,
        0.760839565527065,
        0.762130519943019,
        0.7685407763532754
    ],
    "valid_accs": [
        0.4236328124999999,
        0.48749999999999993,
        0.5412109374999999,
        0.5939453125,
        0.607421875,
        0.6298828125,
        0.6355468749999998,
        0.6474609374999999,
        0.6751953124999998,
        0.7017578124999999,
        0.6943359375,
        0.7076171875,
        0.7095703125000001,
        0.7322265625,
        0.7462890625000003,
        0.7427734374999999,
        0.7580078124999999,
        0.7378906249999999,
        0.7593750000000001,
        0.7615234375000001,
        0.7654296875,
        0.7562499999999999,
        0.779296875,
        0.78125,
        0.7777343750000001,
        0.7964843749999999,
        0.7910156250000003,
        0.8037109374999998,
        0.7914062500000002,
        0.7792968749999999
    ],
    "test_loss": 0.89723107105569,
    "test_acc": 0.7378362341772149,
    "gradient_flows": [
        {
            "hidden_layers": [
                0.002625558525323868,
                0.0014769942426937632,
                0.000460109888081206,
                0.00034760095877572894,
                0.0003441445187490899
            ],
            "output_layer": 0.006333791650831699
        },
        {
            "hidden_layers": [
                0.0028639945667237043,
                0.0021158234012546018,
                0.0006879419634060469,
                0.000447230431745993,
                0.00034874949051300064
            ],
            "output_layer": 0.008510119281709194
        },
        {
            "hidden_layers": [
                0.003257553558796644,
                0.0017739711838657968,
                0.0004655870252463501,
                0.0003087972872890532,
                0.0002661935468495358
            ],
            "output_layer": 0.007380872964859009
        },
        {
            "hidden_layers": [
                0.0021860087290406227,
                0.0017553156721987762,
                0.0004947775887558237,
                0.00034969627449754626,
                0.0002728457584453281
            ],
            "output_layer": 0.00549300154671073
        },
        {
            "hidden_layers": [
                0.002358542988076806,
                0.0015581430416204967,
                0.0004714809801953379,
                0.0003082449948124122,
                0.00023314202189794742
            ],
            "output_layer": 0.005983100738376379
        },
        {
            "hidden_layers": [
                0.0040640681982040405,
                0.002004101137572434,
                0.0006057646787667181,
                0.0003903800006810343,
                0.00034214484549011104
            ],
            "output_layer": 0.007113230414688587
        },
        {
            "hidden_layers": [
                0.0037436792626976967,
                0.0017939042154466733,
                0.0005486399168148637,
                0.0003461580054135993,
                0.0002740443596849218
            ],
            "output_layer": 0.006056241225451231
        },
        {
            "hidden_layers": [
                0.002810732228681445,
                0.0016440768231404945,
                0.0004970324116584379,
                0.000347500856150873,
                0.0002507220197003335
            ],
            "output_layer": 0.006099901162087917
        },
        {
            "hidden_layers": [
                0.0031816966366022825,
                0.0017838820349425077,
                0.0005363709096855018,
                0.00035726159694604576,
                0.0002933250871137716
            ],
            "output_layer": 0.005965093616396189
        },
        {
            "hidden_layers": [
                0.0026960489340126514,
                0.0017602367079234682,
                0.0005893316592846531,
                0.00037081505251990166,
                0.0003111494552285876
            ],
            "output_layer": 0.005855298135429621
        },
        {
            "hidden_layers": [
                0.0027673139702528715,
                0.0018261756777064875,
                0.0005685381838702597,
                0.0003598757721192669,
                0.000270859498414211
            ],
            "output_layer": 0.005857841577380896
        },
        {
            "hidden_layers": [
                0.0031016278080642223,
                0.0017995832167798653,
                0.0006048609138815664,
                0.00040292561061505694,
                0.0002797310189635027
            ],
            "output_layer": 0.0069478475488722324
        },
        {
            "hidden_layers": [
                0.003577501978725195,
                0.001796720091078896,
                0.0005679327841789927,
                0.00035727902832149994,
                0.0002925919179688208
            ],
            "output_layer": 0.006534956395626068
        },
        {
            "hidden_layers": [
                0.0030291860457509756,
                0.001507015636889264,
                0.0005022673358325846,
                0.0003333872682560468,
                0.0002342119096283568
            ],