{
    "train_losses": [
        2.6054095542668607,
        2.3138761201135796,
        2.2329037624206975,
        2.186594984130642,
        2.1531616765209747,
        2.120471423168128,
        2.094045194125922,
        2.067992763301924,
        2.040922566696448,
        2.019788505684616,
        1.9977910209585124,
        1.9775461464525954,
        1.9594359268829686,
        1.9404456313179408,
        1.9247519429932278,
        1.9080769798354877,
        1.897845510403995,
        1.8802493002339997,
        1.8682051571006448,
        1.8556671505979663,
        1.841910195486499,
        1.8284860689755527,
        1.8182475570260288,
        1.8099111237077632,
        1.7974411840112798,
        1.784821092233359,
        1.777993664103016,
        1.7661807336698578,
        1.7612553505476392,
        1.7502857504407223,
        1.7419497640723856,
        1.7339559837623877,
        1.7246103042211278,
        1.7159703212585882,
        1.7091432419257968,
        1.7001120918496722,
        1.697361612931276,
        1.6890117228880233,
        1.6789608721719513,
        1.6746204575242492
    ],
    "valid_losses": [
        2.399163860082626,
        2.262981086969376,
        2.205447256565094,
        2.168149328231812,
        2.133906668424606,
        2.1096111118793495,
        2.083504638075829,
        2.0647596478462216,
        2.0370434671640396,
        2.018168050050736,
        1.997406804561615,
        1.9835178494453425,
        1.9648587107658384,
        1.9508925378322606,
        1.936011302471161,
        1.9175883620977405,
        1.9078793138265613,
        1.8938946336507794,
        1.8797047108411786,
        1.8654536843299867,
        1.856376051902771,
        1.8458350509405133,
        1.832109427452087,
        1.8245052635669712,
        1.808412227034569,
        1.7976294070482253,
        1.7919275462627406,
        1.7838340520858762,
        1.7715229660272596,
        1.7626076668500898,
        1.7544797062873843,
        1.7411448895931245,
        1.7352131038904188,
        1.727411344647407,
        1.7191756576299666,
        1.714923098683358,
        1.7073549687862397,
        1.6926185548305508,
        1.689931753277779,
        1.6838927924633025
    ],
    "train_accs": [
        0.10463408119658095,
        0.14968393874643848,
        0.17619301994301959,
        0.19495637464387422,
        0.21093749999999958,
        0.22344640313390288,
        0.23530982905982853,
        0.24321136039886013,
        0.2538951210826205,
        0.2640001780626778,
        0.2684072293447292,
        0.2792245370370367,
        0.2858351139601137,
        0.29335826210826194,
        0.299434650997151,
        0.3026175213675211,
        0.3069577991452992,
        0.3145922364672364,
        0.3152599715099713,
        0.32187054843304813,
        0.32512019230769196,
        0.32937143874643854,
        0.33526976495726474,
        0.3366497507122506,
        0.341012286324786,
        0.3471331908831906,
        0.3476896367521363,
        0.353521189458689,
        0.3527866809116804,
        0.3593304843304841,
        0.36262464387464327,
        0.36269141737891714,
        0.36654202279202247,
        0.36861200142450096,
        0.3735977564102561,
        0.377136752136752,
        0.37807158119658124,
        0.3812099358974357,
        0.3823450854700849,
        0.38301282051282015
    ],
    "valid_accs": [
        0.132421875,
        0.16835937500000003,
        0.19003906250000005,
        0.2080078125,
        0.22617187499999997,
        0.23417968749999998,
        0.24375,
        0.2451171875,
        0.26308593750000003,
        0.27265625,
        0.2738281250000001,
        0.2810546875,
        0.2876953125000001,
        0.2939453125,
        0.2939453125,
        0.30019531250000003,
        0.3021484375000001,
        0.3078125,
        0.31074218750000004,
        0.3177734375000001,
        0.3230468749999999,
        0.32714843750000006,
        0.33007812500000006,
        0.33476562499999996,
        0.33906250000000004,
        0.3451171874999999,
        0.3458984375,
        0.34570312499999994,
        0.35175781250000004,
        0.3531250000000001,
        0.3587890625,
        0.36269531250000003,
        0.3636718749999999,
        0.36953125,
        0.36953125,
        0.37109375,
        0.37421874999999993,
        0.38125000000000003,
        0.38281249999999994,
        0.38339843750000013
    ],
    "test_loss": 1.6731877674030353,
    "test_acc": 0.38301028481012667,
    "gradient_flows": [
        {
            "hidden_layers": [
                0.021018797531723976,
                0.008873388287611306,
                0.0033654512371867895,
                0.0015473527600988746,
                0.0007642162090633065
            ],
            "output_layer": 0.031502727419137955
        },
        {
            "hidden_layers": [
                0.020482394844293594,
                0.00871540093794465,
                0.0033956144470721483,
                0.001541819772683084,
                0.0007558601355412975
            ],
            "output_layer": 0.013177844695746899
        },
        {
            "hidden_layers": [
                0.01760753244161606,
                0.008968450129032135,
                0.0034187494311481714,
                0.0015591848641633987,
                0.0007588879234390333
            ],
            "output_layer": 0.026593534275889397
        },
        {
            "hidden_layers": [
                0.018038857728242874,
                0.008876528241671622,
                0.003375352651346475,
                0.0015436398389283568,
                0.0007423941278830171
            ],
            "output_layer": 0.01994672790169716
        },
        {
            "hidden_layers": [
                0.018278740346431732,
                0.008317781263031065,
                0.0032753287814557552,
                0.0014881842071190476,
                0.0007032153662294149
            ],
            "output_layer": 0.013567854650318623
        },
        {
            "hidden_layers": [
                0.014438469894230366,
                0.008234192966483533,
                0.003222323430236429,
                0.0014864169352222234,
                0.0007409868558170274
            ],
            "output_layer": 0.023311590775847435
        },
        {
            "hidden_layers": [
                0.01665971241891384,
                0.00815200840588659,
                0.0032136478112079203,
                0.0014837620838079602,
                0.0007192508492153138
            ],
            "output_layer": 0.013256493024528027
        },
        {
            "hidden_layers": [
                0.015942389145493507,
                0.007960135000757873,
                0.0031199828954413533,
                0.0014561044808942825,
                0.0007078725757310167
            ],
            "output_layer": 0.023622741922736168
        },
        {
            "hidden_layers": [
                0.019180774688720703,
                0.008691144525073469,
                0.0031996319303289056,
                0.0014624620671384037,
                0.0006987472443142906
            ],
            "output_layer": 0.014966784976422787
        },
        {
            "hidden_layers": [
                0.01765802875161171,
                0.008146375184878707,
                0.0032044179970398545,
                0.0014824565732851624,
                0.0007176052604336292
            ],
            "output_layer": 0.01571311429142952
        },
        {
            "hidden_layers": [
                0.017262833192944527,
                0.008449299377389252,
                0.003214178024791181,
                0.001513080787844956,
                0.0007311156805371866
            ],