{
    "train_losses": [
        2.6054233805066844,
        2.3138582944190733,
        2.2329123454895465,
        2.1865851654965636,
        2.1531091694139017,
        2.12040897651955,
        2.0939373677951996,
        2.067923691198018,
        2.0407803313344983,
        2.019852076500569,
        1.997893237660076,
        1.9776059640438812,
        1.9594726915712701,
        1.9404805864703611,
        1.9248249693813493
    ],
    "valid_losses": [
        2.39927384853363,
        2.2630669295787813,
        2.2054624795913695,
        2.1682760000228885,
        2.1339708447456354,
        2.1095678716897965,
        2.083491313457489,
        2.0646919876337058,
        2.036792895197868,
        2.0180366516113284,
        1.9972391068935391,
        1.9833825796842577,
        1.9648959904909136,
        1.9508226752281188,
        1.9359213739633556
    ],
    "train_accs": [
        0.10472311253561228,
        0.14957264957264932,
        0.17592592592592543,
        0.1948896011396007,
        0.21049234330484304,
        0.22360220797720767,
        0.23530982905982867,
        0.24323361823361778,
        0.2538728632478629,
        0.26413372507122473,
        0.26818465099715094,
        0.2787348646723645,
        0.2861912393162391,
        0.29309116809116764,
        0.29921207264957256
    ],
    "valid_accs": [
        0.13183593749999997,
        0.16816406250000002,
        0.189453125,
        0.20800781250000003,
        0.22695312499999992,
        0.23359374999999996,
        0.2447265625,
        0.2447265625,
        0.26250000000000007,
        0.2691406250000001,
        0.2738281249999999,
        0.2787109375,
        0.28691406250000007,
        0.2921875,
        0.29453125000000013
    ],
    "test_loss": 1.9187532482267933,
    "test_acc": 0.3003362341772151
}