{
    "train_losses": [
        1.6295469017789583,
        1.2378651448804092,
        1.0900754751982513,
        1.0081895650961463,
        0.9422894534562044,
        0.8913420724053664,
        0.8409304944877943,
        0.7988724117605102,
        0.7649855905788238,
        0.7288196195564381,
        0.6977808921255615,
        0.6583983300418258,
        0.6301655104527109,
        0.6023597131427539,
        0.5615211482401247
    ],
    "valid_losses": [
        1.3456105798482891,
        1.1688484832644463,
        1.0793926566839216,
        0.9697367042303086,
        0.8854023650288582,
        0.8500146791338918,
        0.7783906325697898,
        0.7371797531843186,
        0.8172796204686165,
        0.7157142177224161,
        0.6214016422629357,
        0.6256713874638081,
        0.5690709829330445,
        0.5780389815568923,
        0.519488025456667
    ],
    "train_accs": [
        0.42160790598290576,
        0.5566907051282052,
        0.6124688390313391,
        0.6420940170940171,
        0.6656205484330489,
        0.6836939102564094,
        0.7027021011396009,
        0.7195735398860392,
        0.7286102207977199,
        0.743389423076922,
        0.7546296296296289,
        0.7654246794871785,
        0.7777332621082613,
        0.7868367165242159,
        0.803307514245013
    ],
    "valid_accs": [
        0.5142578125000001,
        0.5814453124999999,
        0.6208984375,
        0.6626953124999999,
        0.6927734375000001,
        0.7050781250000002,
        0.7371093749999998,
        0.7482421875,
        0.7152343750000001,
        0.752734375,
        0.7855468749999998,
        0.782421875,
        0.8046874999999998,
        0.7999999999999999,
        0.8263671875000003
    ],
    "test_loss": 0.7400562710399872,
    "test_acc": 0.7406052215189877
}