{
    "train_losses": [
        1.6295469017789566,
        1.2378651404652496,
        1.0900754898022396,
        1.0081896593428064,
        0.9422998132868715,
        0.8915389764342895,
        0.8408457667399674,
        0.7989890288423603,
        0.7660370171919169,
        0.72846667888837,
        0.6978176220869405,
        0.6595264063601474,
        0.6305221706374083,
        0.6028633427585967,
        0.5631729715060644,
        0.5295723085729489,
        0.5045744802197839,
        0.47285275590046183,
        0.4338617906865909,
        0.4083691320018546,
        0.3715939240323174,
        0.33688179257079076,
        0.3160287831243963,
        0.2823236306593291,
        0.2542922760431581,
        0.23863560235143713,
        0.21488236820595882,
        0.2021788878955393,
        0.18372002345883948,
        0.17355484165187565,
        0.15970196523982236,
        0.1482156383303495,
        0.1444540997898138,
        0.12885879457761085,
        0.127321361752487,
        0.11701539038890106,
        0.11278585259115423,
        0.11023467603508397,
        0.11069007063459622,
        0.10064798099999758
    ],
    "valid_losses": [
        1.3456106275320054,
        1.1688484758138655,
        1.0793915584683418,
        0.9697355881333353,
        0.8863127022981644,
        0.8466192916035652,
        0.7792674988508226,
        0.7400852695107462,
        0.8218429207801817,
        0.7194849908351898,
        0.6191504381597042,
        0.6273560285568237,
        0.572989097237587,
        0.5690886534750462,
        0.5234841868281365,
        0.4930420719087123,
        0.48345766663551326,
        0.4394590385258198,
        0.3961324334144591,
        0.4165352523326874,
        0.3861154772341251,
        0.29930940084159385,
        0.3333029173314571,
        0.26849704775959254,
        0.26040528379380706,
        0.26586374863982204,
        0.23065315303392708,
        0.2332717282697559,
        0.21079374193213876,
        0.23358767963945865,
        0.18063333183526992,
        0.16201671687886116,
        0.18570117428898816,
        0.18828046638518575,
        0.17698503159917894,
        0.1735209005011711,
        0.18208456602878867,
        0.19293301553261702,
        0.16406514008995146,
        0.19431639052927493
    ],
    "train_accs": [
        0.42160790598290576,
        0.5566907051282052,
        0.6124688390313391,
        0.6420940170940171,
        0.6656205484330489,
        0.6837384259259254,
        0.7027688746438745,
        0.7183938746438735,
        0.7269631410256403,
        0.7434561965811958,
        0.7549634971509961,
        0.7661814458689451,
        0.7780003561253549,
        0.785657051282051,
        0.8013488247863242,
        0.8135238603988596,
        0.819310897435896,
        0.831263354700854,
        0.8468215811965802,
        0.8540553774928766,
        0.8679665242165246,
        0.8801193019943029,
        0.8870860042735051,
        0.9005297364672362,
        0.9093438390313385,
        0.9140847578347566,
        0.9242565883190874,
        0.9289084757834746,
        0.9345397079772065,
        0.9392138532763521,
        0.9438657407407406,
        0.9483618233618242,
        0.9489850427350435,
        0.954927884615387,
        0.9559294871794889,
        0.95817752849003,
        0.9610710470085496,
        0.9616497507122537,
        0.9615162037037073,
        0.9641426282051315
    ],
    "valid_accs": [
        0.5142578125000001,
        0.5814453124999999,
        0.6208984375,
        0.6626953124999999,
        0.6921875000000001,
        0.7093750000000002,
        0.7349609374999999,
        0.7441406249999997,
        0.7150390625,
        0.7490234374999998,
        0.7888671875,
        0.7812500000000001,
        0.8005859375000003,
        0.8021484374999999,
        0.8222656249999999,
        0.8279296874999998,
        0.8296875000000001,
        0.8439453125,
        0.8615234374999999,
        0.8564453124999998,
        0.8597656250000002,
        0.9039062500000001,
        0.8857421875,
        0.9160156249999999,
        0.91484375,
        0.9152343749999998,
        0.9257812499999998,
        0.9210937499999997,
        0.9320312500000001,
        0.9302734375,
        0.9460937500000002,
        0.9548828125,
        0.9453125,
        0.9490234375000002,
        0.9509765625000001,
        0.9546875000000002,
        0.948828125,
        0.943359375,
        0.9568359375000001,
        0.9470703125
    ],
    "test_loss": 1.1158406726921664,
    "test_acc": 0.7461431962025317,
    "gradient_flows": [
        {
            "hidden_layers": [
                0.0007492114091292024,
                0.0012246268015587702,
                0.0006148675402073422
            ],
            "output_layer": 0.003677746281027794
        },
        {
            "hidden_layers": [
                0.0013658467214554548,
                0.001208320365549298,
                0.0006701958664052654
            ],
            "output_layer": 0.005111330188810825
        },
        {
            "hidden_layers": [
                0.0011543937725946307,
                0.001328259975707624,
                0.000618668655079091
            ],
            "output_layer": 0.00554643664509058
        },
        {
            "hidden_layers": [
                0.0016055324813351035,
                0.0015482444141525775,
                0.0006382225474226288
            ],
            "output_layer": 0.0056159659288823605
        },
        {
            "hidden_layers": [
                0.0017577381804585457,
                0.0016164530170499347,
                0.0008192018594854744
            ],
            "output_layer": 0.005461478140205145
        },
        {
            "hidden_layers": [
                0.0011511584743857384,
                0.0013543331951950677,
                0.0005225472341408022
            ],
            "output_layer": 0.004618403967469931
        },
        {
            "hidden_layers": [
                0.0010430115507915616,
                0.0013817249309795443,
                0.000442397360529867
            ],
            "output_layer": 0.004419225733727217
        },
        {
            "hidden_layers": [
                0.0016995877958834171,
                0.0014337227476062253,
                0.0005239816273387987
            ],
            "output_layer": 0.005617513787001371
        },
        {
            "hidden_layers": [
                0.001644813222810626,
                0.0016216836811508983,
                0.0005643945569318021
            ],
            "output_layer": 0.005158266983926296
        },
        {
            "hidden_layers": [
                0.0016465249937027693,
                0.001394752849591896,
                0.0005294988131936407
            ],
            "output_layer": 0.00489742262288928
        },
        {
            "hidden_layers": [
                0.0020145233720541,
                0.0015967808431014419,
                0.0005790099312434904
            ],
            "output_layer": 0.005783885717391968
        },
        {
            "hidden_layers": [
                0.0020156207028776407,
                0.0015042919440020341,
                0.0005866256078661536
            ],
            "output_layer": 0.005587419960647821
        },
        {
            "hidden_layers": [
                0.0015502198366448283,
                0.001205050717544509,
                0.0004543249842754449
            ],
            "output_layer": 0.0037573412992060184
        },
        {
            "hidden_layers": [
                0.0019404226914048195,
                0.0014261388023442123,
                0.0005361168041417841
            ],