{
    "train_losses": [
        1.742526746543384,
        1.3804419010113456,
        1.2587562334163915,
        1.171243351409238,
        1.1039994129767785,
        1.0484330917355673,
        0.9988847960773701,
        0.9547901211301145,
        0.9188014080381806,
        0.8884316136015107,
        0.8543659018994741,
        0.8323577579609681,
        0.8124764901280743,
        0.7838734101366112,
        0.7672749987015358
    ],
    "valid_losses": [
        1.734711265563965,
        1.4711224138736723,
        1.2923190444707868,
        1.2394490510225296,
        1.1792536586523052,
        1.1237065330147744,
        1.0873533055186269,
        0.9936416983604429,
        0.9888378098607064,
        0.908297151327133,
        0.8658869251608847,
        0.8173065483570101,
        0.8165441691875458,
        0.8365074664354326,
        0.7931362569332125
    ],
    "train_accs": [
        0.3652510683760682,
        0.4978855056980059,
        0.5491452991452993,
        0.5812188390313392,
        0.6044560185185186,
        0.6250222578347577,
        0.6439191595441597,
        0.6623263888888892,
        0.6738559472934471,
        0.6837829415954422,
        0.6974937678062673,
        0.7054175569800566,
        0.7137865028490026,
        0.7237802706552703,
        0.728365384615384
    ],
    "valid_accs": [
        0.4695312500000001,
        0.5470703125000002,
        0.5953124999999999,
        0.6332031250000001,
        0.642578125,
        0.6605468749999999,
        0.6861328124999999,
        0.70390625,
        0.7009765625,
        0.7193359375,
        0.7369140625000001,
        0.7505859375,
        0.7505859375000001,
        0.756640625,
        0.7619140624999998
    ],
    "test_loss": 0.9528066448018523,
    "test_acc": 0.7356606012658229
}