{
    "train_losses": [
        1.7425271130015692,
        1.3803860988372423,
        1.2587723495953453,
        1.1713639142846117,
        1.1044572411778983,
        1.0487888548788526,
        0.9990141602323268,
        0.955167806556082,
        0.91950970939082,
        0.888875611147649,
        0.8545676007909306,
        0.8316865933586728,
        0.8139300069578012,
        0.7838211891657952,
        0.7678604988630682,
        0.7396095367917984,
        0.7237490364628971,
        0.7109405798280343,
        0.6918574788971164,
        0.6799725454587203,
        0.6598559827716264,
        0.6424007965119135,
        0.6301208334600825,
        0.6139142663560356,
        0.5992137152075435,
        0.5880740643226864,
        0.57772315601338,
        0.5591073218743684,
        0.5504279793837136,
        0.5361646563239243,
        0.5220420318960802,
        0.5094474639817859,
        0.5024433363536823,
        0.49211787252004974,
        0.4751152195821797,
        0.46402220211477363,
        0.4540880235002252,
        0.4436989175288428,
        0.42695500113685564,
        0.42019469878952015
    ],
    "valid_losses": [
        1.7346797436475754,
        1.4728273242712018,
        1.301387506723404,
        1.2503957673907278,
        1.169341038167477,
        1.1287765383720398,
        1.1099765211343766,
        0.9931205317378042,
        0.9777072787284848,
        0.9053019508719445,
        0.8586082831025125,
        0.826129151880741,
        0.8216721549630165,
        0.8362725555896757,
        0.7874105274677277,
        0.7600306779146192,
        0.7590426281094552,
        0.7765802174806594,
        0.7304526716470718,
        0.6618923529982568,
        0.6664184384047984,
        0.7017453432083132,
        0.5604300506412984,
        0.5936083003878592,
        0.5854642935097216,
        0.5899221122264863,
        0.5021886065602302,
        0.5365724571049214,
        0.5359065704047679,
        0.46361068859696375,
        0.5281760729849337,
        0.4517170764505864,
        0.46235703974962244,
        0.43283201605081545,
        0.4154367238283158,
        0.3445748787373304,
        0.35302839316427714,
        0.3428215678781272,
        0.3383651338517665,
        0.33582342267036436
    ],
    "train_accs": [
        0.3652510683760682,
        0.4976406695156699,
        0.5489449786324785,
        0.5807736823361821,
        0.6043892450142447,
        0.6247329059829061,
        0.6441862535612528,
        0.6628605769230766,
        0.6730991809116802,
        0.6844951923076924,
        0.6976273148148143,
        0.7051504629629621,
        0.7130965099715092,
        0.7227118945868936,
        0.7278311965811961,
        0.7383591524216522,
        0.7423433048433042,
        0.745949074074073,
        0.7547631766381759,
        0.7582353988603984,
        0.7655137108262106,
        0.7717904202279198,
        0.7744168447293446,
        0.7808048433048422,
        0.784855769230768,
        0.7905537749287745,
        0.7936921296296297,
        0.8002359330484323,
        0.8037749287749282,
        0.8092058404558399,
        0.8111200142450135,
        0.8163283475783464,
        0.8193554131054113,
        0.8229166666666649,
        0.8289707977207965,
        0.8318198005697998,
        0.8352697649572638,
        0.8401442307692298,
        0.8457532051282037,
        0.8492699430199425
    ],
    "valid_accs": [
        0.4697265625000001,
        0.5478515625000001,
        0.5916015625,
        0.6308593750000002,
        0.64296875,
        0.657421875,
        0.6777343749999999,
        0.7060546875000001,
        0.7046874999999999,
        0.7197265624999997,
        0.7404296875,
        0.7455078125,
        0.7525390624999999,
        0.7570312499999999,
        0.7648437499999999,
        0.76796875,
        0.7750000000000001,
        0.7660156250000001,
        0.7771484375000002,
        0.7908203125000001,
        0.79765625,
        0.7890625,
        0.8267578125000002,
        0.8126953125000003,
        0.8205078125000003,
        0.8234374999999999,
        0.83984375,
        0.8314453124999998,
        0.8359375,
        0.8585937500000002,
        0.8468749999999999,
        0.8599609374999997,
        0.859765625,
        0.8666015625000002,
        0.8693359374999999,
        0.8875000000000002,
        0.8853515624999999,
        0.892578125,
        0.8921875,
        0.8931640625000001
    ],
    "test_loss": 1.0373043350026576,
    "test_acc": 0.7624604430379748,
    "gradient_flows": [
        {
            "hidden_layers": [
                0.0008879349334165454,
                0.0012123885662731482,
                0.00027297496126266196,
                0.0002843866495823022,
                0.0003066986846533837
            ],
            "output_layer": 0.004108772147446871
        },
        {
            "hidden_layers": [
                0.0019751081708818674,
                0.0013461391172313597,
                0.00023699133089394309,
                0.00032095944516186137,
                0.00031186929845716804
            ],
            "output_layer": 0.0065137483179569244
        },
        {
            "hidden_layers": [
                0.0010368333896622062,
                0.0013959818898001686,
                0.0002599718645797111,
                0.0002770271457848139,
                0.00027197673807677347
            ],
            "output_layer": 0.005280578043311834
        },
        {
            "hidden_layers": [
                0.0014441350940614939,
                0.0015295726479962468,
                0.00023205350953503512,
                0.000248447691774345,
                0.000264284152763139
            ],
            "output_layer": 0.005722843110561371
        },
        {
            "hidden_layers": [
                0.0014049675082787871,
                0.0014312912517198129,
                0.00021303439825715031,
                0.0002579529282229487,
                0.00027038251391786616
            ],
            "output_layer": 0.005855650175362825
        },
        {
            "hidden_layers": [
                0.0009806955931708217,
                0.0013341529556782916,
                0.00019914213771698996,
                0.00023873589634604286,
                0.00023778895956638735
            ],
            "output_layer": 0.005007650703191757
        },
        {
            "hidden_layers": [
                0.0013618359807878733,
                0.0014350648962135892,
                0.00022917113165021874,
                0.0002514003972464707,
                0.00023018936008156743
            ],
            "output_layer": 0.0059492397122085094
        },
        {
            "hidden_layers": [
                0.0014210969675332308,
                0.0014420444167626556,
                0.00021610332441923674,
                0.00026031441484519746,
                0.0001940091187861981
            ],
            "output_layer": 0.005543841514736414
        },
        {
            "hidden_layers": [
                0.001646357006393373,
                0.0013134799628460314,
                0.00020209204558341298,
                0.00023638824859517626,
                0.00017690780077828094
            ],
            "output_layer": 0.0055936104618012905
        },
        {
            "hidden_layers": [
                0.0012994961580261588,
                0.0012718707494059345,
                0.00019614749726315495,
                0.00026245690060022753,
                0.00021318206381693017
            ],
            "output_layer": 0.005130993202328682
        },
        {
            "hidden_layers": [
                0.0014252997934818268,
                0.0013561132655013353,
                0.00020476149256865028,
                0.0002533393162593711,
                0.000220639673898404
            ],