{
    "train_losses": [
        1.5081678639110332,
        1.1424593465280668,
        0.988645344717889,
        0.9010708778672064,
        0.8282564681479737,
        0.7644836955260687,
        0.7075024124903553,
        0.6612877867839961,
        0.6121691691230159,
        0.5703325075471503,
        0.5245722416798955,
        0.4788534077484044,
        0.43690786058576697,
        0.3974584380530903,
        0.36206749637751845,
        0.3226867132631801,
        0.2905011752519514,
        0.2610806244348529,
        0.23746026627867978,
        0.21139787058969495,
        0.20044023941597378,
        0.1833847328978048,
        0.16769125026005963,
        0.15028109925764596,
        0.15519666340616012,
        0.13930774187175618,
        0.13099316814304077,
        0.12201054267415462,
        0.12138684785943431,
        0.11476741833055126,
        0.11073653386146932,
        0.10424155992405368,
        0.10162207246505973,
        0.10397123782086236,
        0.09787583404732732,
        0.08978994049004511,
        0.08986039152979171,
        0.08752547907099092,
        0.08927030332832248,
        0.0829380198761269
    ],
    "valid_losses": [
        1.2295221030712127,
        1.011748379468918,
        0.9041657999157903,
        0.8374155893921853,
        0.7922458454966546,
        0.6733417719602585,
        0.6708950489759447,
        0.6048096120357513,
        0.5557929672300815,
        0.4994968056678772,
        0.4644058726727962,
        0.42255095690488814,
        0.3580263637006283,
        0.3560721516609191,
        0.3147792641073466,
        0.2945638179779052,
        0.2504064978100359,
        0.26303586140275,
        0.21737724440172312,
        0.20168836172670127,
        0.22207506895065307,
        0.2552518911659718,
        0.20245530097745357,
        0.19672570626717062,
        0.1941482003196142,
        0.21785100046545275,
        0.2087881477549672,
        0.19615483209490778,
        0.1836438577476656,
        0.218578833900392,
        0.17362147404928688,
        0.184379848651588,
        0.18528989500482568,
        0.1452969220001251,
        0.16277167750522492,
        0.16167511685052885,
        0.1681899648043327,
        0.15006879402790219,
        0.159804879873991,
        0.15859126170980742
    ],
    "train_accs": [
        0.45555110398860404,
        0.5925925925925919,
        0.6515535968660972,
        0.6786191239316234,
        0.7085559116809114,
        0.7303685897435892,
        0.7509348290598288,
        0.7656027421652418,
        0.782808048433048,
        0.7979878917378903,
        0.8122774216524203,
        0.8308181980056961,
        0.8447293447293439,
        0.8579059829059825,
        0.8706597222222221,
        0.8845931267806276,
        0.8960781695156699,
        0.9063167735042736,
        0.9168669871794861,
        0.9251691595441588,
        0.9287081552706539,
        0.9338942307692298,
        0.9399928774928762,
        0.9470486111111114,
        0.9458021723646727,
        0.9509659900284906,
        0.9539930555555571,
        0.9579549501424526,
        0.9575765669515692,
        0.9597133190883216,
        0.961605235042738,
        0.9640981125356155,
        0.964342948717952,
        0.9633858618233649,
        0.9660345441595478,
        0.9695957977208022,
        0.9685941951566998,
        0.9699964387464431,
        0.9685051638176687,
        0.9713764245014298
    ],
    "valid_accs": [
        0.5548828124999998,
        0.6408203124999999,
        0.6826171874999999,
        0.70625,
        0.721484375,
        0.7648437499999996,
        0.76875,
        0.7974609375000002,
        0.8130859374999999,
        0.8287109375000001,
        0.8357421875000001,
        0.8546875,
        0.8792968749999998,
        0.8791015625000002,
        0.8966796875,
        0.9005859375000002,
        0.9205078124999998,
        0.9119140625,
        0.9310546875000003,
        0.9361328125,
        0.9314453125000001,
        0.9181640625,
        0.9392578125000001,
        0.9416015625000002,
        0.9404296874999999,
        0.938671875,
        0.9466796874999999,
        0.9449218749999997,
        0.9494140624999999,
        0.9380859375,
        0.9529296875000002,
        0.953125,
        0.9470703124999998,
        0.9597656249999998,
        0.9533203124999998,
        0.9564453124999999,
        0.9558593749999998,
        0.9597656250000001,
        0.9568359374999998,
        0.956640625
    ],
    "test_loss": 1.2066070497790466,
    "test_acc": 0.7365506329113924,
    "gradient_flows": [
        {
            "hidden_layers": [
                0.0015167060773819685,
                0.0020116385130677372,
                0.0009945752608473413,
                0.001038340837112628,
                0.0008261503317044117
            ],
            "output_layer": 0.005756364669650793
        },
        {
            "hidden_layers": [
                0.0026906542479991913,
                0.002646476757945493,
                0.0012934548067278229,
                0.0010564532567514107,
                0.0010296357213519514
            ],
            "output_layer": 0.00834666471928358
        },
        {
            "hidden_layers": [
                0.002535464707762003,
                0.002417661889921874,
                0.0010324196409783326,
                0.0008767383696977049,
                0.0005917274429521058
            ],
            "output_layer": 0.006670680828392506
        },
        {
            "hidden_layers": [
                0.003140480723232031,
                0.002001283530262299,
                0.0010402446787338704,
                0.0008297953099827282,
                0.0005987294425722212
            ],
            "output_layer": 0.00680551677942276
        },
        {
            "hidden_layers": [
                0.002414050744846463,
                0.0019656856384244747,
                0.0010426123335491866,
                0.0008754609880270436,
                0.0006090583992772736
            ],
            "output_layer": 0.006947975140064955
        },
        {
            "hidden_layers": [
                0.002649962902069092,
                0.0018611975028761663,
                0.0009844933447311632,
                0.0008249660168075934,
                0.0005474480130942538
            ],
            "output_layer": 0.0069068074226379395
        },
        {
            "hidden_layers": [
                0.0027933407109230757,
                0.0022401158639695495,
                0.0011652246394078247,
                0.0009144247742369771,
                0.0007269587513292208
            ],
            "output_layer": 0.0074940272606909275
        },
        {
            "hidden_layers": [
                0.0029936586506664753,
                0.0021266486874083057,
                0.0011704706703312695,
                0.0010264497250318527,
                0.000597975289565511
            ],
            "output_layer": 0.007162764202803373
        },
        {
            "hidden_layers": [
                0.0026769815012812614,
                0.0019153971516061574,
                0.001034128239552956,
                0.0009428146659047343,
                0.0006277229185798205
            ],
            "output_layer": 0.007630247622728348
        },
        {
            "hidden_layers": [
                0.002240873873233795,
                0.001742062930134125,
                0.0012091398239135742,
                0.000930402908124961,
                0.0005367305275285617
            ],
            "output_layer": 0.006134753581136465
        },
        {
            "hidden_layers": [
                0.0030194073915481567,
                0.002332585550902877,
                0.001298843344557099,
                0.0010884001749218442,
                0.0007392628394882195
            ],