{
    "train_losses": [
        2.300461733103478,
        1.6884158853112459,
        1.5305883453102869,
        1.4212713533656895,
        1.3484704548816735,
        1.2785415308088324,
        1.225287096622662,
        1.194784854212378,
        1.157476138355385,
        1.1286857316636631,
        1.0973878908700752,
        1.0702036026536228,
        1.0491677745115384,
        1.0246694818181528,
        1.0065607243453674
    ],
    "valid_losses": [
        1.8268954336643215,
        1.6145692467689516,
        1.453793454170227,
        1.363845145702362,
        1.2825735032558438,
        1.2502101361751556,
        1.1870945736765863,
        1.1717383325099942,
        1.0703609973192216,
        1.1031932160258295,
        1.0901841461658477,
        1.038476748764515,
        1.0054964572191238,
        0.9462816834449768,
        1.0388920336961747
    ],
    "train_accs": [
        0.2327946937321935,
        0.38530537749287724,
        0.4414396367521368,
        0.48277243589743607,
        0.5117298789173791,
        0.5402644230769235,
        0.5587606837606832,
        0.5697115384615378,
        0.5855146011396012,
        0.5972222222222219,
        0.6068821225071224,
        0.619012642450142,
        0.6277377136752132,
        0.6352163461538463,
        0.6418714387464388
    ],
    "valid_accs": [
        0.3339843749999999,
        0.4072265625000001,
        0.45625000000000004,
        0.5128906249999999,
        0.5384765625,
        0.5550781249999999,
        0.5853515625,
        0.5925781250000001,
        0.6244140624999999,
        0.6121093750000001,
        0.6222656249999999,
        0.6400390624999999,
        0.653515625,
        0.6671875,
        0.648828125
    ],
    "test_loss": 1.1251969873150687,
    "test_acc": 0.6220332278481014
}