{
    "train_losses": [
        1.7571418536694305,
        1.3642615796494009,
        1.222561097382819,
        1.129408151166053,
        1.047168864483846,
        0.9934568875535604,
        0.9401007051821113,
        0.8950313187053053,
        0.8591900242020265,
        0.8240861519109823,
        0.7998825286188693,
        0.7671939311204133,
        0.741364328609912,
        0.717603598904406,
        0.6880563210558007
    ],
    "valid_losses": [
        1.4716337263584136,
        1.335899695754051,
        1.2315796166658401,
        1.0580199882388113,
        1.0052459210157392,
        1.001929146051407,
        0.876696379482746,
        0.864555235207081,
        0.8115528389811515,
        0.790900069475174,
        0.916356863081455,
        0.6667299605906007,
        0.6500896736979483,
        0.6514299109578132,
        0.6760212808847428
    ],
    "train_accs": [
        0.36473913817663806,
        0.5062321937321936,
        0.5606748575498577,
        0.5947738603988606,
        0.6239538817663813,
        0.6447204415954415,
        0.6655760327635319,
        0.6823584401709399,
        0.6960247507122505,
        0.7074652777777772,
        0.7142094017094011,
        0.7267850783475776,
        0.7371349715099706,
        0.7440794159544158,
        0.7552083333333328
    ],
    "valid_accs": [
        0.4734375,
        0.5361328125000001,
        0.5763671875,
        0.6255859375,
        0.6462890625,
        0.6585937500000001,
        0.699609375,
        0.6982421875,
        0.7062499999999998,
        0.72734375,
        0.7017578125000001,
        0.7703125000000001,
        0.7677734375,
        0.7775390625000002,
        0.7744140625
    ],
    "test_loss": 0.8884774763372877,
    "test_acc": 0.7261669303797472
}