{
    "train_losses": [
        2.5096931511859952,
        1.761942113906231,
        1.5282099308111727,
        1.372905580066888,
        1.2558240550875324,
        1.1573439160643135,
        1.0753059195317443,
        0.9963039738839847,
        0.9393191857215677,
        0.8895055132034492,
        0.8479540838814865,
        0.8043946037944562,
        0.763997234764942,
        0.722823046381317,
        0.6850262066917202
    ],
    "valid_losses": [
        1.9274100840091708,
        1.6076498687267307,
        1.4445210456848145,
        1.280049720406532,
        1.1493580281734468,
        1.0777852699160577,
        0.9984276399016379,
        1.0009489372372626,
        0.9315257072448729,
        0.8316779866814616,
        0.7634152486920357,
        0.7599308744072912,
        0.7341574862599374,
        0.6854580342769623,
        0.6263569489121438
    ],
    "train_accs": [
        0.1828703703703701,
        0.3604211182336184,
        0.4434428418803417,
        0.5027154558404562,
        0.5491675569800568,
        0.5863603988603986,
        0.6166978276353275,
        0.6478365384615384,
        0.6689592236467232,
        0.6859196937321937,
        0.6992298789173784,
        0.7162126068376062,
        0.7303463319088314,
        0.74701745014245,
        0.7605279558404552
    ],
    "valid_accs": [
        0.29394531250000006,
        0.4246093749999999,
        0.4744140625,
        0.54453125,
        0.5880859375,
        0.624609375,
        0.6511718750000002,
        0.6513671875,
        0.6765625000000003,
        0.7095703124999998,
        0.7376953125,
        0.7349609375,
        0.7464843750000001,
        0.7580078124999999,
        0.779296875
    ],
    "test_loss": 0.794739809217332,
    "test_acc": 0.7225079113924052
}