{
    "train_losses": [
        2.539116573129961,
        1.9961629708607984,
        1.8143452820275243,
        1.6600065893597076,
        1.5460443082358417,
        1.4444541034535445,
        1.3610422010095702,
        1.2854103495252787,
        1.2112524558675926,
        1.160570294768721,
        1.1082472339314953,
        1.0605276215110413,
        1.0134213369796075,
        0.953957681642299,
        0.9216124400114399,
        0.8730781132679041,
        0.8317065782356806,
        0.7970823997106307,
        0.7624506051214333,
        0.7261879941676758,
        0.6930247190331457,
        0.6542021316340841,
        0.6279285309830962,
        0.5884534678398038,
        0.548884042817303,
        0.5141239162863492,
        0.47981830573829126,
        0.43566538932656296,
        0.3958236255876699,
        0.36477006135503104,
        0.32707403570498506,
        0.29960029009740247,
        0.26458962036673506,
        0.24225107765095868,
        0.21590481152986188,
        0.19248744450573216,
        0.18091967946019252,
        0.16723800701038782,
        0.15683616681868195,
        0.146170567710515
    ],
    "valid_losses": [
        2.0890732198953623,
        1.919232904911041,
        1.713656333088875,
        1.593637356162071,
        1.4778904765844347,
        1.4118818402290343,
        1.2980034470558168,
        1.2357436746358872,
        1.1807929649949074,
        1.1086735442280768,
        1.0517215460538867,
        1.0129612073302272,
        0.9570304930210114,
        0.9285172045230866,
        0.8793376043438912,
        0.7965249449014665,
        0.7981430292129517,
        0.8143007621169088,
        0.729244987666607,
        0.6741373315453528,
        0.5938027791678906,
        0.6324070610105991,
        0.57364102229476,
        0.488799837231636,
        0.5284570664167405,
        0.498852413892746,
        0.46040779948234556,
        0.3635473001748323,
        0.36491586789488795,
        0.30345546826720243,
        0.26593763045966623,
        0.27369002588093283,
        0.24294856647029522,
        0.21903891316615046,
        0.2116867667995393,
        0.1934069517068565,
        0.20230643965478526,
        0.1732116734434385,
        0.17525939273182306,
        0.16786372222122742
    ],
    "train_accs": [
        0.1668224715099713,
        0.25917022792022754,
        0.3455974002848997,
        0.4003739316239315,
        0.4417957621082622,
        0.47747507122507127,
        0.5104834401709404,
        0.5341880341880342,
        0.5691773504273508,
        0.5875845797720792,
        0.6090856481481481,
        0.6258457977207975,
        0.6392672720797715,
        0.6631721866096864,
        0.6765491452991454,
        0.6928418803418798,
        0.7082220441595436,
        0.718082264957265,
        0.7331953347578345,
        0.7424545940170932,
        0.7550970441595436,
        0.7692975427350425,
        0.7785122863247858,
        0.7901531339031331,
        0.8045539529914526,
        0.816728988603988,
        0.8274127492877482,
        0.8441506410256397,
        0.8576611467236462,
        0.868790064102564,
        0.8835247507122514,
        0.8926059472934471,
        0.9052261396011398,
        0.9122373575498566,
        0.9242343304843289,
        0.9329594017094008,
        0.9359642094017078,
        0.9405938390313379,
        0.9441105769230762,
        0.9488960113960122
    ],
    "valid_accs": [
        0.234765625,
        0.29902343750000004,
        0.38574218750000006,
        0.4300781250000001,
        0.4648437500000001,
        0.49687500000000007,
        0.5376953125,
        0.5666015625,
        0.5849609375000001,
        0.6091796875,
        0.6386718750000002,
        0.6513671874999999,
        0.6703125000000001,
        0.6726562500000001,
        0.6941406249999998,
        0.7164062499999999,
        0.7183593749999999,
        0.7115234375,
        0.743359375,
        0.7636718750000001,
        0.7939453125,
        0.7783203125,
        0.7982421874999999,
        0.8220703125000002,
        0.8130859375,
        0.8232421875000001,
        0.8328124999999998,
        0.8732421874999999,
        0.8734375000000001,
        0.8972656250000001,
        0.913671875,
        0.9103515625,
        0.9201171874999998,
        0.9271484375000002,
        0.9341796875000001,
        0.9394531249999998,
        0.9365234374999999,
        0.94921875,
        0.9462890625,
        0.9527343750000002
    ],
    "test_loss": 1.1166962588889684,
    "test_acc": 0.7384295886075948,
    "gradient_flows": [
        {
            "hidden_layers": [
                0.002883038017898798,
                0.010366718532168306,
                0.0002519406039027672,
                0.0001823469860937621,
                0.00029129199447197607
            ],
            "output_layer": 0.005948167759925127
        },
        {
            "hidden_layers": [
                0.00023061162210069597,
                0.0020304658205532178,
                3.877204994751082e-05,
                5.740214828620083e-05,
                0.0004099786920050974
            ],
            "output_layer": 0.0033747830893844366
        },
        {
            "hidden_layers": [
                0.00021706210100091994,
                0.0016380171180117031,
                4.6409715423578746e-05,
                7.289949758160219e-05,
                0.0003615551290749863
            ],
            "output_layer": 0.004304084461182356
        },
        {
            "hidden_layers": [
                0.0001913137239171192,
                0.0015202341342046566,
                6.434274791899952e-05,
                0.00012948299877280078,
                0.0005132914388923382
            ],
            "output_layer": 0.004715822637081146
        },
        {
            "hidden_layers": [
                0.00042138545541092753,
                0.0012252313103999768,
                4.957153942086734e-05,
                0.00011527785363796283,
                0.0004713484086096287
            ],
            "output_layer": 0.00355694442987442
        },
        {
            "hidden_layers": [
                0.0002950906637124717,
                0.001341278917834643,
                4.195901419734582e-05,
                0.00011825377328023023,
                0.0004203331018288736
            ],
            "output_layer": 0.0038638634141534567
        },
        {
            "hidden_layers": [
                0.0007692588842473924,
                0.0015709780805082119,
                5.148219429429446e-05,
                0.00011252261788285978,
                0.0004441034589035553
            ],
            "output_layer": 0.004058148246258497
        },
        {
            "hidden_layers": [
                0.0004855712759308517,
                0.001638404684172201,
                5.546592205973866e-05,
                0.0001717577392810199,
                0.00048649612381268525
            ],
            "output_layer": 0.0036878944374620914
        },
        {
            "hidden_layers": [
                0.0007482966757379472,
                0.0014104350382240227,
                4.607982555171475e-05,
                0.00011013381094926444,
                0.0003624641096848791
            ],
            "output_layer": 0.0035362099297344685
        },
        {
            "hidden_layers": [
                0.0003942418552469462,
                0.001529861351400541,
                5.638682637254533e-05,
                0.00015860502298892243,
                0.0003696731591844582
            ],
            "output_layer": 0.004050446208566427
        },
        {
            "hidden_layers": [
                0.0004223072901368141,
                0.0012568650486173283,
                4.3875543951799045e-05,
                9.907023513733293e-05,
                0.0002645395879881107
            ],