{
    "train_losses": [
        1.9843850139199513,
        1.5741260666453258,
        1.4535041643343753,
        1.3721004639595662,
        1.311550278609295,
        1.263433525365301,
        1.2186174486097785,
        1.1770069780852381,
        1.1397518586908648,
        1.1110084652900694,
        1.075908138881042,
        1.0478575447006433,
        1.01901974535396,
        0.9962970821606124,
        0.972623201177331
    ],
    "valid_losses": [
        1.6705243766307827,
        1.4896989434957506,
        1.4177609086036682,
        1.3497992455959322,
        1.2804755181074141,
        1.2370842188596722,
        1.1629948139190676,
        1.1451640427112577,
        1.098410265147686,
        1.0775122836232185,
        1.0311368301510808,
        1.0070831388235093,
        0.9646699175238611,
        0.952320010960102,
        0.9455421328544618
    ],
    "train_accs": [
        0.29549501424501395,
        0.4260594729344729,
        0.4705306267806271,
        0.5027599715099712,
        0.5265981125356125,
        0.5473646723646723,
        0.5623441951566948,
        0.5800836894586896,
        0.591835826210826,
        0.6027199074074074,
        0.6170316951566948,
        0.6308092948717943,
        0.6386885683760679,
        0.6462784900284897,
        0.6533119658119655
    ],
    "valid_accs": [
        0.39492187500000014,
        0.459375,
        0.48515625,
        0.5166015625000001,
        0.5373046875,
        0.548828125,
        0.577734375,
        0.5898437499999999,
        0.6167968749999999,
        0.6244140625000001,
        0.6402343749999999,
        0.6490234374999999,
        0.6677734375,
        0.6681640624999999,
        0.669140625
    ],
    "test_loss": 1.0802102330364758,
    "test_acc": 0.6150118670886076
}