{
    "train_losses": [
        1.98434638127982,
        1.5741566888287544,
        1.4531669592925276,
        1.3723342146968565,
        1.311518020779319,
        1.2640236639908575,
        1.2182683681490742,
        1.175820916636377,
        1.1391003226962184,
        1.1109253835474329,
        1.075260646322853,
        1.0485406276846878,
        1.0188393159809277,
        0.9962403601051398,
        0.9735894561493161,
        0.946319925988841,
        0.9269185202074179,
        0.9083539921673616,
        0.8830064569103749,
        0.8675532040432985,
        0.8495001696113846,
        0.828882703753958,
        0.8101268154263833,
        0.7939252953583694,
        0.7791163906072963,
        0.762412188569365,
        0.7475168506304425,
        0.7346964627079816,
        0.7158032463826346,
        0.7087623595851774,
        0.6897502110214988,
        0.6783874279413463,
        0.6650585317373956,
        0.6514181670470108,
        0.6383582004624551,
        0.626405141037754,
        0.6114511514491163,
        0.6012085188827623,
        0.5885701074219838,
        0.5743366064678912
    ],
    "valid_losses": [
        1.6687239736318584,
        1.4877096891403199,
        1.4155871510505678,
        1.347232049703598,
        1.2783092319965361,
        1.2352206498384475,
        1.160853910446167,
        1.141519421339035,
        1.0967823341488836,
        1.0749465823173523,
        1.0277667105197907,
        1.0035902500152587,
        0.96088627576828,
        0.9495049938559531,
        0.9420263037085533,
        0.9009209364652631,
        0.8832892805337907,
        0.8522552788257599,
        0.8378234386444092,
        0.8280238181352615,
        0.7906806468963622,
        0.7881595343351365,
        0.7725435554981233,
        0.7498876050114631,
        0.7189729727804662,
        0.7066677555441856,
        0.7005521215498448,
        0.6762105852365494,
        0.6640000872313975,
        0.6435714222490787,
        0.6301508374512195,
        0.6163581416010857,
        0.5922975845634938,
        0.5842721402645112,
        0.5691976238042117,
        0.5787097260355949,
        0.5752602882683276,
        0.5414124451577663,
        0.5324759285897017,
        0.5120197243988514
    ],
    "train_accs": [
        0.29573985042735,
        0.42568108974358954,
        0.4711983618233622,
        0.503004807692308,
        0.5263087606837606,
        0.5476095085470087,
        0.5627670940170938,
        0.5814414173789175,
        0.592036146723646,
        0.6039663461538458,
        0.6186565170940166,
        0.6302751068376061,
        0.6378872863247863,
        0.6463452635327639,
        0.6534232549857547,
        0.6655982905982901,
        0.6711182336182326,
        0.6789084757834748,
        0.689213853276353,
        0.6951344373219376,
        0.7020121082621077,
        0.7089120370370363,
        0.7158342236467233,
        0.7222444800569794,
        0.7253605769230773,
        0.7343972578347571,
        0.7378917378917372,
        0.7440349002849004,
        0.7505787037037034,
        0.752626424501424,
        0.7606837606837602,
        0.7634437321937321,
        0.7666933760683756,
        0.772970085470085,
        0.77642004985755,
        0.7811387108262107,
        0.7878828347578343,
        0.7900195868945868,
        0.794604700854701,
        0.8022613960113946
    ],
    "valid_accs": [
        0.3935546875,
        0.4580078125,
        0.4830078125,
        0.519140625,
        0.5386718749999999,
        0.5562500000000001,
        0.5806640625,
        0.5982421875,
        0.6181640625,
        0.6242187499999999,
        0.6421874999999999,
        0.649609375,
        0.6646484374999999,
        0.674609375,
        0.6703125,
        0.6830078125,
        0.6919921875,
        0.6982421875,
        0.7060546874999999,
        0.7080078125,
        0.7251953124999999,
        0.7253906250000002,
        0.7298828125000001,
        0.7414062499999998,
        0.7541015625,
        0.7591796874999998,
        0.7589843749999999,
        0.7759765624999999,
        0.7738281249999998,
        0.7849609374999998,
        0.78984375,
        0.7892578124999999,
        0.8068359374999999,
        0.8037109375,
        0.809765625,
        0.80234375,
        0.8062499999999998,
        0.8179687499999999,
        0.8189453125,
        0.8259765625000002
    ],
    "test_loss": 0.8600612969338143,
    "test_acc": 0.7031249999999999,
    "gradient_flows": [
        {
            "hidden_layers": [
                0.01644701138138771,
                0.007484279572963715,
                0.002947694913018495,
                0.001341857947409153,
                0.0006442533922381699
            ],
            "output_layer": 0.014287990517914295
        },
        {
            "hidden_layers": [
                0.0197219830006361,
                0.008539766538888216,
                0.0032353057176806033,
                0.0014661428576800972,
                0.0006823613657616079
            ],
            "output_layer": 0.009631977416574955
        },
        {
            "hidden_layers": [
                0.015928229317069054,
                0.008064524503424764,
                0.003232230548746884,
                0.0014743312203790992,
                0.0006586846284335479
            ],
            "output_layer": 0.022100424394011497
        },
        {
            "hidden_layers": [
                0.018063470721244812,
                0.00810141651891172,
                0.0032394801964983344,
                0.001447804068448022,
                0.0006595665327040479
            ],
            "output_layer": 0.013799721375107765
        },
        {
            "hidden_layers": [
                0.0194333977997303,
                0.008489142870530486,
                0.003349333012010902,
                0.0015088098880369216,
                0.0006671140581602231
            ],
            "output_layer": 0.015845997259020805
        },
        {
            "hidden_layers": [
                0.017040343955159187,
                0.00929236481897533,
                0.003933493455406278,
                0.0017828996642492712,
                0.0007763159519527107
            ],
            "output_layer": 0.020251497626304626
        },
        {
            "hidden_layers": [
                0.01519425492733717,
                0.00802828383166343,
                0.0031531548593193293,
                0.0014351196005009115,
                0.0006082250183681026
            ],
            "output_layer": 0.013988330960273743
        },
        {
            "hidden_layers": [
                0.015254334546625614,
                0.008404354914091527,
                0.0035689614596776664,
                0.0016928757540881634,
                0.0007167869480326772
            ],
            "output_layer": 0.016858313232660294
        },
        {
            "hidden_layers": [
                0.01687413454055786,
                0.008937442558817565,
                0.003547446511220187,
                0.0016217991069424897,
                0.0006896747872815467
            ],
            "output_layer": 0.00933752115815878
        },
        {
            "hidden_layers": [
                0.014681457541882992,
                0.008450554683804512,
                0.00345312844729051,
                0.0016391670214943588,
                0.0007338005234487355
            ],
            "output_layer": 0.012559025548398495
        },
        {
            "hidden_layers": [
                0.01791554130613804,
                0.008560408488847315,
                0.003406341827940196,
                0.0015816641971468925,
                0.0006693603281746618
            ],