{
    "train_losses": [
        1.5875721266466667,
        1.254376903898017,
        1.1226995991505793,
        1.0360343466457134,
        0.970308700348237,
        0.9195836549810532,
        0.8741063030696664,
        0.8296584055634313,
        0.7895053553785017,
        0.7450925123657606,
        0.7138458306123731,
        0.6842652048140849,
        0.6549061712546225,
        0.6183726491242058,
        0.5830973293366933,
        0.55528923758754,
        0.5309510084978203,
        0.5020208835941435,
        0.4817510748181245,
        0.45228331049962583,
        0.41822382289799515,
        0.4056313356273194,
        0.3773464085454614,
        0.3518942884060733,
        0.3382683885403168,
        0.3203054733595616,
        0.3028842618747318,
        0.28900002562931815,
        0.2662437607207869,
        0.25641185287226975
    ],
    "valid_losses": [
        1.340652075409889,
        1.2198608875274655,
        1.144894787669182,
        1.0126619070768357,
        0.9652172952890394,
        0.8707245171070102,
        0.8584773004055023,
        0.7665018305182457,
        0.7449166625738144,
        0.7761186942458154,
        0.6641577661037446,
        0.6405124969780445,
        0.6341644704341888,
        0.598752072453499,
        0.5499278612434864,
        0.5063932456076146,
        0.5451898105442523,
        0.45175242349505423,
        0.45003997907042503,
        0.4286759786307813,
        0.3765672955662013,
        0.3452992517501116,
        0.3449214696884155,
        0.3204543076455592,
        0.30364098511636256,
        0.34816063120961194,
        0.28060603397898376,
        0.2715609792619944,
        0.30386244524270295,
        0.26040471792221076
    ],
    "train_accs": [
        0.4210069444444444,
        0.549679487179487,
        0.5994034900284897,
        0.6323673433048427,
        0.6560719373219374,
        0.675458511396012,
        0.6922186609686608,
        0.7065972222222215,
        0.7209757834757831,
        0.7364227207977198,
        0.7475961538461534,
        0.7585915242165236,
        0.7686075498575499,
        0.7801816239316234,
        0.7917334401709394,
        0.8024617165242152,
        0.8129896723646719,
        0.8218037749287742,
        0.826834045584045,
        0.8390535968660963,
        0.8493812321937317,
        0.8554353632478624,
        0.8654291310541311,
        0.8747329059829069,
        0.8793180199430201,
        0.8849937678062684,
        0.8920940170940166,
        0.8964120370370386,
        0.9051371082621079,
        0.9078525641025632
    ],
    "valid_accs": [
        0.5173828125,
        0.5732421874999999,
        0.6025390625000001,
        0.6515624999999999,
        0.658984375,
        0.6996093750000001,
        0.6999999999999998,
        0.726953125,
        0.7431640624999999,
        0.7332031250000002,
        0.76484375,
        0.7773437499999999,
        0.7853515625,
        0.7929687500000001,
        0.816015625,
        0.8248046875000001,
        0.8158203124999999,
        0.8416015625,
        0.8470703125,
        0.8556640624999997,
        0.8689453125000002,
        0.8773437500000001,
        0.8791015625000002,
        0.8929687500000002,
        0.8958984375000002,
        0.8816406250000004,
        0.9050781250000001,
        0.9078124999999999,
        0.9013671875000001,
        0.9185546875
    ],
    "test_loss": 0.8764021404181854,
    "test_acc": 0.7449564873417724,
    "gradient_flows": [
        {
            "hidden_layers": [
                0.0022978177294135094,
                0.0015149672035477124,
                0.0010379774175817147
            ],
            "output_layer": 0.006717905402183533
        },
        {
            "hidden_layers": [
                0.002335566794499755,
                0.0017420275180484168,
                0.0007838763776817359
            ],
            "output_layer": 0.005423127207905054
        },
        {
            "hidden_layers": [
                0.0028224140405654907,
                0.002127468556864187,
                0.0012216514514875598
            ],
            "output_layer": 0.00828972551971674
        },
        {
            "hidden_layers": [
                0.004204269498586655,
                0.0021283714449964464,
                0.0010413334093755111
            ],
            "output_layer": 0.007387060206383467
        },
        {
            "hidden_layers": [
                0.0029753781855106354,
                0.0023701764293946326,
                0.0013960926698928233
            ],
            "output_layer": 0.00815501343458891
        },
        {
            "hidden_layers": [
                0.003441451583057642,
                0.0021471444924827665,
                0.0011343426376697607
            ],
            "output_layer": 0.008353407494723797
        },
        {
            "hidden_layers": [
                0.0033309857826679945,
                0.002072343500913121,
                0.0009216560429194942
            ],
            "output_layer": 0.006745920982211828
        },
        {
            "hidden_layers": [
                0.003142360597848892,
                0.002045074688794557,
                0.000834020487673115
            ],
            "output_layer": 0.005589423701167107
        },
        {
            "hidden_layers": [
                0.0030418718233704567,
                0.0021403819482657127,
                0.0009276399941882119
            ],
            "output_layer": 0.006094157695770264
        },
        {
            "hidden_layers": [
                0.003749631345272064,
                0.0018470379509381019,
                0.0009302999169449322
            ],
            "output_layer": 0.006809820421040058
        },
        {
            "hidden_layers": [
                0.002654233481734991,
                0.0016974278405541554,
                0.0007947831400088035
            ],
            "output_layer": 0.005589837674051523
        },
        {
            "hidden_layers": [
                0.0030066873878240585,
                0.0018926195116364397,
                0.0009128876044997014
            ],
            "output_layer": 0.006064282730221748
        },
        {
            "hidden_layers": [
                0.0040152668952941895,
                0.002276051352964714,
                0.0009753742160683032
            ],
            "output_layer": 0.006484595593065023
        },
        {
            "hidden_layers": [
                0.004843774251639843,
                0.0022296857787296176,
                0.0010986156084982213
            ],
            "output_layer": 0.005943438038229942
        },
        {
            "hidden_layers": [
                0.004161783028393984,
                0.0018855626985896379,
                0.0010096734113176353
            ],
            "output_layer": 0.005740297492593527
        },
        {
            "hidden_layers": [
                0.00470303650945425,
                0.0030967928614700213,
                0.0012515405360318255
            ],
            "output_layer": 0.006695943418890238
        },
        {
            "hidden_layers": [
                0.004692224785685539,
                0.0025142863887595013,
                0.001282926503336057
            ],
            "output_layer": 0.006970830261707306
        },
        {
            "hidden_layers": [
                0.004318978171795607,
                0.0018781590042635798,
                0.0009245894179912284
            ],
            "output_layer": 0.005891204811632633
        },
        {
            "hidden_layers": [
                0.004664761945605278,
                0.0021645480883307755,
                0.0010199005373578984
            ],