{
    "train_losses": [
        1.5344401713450058,
        1.1575734007392506,
        1.0145116793124427,
        0.9251725120082542,
        0.8580472251968162,
        0.7920544755424872,
        0.7450438539187118,
        0.6944198787551997,
        0.6526449861010257,
        0.6169802694239173,
        0.5721323128439422,
        0.5342876229360906,
        0.4865587813901767,
        0.4487449983585941,
        0.41104525599384545,
        0.372332351202639,
        0.3374330276607449,
        0.2996553389350233,
        0.27701305273251653,
        0.24068321538107365,
        0.22591566179807354,
        0.21099397455185556,
        0.18155069088833956,
        0.1700475754964555,
        0.1647299589997854,
        0.15552709968044215,
        0.14978849591735074,
        0.13384267009603676,
        0.13539220802379812,
        0.12231368978011643,
        0.11851545801104982,
        0.11647589482430722,
        0.10631748986698455,
        0.10368466232916568,
        0.1033967028549764,
        0.09936267358285414,
        0.09750436223576385,
        0.09266220555346229,
        0.08889993521626352,
        0.08795432167451432
    ],
    "valid_losses": [
        1.2005154460668561,
        1.0217468321323395,
        0.9176447167992593,
        0.9119248509407045,
        0.8502447202801705,
        0.7036632880568504,
        0.6940072312951088,
        0.6651973009109498,
        0.6343480736017226,
        0.6095867440104485,
        0.4983269952237605,
        0.49550449475646013,
        0.4227502077817916,
        0.3828082088381051,
        0.3537953466176986,
        0.36694166064262385,
        0.30389173943549397,
        0.2649126347154379,
        0.25513995178043847,
        0.27083473503589633,
        0.2357773941010237,
        0.20054893735796217,
        0.21565140521270224,
        0.1735806974582374,
        0.17205085947643967,
        0.17007611235603695,
        0.17766511309891936,
        0.16810647179372606,
        0.19386399614741098,
        0.18659146660938855,
        0.16095113769406452,
        0.17899048402905468,
        0.16993383606895804,
        0.16577553532551972,
        0.14964992037275804,
        0.15047134668566284,
        0.17399472558754497,
        0.14759907849802398,
        0.14909481096547098,
        0.1713715698570014
    ],
    "train_accs": [
        0.4530359686609686,
        0.5857816951566948,
        0.641225961538461,
        0.672631766381766,
        0.6964476495726493,
        0.7208422364672356,
        0.7371127136752127,
        0.7542512464387465,
        0.7697649572649565,
        0.7809606481481474,
        0.7966079059829049,
        0.8120548433048419,
        0.8281695156695149,
        0.8435941951566942,
        0.8555466524216522,
        0.8672097578347581,
        0.8788060897435902,
        0.8922720797720801,
        0.8999510327635334,
        0.9163327991452983,
        0.9189369658119646,
        0.9261039886039868,
        0.9353855056980046,
        0.9395032051282038,
        0.9405715811965805,
        0.9454015313390313,
        0.94727118945869,
        0.9526798433048448,
        0.9522792022792037,
        0.9577991452991472,
        0.9582665598290621,
        0.9596242877492905,
        0.9638310185185219,
        0.9630742521367549,
        0.9644987535612566,
        0.9657897079772115,
        0.9662126068376107,
        0.9675925925925971,
        0.9687054843304888,
        0.9690170940170977
    ],
    "valid_accs": [
        0.5681640625,
        0.6435546875,
        0.6810546875,
        0.683203125,
        0.709765625,
        0.7576171874999998,
        0.7552734375,
        0.7677734375,
        0.7749999999999998,
        0.7861328124999999,
        0.8294921875,
        0.8250000000000002,
        0.8507812499999999,
        0.8656249999999999,
        0.8771484375,
        0.8693359374999999,
        0.8994140625,
        0.910546875,
        0.9115234375,
        0.9158203125000001,
        0.92578125,
        0.9373046875000002,
        0.9281250000000001,
        0.9499999999999997,
        0.9472656250000001,
        0.947265625,
        0.9488281249999998,
        0.9499999999999997,
        0.9439453125000001,
        0.94375,
        0.9556640625000002,
        0.9470703125000001,
        0.9556640624999999,
        0.9525390625,
        0.9578124999999998,
        0.9585937499999999,
        0.9554687499999999,
        0.9628906249999997,
        0.960546875,
        0.9566406250000002
    ],
    "test_loss": 1.187092249906515,
    "test_acc": 0.74248417721519,
    "gradient_flows": [
        {
            "hidden_layers": [
                0.0014098240062594414,
                0.0014895624117343687,
                0.0006506641148007475,
                0.0005600878066616133,
                0.000487361045088619
            ],
            "output_layer": 0.005804778542369604
        },
        {
            "hidden_layers": [
                0.0018203643849119544,
                0.0015840807609492913,
                0.0006654485041508451,
                0.0005713895188819151,
                0.0005099301997688599
            ],
            "output_layer": 0.0063388170674443245
        },
        {
            "hidden_layers": [
                0.001860671560280025,
                0.0018266775587107986,
                0.0007749955475446768,
                0.0006321804103208706,
                0.0004932669289701153
            ],
            "output_layer": 0.007474507670849562
        },
        {
            "hidden_layers": [
                0.0018739660736173391,
                0.0017380931676598266,
                0.0007187142909970134,
                0.0005746376737079117,
                0.0004169463318248745
            ],
            "output_layer": 0.006781619042158127
        },
        {
            "hidden_layers": [
                0.0034923218190670013,
                0.0018154741774196737,
                0.0007022697827778757,
                0.0005249557179922704,
                0.0004104549516341649
            ],
            "output_layer": 0.008150199428200722
        },
        {
            "hidden_layers": [
                0.002881580963730812,
                0.0016223499187617563,
                0.0006938323931535706,
                0.0005662174262397457,
                0.0004199377908662427
            ],
            "output_layer": 0.006909103598445654
        },
        {
            "hidden_layers": [
                0.004883119836449623,
                0.0019344590764376335,
                0.0008413024479523301,
                0.0006328357703750953,
                0.0005372405103116762
            ],
            "output_layer": 0.00900357961654663
        },
        {
            "hidden_layers": [
                0.0029442179948091507,
                0.0016519915370736271,
                0.0007137604916351847,
                0.000571524265978951,
                0.00037796274409629405
            ],
            "output_layer": 0.008859999477863312
        },
        {
            "hidden_layers": [
                0.0026307213120162487,
                0.0013858231759513728,
                0.0006887583731440827,
                0.0005221775572863407,
                0.000322010988384136
            ],
            "output_layer": 0.0055320532992482185
        },
        {
            "hidden_layers": [
                0.00434553949162364,
                0.001445283785869833,
                0.0006584117654711008,
                0.0005665534772560932,
                0.00035333604319021106
            ],
            "output_layer": 0.007032917346805334
        },
        {
            "hidden_layers": [
                0.0019381651654839516,
                0.0012244965619174764,
                0.0006081755709601566,
                0.0005303935759002343,
                0.0003105676660197787
            ],