{
    "train_losses": [
        1.8227770420221197,
        1.3769039941309513,
        1.220182111290445,
        1.0982135829762514,
        0.997576421991713,
        0.9237076628242125,
        0.8484350728173543,
        0.7974485824590395,
        0.7496692658829216,
        0.6939210989366565,
        0.6427620836982026,
        0.5852376965545867,
        0.5344388499389007,
        0.4819485210625197,
        0.42581644085397763
    ],
    "valid_losses": [
        1.4235317766666413,
        1.2572755455970765,
        1.1530944168567656,
        0.9858155503869056,
        0.9087369501590729,
        0.8680159851908686,
        0.7950601071119308,
        0.7156195953488349,
        0.6785970717668537,
        0.6385500267148019,
        0.6235425561666488,
        0.5107567548751831,
        0.46067207306623464,
        0.40251106061041353,
        0.41959392875432966
    ],
    "train_accs": [
        0.3527421652421648,
        0.49824163105413094,
        0.5647702991452992,
        0.609041132478632,
        0.644787215099715,
        0.6715411324786318,
        0.6967592592592593,
        0.7192841880341866,
        0.7331063034188037,
        0.7527154558404549,
        0.772057514245014,
        0.7910879629629621,
        0.8097845441595434,
        0.828303062678062,
        0.8469551282051265
    ],
    "valid_accs": [
        0.49199218749999996,
        0.54609375,
        0.5824218750000001,
        0.6486328125,
        0.6837890625000002,
        0.6966796875,
        0.72109375,
        0.7519531249999999,
        0.7613281250000002,
        0.7730468750000001,
        0.7837890625000001,
        0.8179687499999999,
        0.8419921874999998,
        0.8623046875,
        0.8527343749999999
    ],
    "test_loss": 0.8501440482803535,
    "test_acc": 0.7250791139240504
}