{
    "train_losses": [
        1.6751876318896255,
        1.2764573447045438,
        1.1272407748081072,
        1.0114670687930878,
        0.923910579620264,
        0.8625536934602634,
        0.8090555591460986,
        0.7528041606275445,
        0.7041822253299235,
        0.6574101680703986,
        0.6120865920670013,
        0.5744761027332042,
        0.535058796575606,
        0.48682005011458,
        0.44469544775465647,
        0.39522334449311586,
        0.35402413217770057,
        0.3181052282240317,
        0.2754925014371547,
        0.24715231736840693,
        0.22203558197303394,
        0.19445922253308467,
        0.1789005484081741,
        0.16058162467134973,
        0.14129263783494633,
        0.13123764201701543,
        0.1227627131355624,
        0.11695824725887723,
        0.10885423677641774,
        0.10627098720616254
    ],
    "valid_losses": [
        1.3608834058046344,
        1.1671875596046446,
        1.0247702792286872,
        0.9687353685498237,
        0.8815166130661962,
        0.8122174829244614,
        0.7282233729958535,
        0.6921901017427445,
        0.6309239655733108,
        0.5897090330719946,
        0.5523151949048042,
        0.4828459747135639,
        0.4502718672156334,
        0.4505111262202262,
        0.3684628486633301,
        0.3478440687060357,
        0.29853683300316336,
        0.26808142345398667,
        0.2682580497115851,
        0.21050720158964398,
        0.26411809250712404,
        0.2052748449146748,
        0.1797771732788532,
        0.1711326989578083,
        0.17287193071097132,
        0.17599060181528328,
        0.164902160607744,
        0.16075400281697502,
        0.15199819393455977,
        0.1623069680295885
    ],
    "train_accs": [
        0.399795227920228,
        0.541622150997151,
        0.5989583333333333,
        0.6446314102564102,
        0.6749688390313384,
        0.693019943019943,
        0.7156339031339027,
        0.7344862891737887,
        0.7539396367521366,
        0.7697872150997147,
        0.7821403133903133,
        0.7967859686609677,
        0.8089164886039869,
        0.8254540598290588,
        0.8415464743589728,
        0.8588408119658114,
        0.8716613247863253,
        0.8855056980056982,
        0.9017094017094012,
        0.9116363960113953,
        0.9210069444444434,
        0.9317129629629614,
        0.9357861467236454,
        0.9422631766381765,
        0.9510105056980069,
        0.9539707977207987,
        0.9566862535612565,
        0.9587784900284921,
        0.9632300569800603,
        0.9631855413105451
    ],
    "valid_accs": [
        0.495703125,
        0.5865234374999999,
        0.6339843749999999,
        0.6591796874999999,
        0.6912109375000001,
        0.7146484375,
        0.7472656250000003,
        0.7599609374999999,
        0.78984375,
        0.7992187500000002,
        0.8107421874999999,
        0.8318359375000001,
        0.8472656249999999,
        0.8378906249999999,
        0.868359375,
        0.8755859374999999,
        0.8939453125000002,
        0.9123046874999999,
        0.9105468749999996,
        0.9308593749999999,
        0.9166015625,
        0.9365234375,
        0.9462890624999998,
        0.9486328125000003,
        0.9498046874999999,
        0.9445312499999999,
        0.9535156250000002,
        0.9544921875,
        0.9591796875000002,
        0.9544921875000001
    ],
    "test_loss": 1.0357961103885993,
    "test_acc": 0.7596914556962028,
    "gradient_flows": [
        {
            "hidden_layers": [
                0.0009405824239365757,
                0.0012663549568969756,
                0.000369774363207398,
                0.0002487923666194547,
                0.000337209439749131
            ],
            "output_layer": 0.004493147134780884
        },
        {
            "hidden_layers": [
                0.0008302526548504829,
                0.0012850397815782344,
                0.0002877265233109938,
                0.00020168661467323545,
                0.00028313016809988767
            ],
            "output_layer": 0.0054705641232430935
        },
        {
            "hidden_layers": [
                0.0009672876331023872,
                0.0014062406589800958,
                0.0003464961137069622,
                0.00022115500996733317,
                0.00027639871041174047
            ],
            "output_layer": 0.00515682902187109
        },
        {
            "hidden_layers": [
                0.0016867201775312424,
                0.0018521013917052187,
                0.00041393762512598187,
                0.0002708258489292348,
                0.0003853413045362686
            ],
            "output_layer": 0.006012778263539076
        },
        {
            "hidden_layers": [
                0.0012615359155461192,
                0.0012159430807514582,
                0.0002968617482110858,
                0.00018485542295820778,
                0.00021509012731257826
            ],
            "output_layer": 0.004840009845793247
        },
        {
            "hidden_layers": [
                0.0009695042390376329,
                0.00125014834702597,
                0.0003029675690413569,
                0.0002051221817964688,
                0.00021682831129510305
            ],
            "output_layer": 0.0051036798395216465
        },
        {
            "hidden_layers": [
                0.001047287485562265,
                0.0015304793141694972,
                0.00035476600896799937,
                0.0002176828447773005,
                0.00024371675954171224
            ],
            "output_layer": 0.004774457309395075
        },
        {
            "hidden_layers": [
                0.0014139682753011584,
                0.0014198621593095595,
                0.00035214067975175567,
                0.00022114083094493253,
                0.00022099039597378578
            ],
            "output_layer": 0.005152624100446701
        },
        {
            "hidden_layers": [
                0.0014699300518259406,
                0.0012088758703612257,
                0.0003157497994834557,
                0.00019838126354443375,
                0.00020291999771870906
            ],
            "output_layer": 0.005073582753539085
        },
        {
            "hidden_layers": [
                0.0011653522960841656,
                0.0013536300320993178,
                0.000426241147579276,
                0.0002466042496962473,
                0.00027338150903233327
            ],
            "output_layer": 0.005442130379378796
        },
        {
            "hidden_layers": [
                0.001084867399185896,
                0.00126963172442629,
                0.0003717921299539739,
                0.00027551014864002354,
                0.0002849063521352946
            ],
            "output_layer": 0.005811247508972883
        },
        {
            "hidden_layers": [
                0.0012633716687560081,
                0.0012422459603840252,
                0.00035858396950061433,
                0.00023277037143998314,
                0.00020751878355440567
            ],
            "output_layer": 0.005673890467733145
        },
        {
            "hidden_layers": [
                0.0014470306923612952,
                0.001139652984420536,
                0.0004458274124772288,
                0.00024679127272975165,
                0.0001989314519050822
            ],
            "output_layer": 0.005633839406073093
        },
        {
            "hidden_layers": [
                0.0012780765537172556,
                0.001109732205804903,
                0.0003943235115002608,
                0.00023559146393381525,
                0.00021477570680872304
            ],