{
    "train_losses": [
        1.5905676445050796,
        1.2227208464913224,
        1.0673864823460915,
        0.9666668392314528,
        0.8902157983209334,
        0.8265206822302938,
        0.7667352801714189,
        0.7205039565040174,
        0.677208641655425,
        0.6341184764845755,
        0.5930592808288723,
        0.5570060013875664,
        0.5190529263766743,
        0.4804912738480799,
        0.43761786996808855,
        0.4016096438267971,
        0.37330107416352665,
        0.33513114187452564,
        0.30597716646316697,
        0.2775384515863539,
        0.25154495394212917,
        0.23542898400896295,
        0.2134714370906523,
        0.19625318941906994,
        0.18448154804458636,
        0.16586460096713815,
        0.16160387444997112,
        0.14881873072424845,
        0.14678667548332797,
        0.12927460326598245
    ],
    "valid_losses": [
        1.3177851289510727,
        1.100855040550232,
        0.9986699685454369,
        0.8782955303788186,
        0.8842997938394548,
        0.8059065759181975,
        0.7303753554821014,
        0.6698575191199778,
        0.6371884703636168,
        0.594083932042122,
        0.5329315207898617,
        0.49842343404889106,
        0.47343473508954037,
        0.42904560714960094,
        0.38080772832036014,
        0.36604359447956075,
        0.31134967580437656,
        0.3309180378913879,
        0.30135985836386686,
        0.2770703565329314,
        0.23341021630913017,
        0.23190910574048762,
        0.18712606392800804,
        0.2128119769971817,
        0.17853747643530365,
        0.19416735870763663,
        0.17924769251840192,
        0.170576367713511,
        0.16329175597056744,
        0.19855496268719433
    ],
    "train_accs": [
        0.4206508190883191,
        0.5614761396011396,
        0.6197471509971508,
        0.6561832264957266,
        0.6860532407407403,
        0.7081330128205128,
        0.7293669871794868,
        0.7461716524216518,
        0.7594373219373214,
        0.7759526353276346,
        0.7892628205128197,
        0.8013488247863242,
        0.8158386752136744,
        0.8295940170940163,
        0.8444845085470081,
        0.8552573005698,
        0.8674991096866097,
        0.880386396011396,
        0.890157585470086,
        0.9011084401709398,
        0.9102564102564091,
        0.9156428062678056,
        0.9232772435897412,
        0.9314903846153837,
        0.9351851851851841,
        0.9409277065527054,
        0.9424412393162388,
        0.9469818376068375,
        0.9487402065527075,
        0.9536814458689472
    ],
    "valid_accs": [
        0.522265625,
        0.6099609375000001,
        0.6494140625,
        0.6904296874999999,
        0.691796875,
        0.7195312500000001,
        0.7455078124999999,
        0.7714843750000002,
        0.7787109375,
        0.793359375,
        0.8173828125,
        0.8306640624999999,
        0.8328124999999998,
        0.8439453124999999,
        0.86484375,
        0.869140625,
        0.8884765625000001,
        0.8888671874999999,
        0.8951171875000001,
        0.9050781250000003,
        0.9277343750000001,
        0.9255859375000001,
        0.9408203125,
        0.9267578125000001,
        0.9478515625,
        0.9394531249999999,
        0.9468750000000001,
        0.9519531250000001,
        0.9527343750000002,
        0.9427734375000002
    ],
    "test_loss": 1.0408143318152125,
    "test_acc": 0.7550435126582282,
    "gradient_flows": [
        {
            "hidden_layers": [
                0.002243208233267069,
                0.0016352363163605332,
                0.0007183681154856458,
                0.0005644006450893357,
                0.00047616154915886
            ],
            "output_layer": 0.005903267301619053
        },
        {
            "hidden_layers": [
                0.0029972847551107407,
                0.0026917708455584943,
                0.0012156566517660394,
                0.0007968997379066423,
                0.0005510854389285669
            ],
            "output_layer": 0.009844626300036907
        },
        {
            "hidden_layers": [
                0.0024605703074485064,
                0.0020266648061806336,
                0.0008568029697926249,
                0.00045721792412223294,
                0.0003423022135393694
            ],
            "output_layer": 0.007420441601425409
        },
        {
            "hidden_layers": [
                0.0031560573261231184,
                0.002154959467588924,
                0.0009694396139821038,
                0.00046087189548416063,
                0.0003376460517756641
            ],
            "output_layer": 0.006953512318432331
        },
        {
            "hidden_layers": [
                0.002976273186504841,
                0.0019404648555791937,
                0.000742423868359765,
                0.00047129012455116026,
                0.0003321159110782901
            ],
            "output_layer": 0.007599325384944677
        },
        {
            "hidden_layers": [
                0.003700096160173416,
                0.0019209774836781435,
                0.0007845531872590072,
                0.0005158479325473309,
                0.0004172352491877973
            ],
            "output_layer": 0.006953679025173187
        },
        {
            "hidden_layers": [
                0.004622035659849644,
                0.0021092553579364903,
                0.0009249565337086096,
                0.0005777221776952501,
                0.00041549607703927904
            ],
            "output_layer": 0.00822070986032486
        },
        {
            "hidden_layers": [
                0.0033444580622017384,
                0.001942165930813644,
                0.0008860296438797377,
                0.0005423411639640108,
                0.00039128807293309364
            ],
            "output_layer": 0.006913580000400543
        },
        {
            "hidden_layers": [
                0.0035292748361825943,
                0.002205365657573566,
                0.0009764430578798056,
                0.0007157563195505645,
                0.0005953706659056479
            ],
            "output_layer": 0.00807959120720625
        },
        {
            "hidden_layers": [
                0.003054274944588542,
                0.0019784557225648314,
                0.0009230058421962894,
                0.0006396412354661152,
                0.0005102670329506509
            ],
            "output_layer": 0.00742295989766717
        },
        {
            "hidden_layers": [
                0.002206651493906975,
                0.0019169399893144146,
                0.0009240826475434005,
                0.0006017062842147425,
                0.000341723753081169
            ],
            "output_layer": 0.006078395992517471
        },
        {
            "hidden_layers": [
                0.004208910278975964,
                0.0020396666805027053,
                0.0010251168278045952,
                0.0006415928437490948,
                0.0003417100106162252
            ],
            "output_layer": 0.008346273563802242
        },
        {
            "hidden_layers": [
                0.004262552130967379,
                0.002034093515248969,
                0.0010930869320873171,
                0.0006491226267826278,
                0.0004029681113024708
            ],
            "output_layer": 0.00786504615098238
        },
        {
            "hidden_layers": [
                0.0024891337379813194,
                0.0014902542607160285,
                0.000781857506808592,
                0.0004874019359704107,
                0.0002754854031081777
            ],