{
    "train_losses": [
        1.7571325461749014,
        1.418731864021715,
        1.28518939527691,
        1.1892143399627113,
        1.1061075620162173,
        1.0430612733900713,
        0.9824101189602475,
        0.929702328311073,
        0.8796026854433566,
        0.840733956747245,
        0.798726098659711,
        0.7626563604401055,
        0.7267723598880984,
        0.6983058474681997,
        0.6639369860333929,
        0.6372004811070924,
        0.6093534443453169,
        0.5904797457392063,
        0.5627286102187606,
        0.5424172807792654,
        0.5243388282777235,
        0.5023927465293483,
        0.4830863495328146,
        0.4652750882667694,
        0.44421090130452745,
        0.43064161086524,
        0.41492049026693006,
        0.398348133575882,
        0.3841869738536682,
        0.37005490183490614,
        0.3485580057839719,
        0.3379339479822714,
        0.3257770750172798,
        0.31406440859676416,
        0.3011377961122755,
        0.2893579792008442,
        0.27663405294771537,
        0.2654610364100872,
        0.2503948577618667,
        0.2415402948941261
    ],
    "valid_losses": [
        1.4959600061178204,
        1.3191349625587465,
        1.2934357196092607,
        1.1435888618230823,
        1.0770691007375714,
        1.005348214507103,
        0.9049027040600777,
        0.9158662647008896,
        0.8382075443863868,
        0.8168097347021103,
        0.7336632251739502,
        0.7045964315533637,
        0.6736138045787813,
        0.6820735231041907,
        0.6148282885551453,
        0.5905725076794625,
        0.578818167746067,
        0.5524456530809401,
        0.515665163844824,
        0.48816490843892096,
        0.47926941514015203,
        0.45952580645680424,
        0.4819313697516919,
        0.3999157063663006,
        0.4014063671231269,
        0.38509974032640454,
        0.39951374754309654,
        0.36750391721725456,
        0.3711935766041279,
        0.32314086444675927,
        0.29135771468281735,
        0.31374895833432676,
        0.29358187951147563,
        0.28230390883982176,
        0.25101469755172734,
        0.26845043525099754,
        0.23425169996917244,
        0.2157697169110179,
        0.23420836664736278,
        0.19090387523174285
    ],
    "train_accs": [
        0.35750534188034155,
        0.48346242877492873,
        0.533676103988604,
        0.5738737535612536,
        0.6037437678062672,
        0.6285389957264953,
        0.6509971509971507,
        0.6705172720797724,
        0.6888577279202269,
        0.7004985754985756,
        0.7181267806267798,
        0.7307024572649563,
        0.7447248931623924,
        0.7572560541310543,
        0.7668936965811962,
        0.7770432692307693,
        0.7862802706552694,
        0.7941150284900279,
        0.8039529914529909,
        0.8121216168091158,
        0.8180867165242145,
        0.8253427706552693,
        0.8318420584045576,
        0.8376958689458677,
        0.8460202991452989,
        0.8515402421652417,
        0.8567040598290596,
        0.862112713675214,
        0.8684116809116806,
        0.8735309829059834,
        0.8804754273504278,
        0.8856615028490037,
        0.8889111467236475,
        0.8927394943019948,
        0.898214921652422,
        0.9019097222222215,
        0.9053374287749278,
        0.9084312678062675,
        0.9154870014245001,
        0.9174456908831902
    ],
    "valid_accs": [
        0.4488281249999999,
        0.5220703125,
        0.539453125,
        0.5966796875,
        0.6201171875000001,
        0.6427734375000002,
        0.6777343750000001,
        0.6738281250000001,
        0.7037109375,
        0.7138671875000001,
        0.7443359374999999,
        0.7509765625000001,
        0.7687499999999998,
        0.7638671875000002,
        0.7871093749999998,
        0.7925781249999999,
        0.7951171874999999,
        0.8007812499999997,
        0.8167968749999998,
        0.8310546874999998,
        0.8384765624999999,
        0.84375,
        0.8316406249999999,
        0.8626953124999999,
        0.8558593749999999,
        0.8644531249999999,
        0.8630859375,
        0.8724609375000001,
        0.8710937500000001,
        0.8841796875000002,
        0.9033203125,
        0.8908203124999998,
        0.8919921875000002,
        0.9025390625,
        0.9166015625,
        0.90546875,
        0.9236328125000004,
        0.9314453125000001,
        0.9271484375000001,
        0.9433593750000002
    ],
    "test_loss": 0.6285051465788977,
    "test_acc": 0.8005340189873416,
    "gradient_flows": [
        {
            "hidden_layers": [
                0.01161361113190651,
                0.006834033643826842,
                0.0029946708236820996,
                0.0013838055892847478,
                0.0006646991241723299
            ],
            "output_layer": 0.013768774457275867
        },
        {
            "hidden_layers": [
                0.01125619001686573,
                0.00605219358112663,
                0.002827411633916199,
                0.0013405567733570933,
                0.0006097486839280464
            ],
            "output_layer": 0.008199501782655716
        },
        {
            "hidden_layers": [
                0.014915457926690578,
                0.006317952764220536,
                0.0028786746552214026,
                0.0014076254738029093,
                0.000660895137116313
            ],
            "output_layer": 0.021342618390917778
        },
        {
            "hidden_layers": [
                0.01898365654051304,
                0.0063632812816649675,
                0.0027720063808374107,
                0.0013434042048174888,
                0.000617676239926368
            ],
            "output_layer": 0.016328884288668633
        },
        {
            "hidden_layers": [
                0.014787303283810616,
                0.006746486644260585,
                0.0030163138289935887,
                0.0015128620434552431,
                0.0006718849908793345
            ],
            "output_layer": 0.014728300273418427
        },
        {
            "hidden_layers": [
                0.015138685703277588,
                0.006488851853646338,
                0.003070314705837518,
                0.0015329668822232634,
                0.0006937988800927997
            ],
            "output_layer": 0.023677131161093712
        },
        {
            "hidden_layers": [
                0.011442488990724087,
                0.005585073726251721,
                0.0025672951014712453,
                0.0013384366175159812,
                0.0005985865427646786
            ],
            "output_layer": 0.013916526921093464
        },
        {
            "hidden_layers": [
                0.013265513814985752,
                0.005790285766124725,
                0.002826118201483041,
                0.001471650757594034,
                0.0006461337106884457
            ],
            "output_layer": 0.016415061429142952
        },
        {
            "hidden_layers": [
                0.021773183718323708,
                0.006608166848309338,
                0.002990509558003396,
                0.0015621511556673795,
                0.000674543553031981
            ],
            "output_layer": 0.008906788192689419
        },
        {
            "hidden_layers": [
                0.014355700463056564,
                0.005487795453518629,
                0.0026716612046584487,
                0.0015100568707566708,
                0.0006759080788469873
            ],
            "output_layer": 0.00994961615651846
        },
        {
            "hidden_layers": [
                0.014770282432436943,
                0.005824314430356026,
                0.002664150728378445,
                0.001432841963833198,
                0.0006134515788289718
            ],