{
    "train_losses": [
        1.757629112640338,
        1.4126074490723792,
        1.2810179857786566,
        1.184201970399275,
        1.1068096057302255,
        1.0418440098436474,
        0.9830499705765658,
        0.9321900025392192,
        0.8835149814939903,
        0.8454143347223946,
        0.8048223841224299,
        0.7703733573272358,
        0.732144621617434,
        0.7065225289418152,
        0.6726469079143984
    ],
    "valid_losses": [
        1.482241293787956,
        1.3036974042654037,
        1.3074529349803923,
        1.1518536821007728,
        1.0692374527454374,
        1.016888102889061,
        0.930229242146015,
        0.913963122665882,
        0.8767594933509826,
        0.8283019155263899,
        0.7905144110321998,
        0.7548244461417201,
        0.6822349473834038,
        0.6987926498055458,
        0.6502708621323107
    ],
    "train_accs": [
        0.3580172720797715,
        0.4841301638176638,
        0.534477386039886,
        0.5755653490028492,
        0.6049679487179482,
        0.6281606125356125,
        0.652265847578347,
        0.6700053418803407,
        0.6868322649572646,
        0.6992298789173785,
        0.7159232549857548,
        0.7284989316239308,
        0.7418091168091161,
        0.7518028846153844,
        0.7646233974358977
    ],
    "valid_accs": [
        0.4626953125000002,
        0.5287109375000001,
        0.5376953124999999,
        0.5966796875000002,
        0.6156250000000002,
        0.6386718749999999,
        0.6740234374999999,
        0.6769531249999999,
        0.7001953125000001,
        0.7126953124999998,
        0.7292968750000002,
        0.7404296875,
        0.7640625000000001,
        0.7556640625,
        0.7748046875000001
    ],
    "test_loss": 0.7885144798061516,
    "test_acc": 0.7255735759493667
}