{
    "train_losses": [
        1.9972473926354009,
        1.3600841709691225,
        1.1711182151085286,
        1.0808776177232424,
        1.0209459699796468,
        0.9773240821314002,
        0.9332884096691753,
        0.8946276690885206,
        0.8668806889118295,
        0.8330145496928115,
        0.8024272475487144,
        0.7756873177327315,
        0.7524609557244171,
        0.7221993849827691,
        0.6971447478841851,
        0.6733009257377721,
        0.6474954598819419,
        0.62607833454412,
        0.5984393480496529,
        0.5767208815809667,
        0.5497199525350862,
        0.5289419295101764,
        0.5065575699690742,
        0.4868554680945189,
        0.4600245775150778,
        0.43591007598784565,
        0.40963807218095155,
        0.38993863481232266,
        0.36658942007441137,
        0.34304872932087654,
        0.3201502516568557,
        0.30121335332040433,
        0.28109501646115237,
        0.2613078449611311,
        0.25240564168008994,
        0.2290251393858187,
        0.21767047618613966,
        0.19935221486111987,
        0.18685444414700533,
        0.1779826795974179
    ],
    "valid_losses": [
        1.5707026600837708,
        1.2347168385982514,
        1.137574020028114,
        1.0589616432785989,
        0.9418097257614133,
        0.9633235663175584,
        0.9446405053138731,
        0.8541021645069122,
        0.8533919408917425,
        0.8277203097939487,
        0.8490009412169457,
        0.7625331804156303,
        0.7403051063418388,
        0.7222174778580667,
        0.6644943624734879,
        0.6596984997391698,
        0.6163502357900142,
        0.5618203416466715,
        0.5753055542707444,
        0.5594507731497287,
        0.506167285889387,
        0.4909865066409112,
        0.46510641351342197,
        0.44767066612839707,
        0.43972972482442857,
        0.3950646854937076,
        0.364508529379964,
        0.3441982701420784,
        0.3481890536844731,
        0.34176204465329646,
        0.32203318700194367,
        0.27717330157756803,
        0.26270462758839125,
        0.24378251433372497,
        0.24964943267405035,
        0.21832963009364906,
        0.23475985825061801,
        0.20397951249033208,
        0.21494395583868034,
        0.1948493180796504
    ],
    "train_accs": [
        0.3128116096866092,
        0.5087695868945871,
        0.5801949786324778,
        0.6151620370370365,
        0.6369524572649571,
        0.6544248575498574,
        0.6735220797720801,
        0.6819132834757833,
        0.6959357193732191,
        0.7063301282051277,
        0.7172142094017093,
        0.7265624999999996,
        0.7352207977207971,
        0.7427216880341871,
        0.7552973646723636,
        0.7645566239316229,
        0.7690527065527066,
        0.7779558404558403,
        0.7878828347578342,
        0.7957398504273496,
        0.8034410612535597,
        0.8118990384615371,
        0.8186654202279194,
        0.8256098646723637,
        0.8360487891737877,
        0.8431935541310531,
        0.8522970085470084,
        0.8613559472934468,
        0.8691461894586895,
        0.8794293091168103,
        0.8842592592592591,
        0.8918714387464393,
        0.8997061965811968,
        0.9068064458689455,
        0.9111244658119645,
        0.9169337606837602,
        0.9218972578347572,
        0.9292646011395994,
        0.9325587606837589,
        0.9367209757834744
    ],
    "valid_accs": [
        0.439453125,
        0.5494140624999999,
        0.6064453124999999,
        0.6330078124999999,
        0.6710937499999998,
        0.671484375,
        0.6855468749999999,
        0.7023437500000002,
        0.7101562499999998,
        0.7158203125000001,
        0.7091796874999999,
        0.7337890625000001,
        0.7496093749999998,
        0.7519531250000001,
        0.76875,
        0.7744140625000001,
        0.7888671874999998,
        0.80859375,
        0.8009765625,
        0.8046875,
        0.8271484375000001,
        0.8343749999999999,
        0.8396484375000001,
        0.8480468749999998,
        0.8472656250000001,
        0.8693359375000002,
        0.8759765624999999,
        0.88125,
        0.88046875,
        0.887890625,
        0.8943359374999998,
        0.909765625,
        0.9169921874999998,
        0.9216796874999998,
        0.9203125000000001,
        0.9326171874999999,
        0.9246093750000001,
        0.9361328125,
        0.9347656250000003,
        0.9404296875
    ],
    "test_loss": 0.8894794492781917,
    "test_acc": 0.7605814873417724,
    "gradient_flows": [
        {
            "hidden_layers": [
                0.00029126647859811783,
                0.0010262488749503973,
                0.00040157059993362054
            ],
            "output_layer": 0.011485054157674313
        },
        {
            "hidden_layers": [
                0.00047577021177858114,
                0.0010254163753415924,
                0.00023235243497765623
            ],
            "output_layer": 0.005067487712949514
        },
        {
            "hidden_layers": [
                0.00048559665447100997,
                0.000932036580707063,
                0.0002324512261111522
            ],
            "output_layer": 0.004501805175095797
        },
        {
            "hidden_layers": [
                0.0008192032109946012,
                0.0011973620539720287,
                0.00037953874925733544
            ],
            "output_layer": 0.00523024657741189
        },
        {
            "hidden_layers": [
                0.000584915280342102,
                0.0010295833772033802,
                0.00022484653709398117
            ],
            "output_layer": 0.004929268267005682
        },
        {
            "hidden_layers": [
                0.0008191731758415699,
                0.0011813291639555246,
                0.0002883065403693763
            ],
            "output_layer": 0.003965306561440229
        },
        {
            "hidden_layers": [
                0.0007603405974805355,
                0.0011742994774976978,
                0.00022583403551834635
            ],
            "output_layer": 0.005056781694293022
        },
        {
            "hidden_layers": [
                0.0006661392981186509,
                0.0011278853671683464,
                0.00025615186223149067
            ],
            "output_layer": 0.004199364222586155
        },
        {
            "hidden_layers": [
                0.0005579456919804215,
                0.0010292180468240986,
                0.0002475657702234457
            ],
            "output_layer": 0.003982412163168192
        },
        {
            "hidden_layers": [
                0.0010954129975289106,
                0.0011013927551175584,
                0.0002588868178463599
            ],
            "output_layer": 0.004837223328649998
        },
        {
            "hidden_layers": [
                0.0008326386450789869,
                0.000968972882219532,
                0.00021131883204361657
            ],
            "output_layer": 0.004602819215506315
        },
        {
            "hidden_layers": [
                0.0009824285516515374,
                0.0009592329424776835,
                0.00018307196137357096
            ],
            "output_layer": 0.003832143498584628
        },
        {
            "hidden_layers": [
                0.0006555744912475348,
                0.0008423609569945256,
                0.00015451593367288297
            ],
            "output_layer": 0.0037986859679222107
        },
        {
            "hidden_layers": [
                0.0008679315214976668,
                0.0010216408727501403,
                0.00018256740440847352
            ],