{
    "train_losses": [
        1.9986624795826733,
        1.3665080916168342,
        1.1781546205197297,
        1.0837447706111143,
        1.025080535486553,
        0.9792974606538426,
        0.9322568792902842,
        0.8938997824307521,
        0.8588829431099086,
        0.8258937447838632,
        0.795288060295616,
        0.767405999521924,
        0.7419113622092112,
        0.7081387250172112,
        0.6805127018537278
    ],
    "valid_losses": [
        1.5724957853555677,
        1.2403388530015944,
        1.1546499162912365,
        1.0622426852583886,
        1.0095668911933897,
        0.9709229484200476,
        0.9229040160775184,
        0.8665533095598219,
        0.8330718576908112,
        0.8064122781157493,
        0.798993730545044,
        0.7526013687252998,
        0.7574251607060434,
        0.6969421327114105,
        0.6493339583277703
    ],
    "train_accs": [
        0.3142361111111107,
        0.5085024928774928,
        0.5789262820512818,
        0.6127136752136753,
        0.6369747150997145,
        0.6534677706552697,
        0.6730101495726489,
        0.6847622863247859,
        0.6976050569800561,
        0.7111378205128199,
        0.7208199786324779,
        0.7284321581196574,
        0.7393384971509975,
        0.7522480413105412,
        0.7594595797720793
    ],
    "valid_accs": [
        0.44179687499999987,
        0.5525390624999998,
        0.5937499999999999,
        0.6322265624999999,
        0.6517578124999998,
        0.6609375000000001,
        0.684765625,
        0.6998046875,
        0.716015625,
        0.7257812499999999,
        0.7246093749999999,
        0.741796875,
        0.7421875,
        0.7591796875000001,
        0.7759765624999998
    ],
    "test_loss": 0.7991683618931831,
    "test_acc": 0.7171677215189874
}