{
    "train_losses": [
        1.9432567337639313,
        1.468256578825817,
        1.339025745704303,
        1.2486551313998016,
        1.1773866635781742,
        1.115439289995069,
        1.0725628264948845,
        1.0219987167252431,
        0.9795037939337924,
        0.9464682216657876,
        0.9161687252188682,
        0.8763835727319418,
        0.8463849649470082,
        0.8215881497771653,
        0.8023042235618981
    ],
    "valid_losses": [
        1.6561772733926774,
        1.3905945062637328,
        1.2985058993101122,
        1.20297172665596,
        1.1298930421471594,
        1.1363209158182144,
        1.111105705797672,
        0.914431557059288,
        0.9722329989075662,
        0.9182100325822831,
        0.8779567822813988,
        0.8230998560786246,
        0.7814568921923636,
        0.7606716319918632,
        0.7849747702479363
    ],
    "train_accs": [
        0.28127225783475723,
        0.46558938746438694,
        0.5165820868945871,
        0.5515936609686609,
        0.578481125356125,
        0.6008057336182339,
        0.618990384615384,
        0.6366185897435893,
        0.6502626424501423,
        0.6626825142450132,
        0.6738559472934474,
        0.6886574074074073,
        0.7018340455840453,
        0.70764334045584,
        0.7158787393162385
    ],
    "valid_accs": [
        0.41503906250000006,
        0.5083984375,
        0.5625000000000001,
        0.5970703125000002,
        0.6107421875,
        0.6158203125,
        0.628515625,
        0.6882812500000002,
        0.6761718749999999,
        0.6960937500000002,
        0.7072265624999999,
        0.7251953125000001,
        0.7423828125000002,
        0.7453125,
        0.7400390625
    ],
    "test_loss": 0.9019827307025091,
    "test_acc": 0.7026305379746836
}