{
    "train_losses": [
        1.4873133041919804,
        1.1361550097791553,
        0.9545189502232435,
        0.8285743190012769,
        0.7378792561526979,
        0.6603865901968755,
        0.5927183565251168,
        0.5451988362179176,
        0.49397449462841725,
        0.4520452349444062,
        0.40987194136337,
        0.37066592530817044,
        0.34427422246871836,
        0.3107783545201317,
        0.28939133169304615,
        0.2671830100551291,
        0.24042642757593738,
        0.22909862611793044,
        0.20397873220705248,
        0.19489865151480734,
        0.17711732627829255,
        0.16522159229995867,
        0.1572887974119933,
        0.1422467233130226,
        0.13928522944365468,
        0.13232588194883788,
        0.12530824353127737,
        0.1174520965442698,
        0.11291397182520312,
        0.10706485538316249,
        0.1030265164277663,
        0.09784052701417534,
        0.09524350758228041,
        0.08523563604451649,
        0.08444925831190365,
        0.08407776832495667,
        0.0852073459352693,
        0.08313515008907456,
        0.08045847186463169,
        0.07504400243966756
    ],
    "valid_losses": [
        1.226665431261062,
        1.0055608734488486,
        0.9147788166999817,
        0.8631367295980454,
        0.735800677537918,
        0.5927803814411162,
        0.5068753864616156,
        0.464910651743412,
        0.4296600326895713,
        0.47682307958602904,
        0.3333119656890632,
        0.32963119558990017,
        0.3161618094891309,
        0.29687007479369637,
        0.2507381118834019,
        0.22727158423513172,
        0.22128083556890482,
        0.21455276310443872,
        0.16539419051259757,
        0.1457322838716209,
        0.1714736519381404,
        0.1677130620926619,
        0.16059957337565722,
        0.13577687228098512,
        0.12319061253219846,
        0.12386191058903932,
        0.12196179646998646,
        0.13483527693897487,
        0.12338443831540646,
        0.11770232589915398,
        0.12341098580509423,
        0.10392628125846387,
        0.12521441010758283,
        0.11226211483590307,
        0.1325740052387118,
        0.09720762306824324,
        0.10455457847565412,
        0.11977343382313847,
        0.09262250559404495,
        0.07734943267423659
    ],
    "train_accs": [
        0.4644764957264959,
        0.5933048433048429,
        0.6586093304843302,
        0.7065972222222221,
        0.7398504273504267,
        0.7685852920227918,
        0.7931356837606832,
        0.808493589743589,
        0.8269230769230759,
        0.8410790598290592,
        0.8580840455840455,
        0.871683582621083,
        0.8817441239316242,
        0.8926282051282061,
        0.8996839387464384,
        0.9067841880341869,
        0.9159989316239306,
        0.9221643518518504,
        0.9313123219373207,
        0.9319800569800557,
        0.9398815883190879,
        0.9438879985754983,
        0.9458244301994307,
        0.9520788817663828,
        0.9514111467236477,
        0.9543936965811988,
        0.9565972222222248,
        0.9591791310541338,
        0.9613826566951597,
        0.9626513532763574,
        0.9634971509971545,
        0.9665909900284942,
        0.9672809829059864,
        0.971955128205133,
        0.9719996438746484,
        0.9702635327635373,
        0.9709312678062724,
        0.9709312678062721,
        0.9724670584045632,
        0.9741586538461589
    ],
    "valid_accs": [
        0.5611328125,
        0.646484375,
        0.6818359374999999,
        0.701953125,
        0.7498046875000002,
        0.7908203125000001,
        0.8296875000000001,
        0.8416015625,
        0.8533203125000001,
        0.8326171875000001,
        0.8873046875,
        0.8927734375,
        0.8841796874999999,
        0.8982421875,
        0.9101562499999998,
        0.9197265624999998,
        0.9308593750000002,
        0.9351562499999996,
        0.9462890624999999,
        0.9529296875,
        0.9427734375,
        0.9458984375,
        0.9503906250000002,
        0.9607421875,
        0.9613281249999999,
        0.9607421874999998,
        0.9609375000000001,
        0.9595703125,
        0.9654296874999997,
        0.9673828125000001,
        0.9640625,
        0.9701171875000002,
        0.9640624999999999,
        0.9673828125000001,
        0.9595703124999998,
        0.9712890625000001,
        0.9664062500000001,
        0.962890625,
        0.9755859375000001,
        0.9792968750000002
    ],
    "test_loss": 0.6635020320551305,
    "test_acc": 0.8392009493670884,
    "gradient_flows": [
        {
            "hidden_layers": [
                0.014359823428094387,
                0.0066445390693843365,
                0.002633972035255283,
                0.0011695989524014294,
                0.000475993707368616
            ],
            "output_layer": 0.01250583864748478
        },
        {
            "hidden_layers": [
                0.013721237890422344,
                0.0062559269135817885,
                0.002479072252754122,
                0.0011059855169150978,
                0.00043834384996443987
            ],
            "output_layer": 0.007767495699226856
        },
        {
            "hidden_layers": [
                0.010775170288980007,
                0.005371453589759767,
                0.002220955095253885,
                0.0010256737587042153,
                0.0004081264778506011
            ],
            "output_layer": 0.012810311280190945
        },
        {
            "hidden_layers": [
                0.01242823526263237,
                0.005191712698433548,
                0.0020059854723513126,
                0.0009705207630759105,
                0.00040777998219709843
            ],
            "output_layer": 0.013427200727164745
        },
        {
            "hidden_layers": [
                0.01931013911962509,
                0.007098788861185312,
                0.002501151291653514,
                0.0011977112735621631,
                0.00048378615610999987
            ],
            "output_layer": 0.015395373106002808
        },
        {
            "hidden_layers": [
                0.014228461310267448,
                0.005434604943729937,
                0.001995988975977525,
                0.001007084734737873,
                0.0004357968646218069
            ],
            "output_layer": 0.019836222752928734
        },
        {
            "hidden_layers": [
                0.012873237021267414,
                0.004342705418821424,
                0.0017266376817133278,
                0.0008886969881132245,
                0.0003800759732257575
            ],
            "output_layer": 0.008898958563804626
        },
        {
            "hidden_layers": [
                0.012799499556422234,
                0.0050091572920791805,
                0.00202027490013279,
                0.001059591886587441,
                0.00045951633364893496
            ],
            "output_layer": 0.016137689352035522
        },
        {
            "hidden_layers": [
                0.011396854184567928,
                0.004948869813233614,
                0.0020394606981426477,
                0.001059616479324177,
                0.00044081948362872936
            ],
            "output_layer": 0.00658648693934083
        },
        {
            "hidden_layers": [
                0.012354797683656216,
                0.004529894678853452,
                0.0018768006993923336,
                0.0010073623125208542,
                0.0004348097245383542
            ],
            "output_layer": 0.008029515855014324
        },
        {
            "hidden_layers": [
                0.011338779702782631,
                0.004431767447385937,
                0.001719784107990563,
                0.0009614648297429085,
                0.00041897322807926685
            ],