{
    "train_losses": [
        1.4919812057772257,
        1.1423071057368541,
        0.9573977620173729,
        0.8322085490253918,
        0.7392983721871662,
        0.661319142138516,
        0.5940206434651999,
        0.5440231884306993,
        0.49305094553534456,
        0.45101448800149474,
        0.4079932384511346,
        0.3714337296720243,
        0.34541700126608554,
        0.3141061275178553,
        0.29041042321088306
    ],
    "valid_losses": [
        1.2306255728006363,
        0.9753844991326334,
        0.9094552755355834,
        0.8485070809721946,
        0.7424424640834332,
        0.585618729889393,
        0.48540920428931705,
        0.4667853526771069,
        0.4630226589739323,
        0.3998298529535534,
        0.34427485801279545,
        0.33309546224772935,
        0.30420136414468285,
        0.29006232917308805,
        0.24360038302838805
    ],
    "train_accs": [
        0.4612936253561251,
        0.5880519943019943,
        0.659521901709401,
        0.7079326923076917,
        0.736712072649572,
        0.7691862535612527,
        0.7908876424501418,
        0.8094061609686595,
        0.8277466168091164,
        0.8421474358974348,
        0.8575721153846145,
        0.8712606837606837,
        0.8788060897435901,
        0.8901798433048437,
        0.8989271723646725
    ],
    "valid_accs": [
        0.5601562499999999,
        0.65,
        0.6890624999999999,
        0.7095703124999998,
        0.73984375,
        0.7978515624999998,
        0.8328125000000002,
        0.8386718749999998,
        0.8359374999999997,
        0.8615234374999998,
        0.8787109375000001,
        0.88671875,
        0.8927734374999998,
        0.8994140625000001,
        0.9205078125
    ],
    "test_loss": 0.640132426461087,
    "test_acc": 0.8017207278481011
}