{
    "train_losses": [
        1.8941554106198817,
        1.3391569109044528,
        1.1947555226138522,
        1.1093776903600767,
        1.0588031103807984,
        1.014267018038323,
        0.9763077636729618,
        0.9405952851656832,
        0.9125556461831448,
        0.8882923438678103,
        0.8618511783431398,
        0.8420254175479592,
        0.8247509860245257,
        0.7969877184965667,
        0.7790321668668355,
        0.7572362893327346,
        0.744411120387564,
        0.7224388368788607,
        0.7063472011150462,
        0.6911999761548819,
        0.670681476932646,
        0.6514613089228627,
        0.6437880824773737,
        0.6256434462348958,
        0.6072401737215853,
        0.593034683639168,
        0.5767967857186951,
        0.5644091117246199,
        0.5423864521871603,
        0.535061860186422,
        0.5155635472716088,
        0.5004215120759786,
        0.4853521312064254,
        0.47450571938118025,
        0.461967187304782,
        0.44268330766095015,
        0.4354908627237692,
        0.41257132394531165,
        0.4046967453681505,
        0.3868497278106177
    ],
    "valid_losses": [
        1.5015310525894163,
        1.2747552990913391,
        1.157630105316639,
        1.0913796454668043,
        0.9767006739974022,
        0.9716235518455506,
        0.9718411162495615,
        0.8993460863828661,
        0.8982726082205769,
        0.9156644836068154,
        0.8824757441878315,
        0.8704447761178017,
        0.7974194020032884,
        0.7764283105731011,
        0.7234383285045624,
        0.7572653830051423,
        0.7114084511995314,
        0.6877129912376407,
        0.6996276959776877,
        0.6668894268572332,
        0.6221382282674313,
        0.5711230114102364,
        0.5837574280798434,
        0.6042694367468356,
        0.5566762149333953,
        0.5135521493852139,
        0.49110386967659003,
        0.5256140917539598,
        0.5476011089980602,
        0.49161135703325287,
        0.47129168882966027,
        0.41106947809457783,
        0.4091911539435388,
        0.3888881593942642,
        0.3689295247197151,
        0.34797752648592,
        0.37172239422798153,
        0.33365180306136616,
        0.3003707986325026,
        0.29968137070536616
    ],
    "train_accs": [
        0.3463764245014245,
        0.5154024216524214,
        0.5729166666666671,
        0.6070379273504274,
        0.6258012820512823,
        0.6402021011396009,
        0.6571180555555552,
        0.6670227920227924,
        0.6789975071225066,
        0.6868100071225076,
        0.6956908831908831,
        0.7029914529914523,
        0.7093126780626781,
        0.7188390313390304,
        0.7269186253561248,
        0.7350204772079763,
        0.7353766025641018,
        0.7427884615384615,
        0.7517361111111107,
        0.7554754273504263,
        0.7621305199430196,
        0.7698094729344727,
        0.7730591168091165,
        0.7791800213675212,
        0.7853676994301995,
        0.7920673076923074,
        0.7941372863247853,
        0.8012152777777772,
        0.8065349002848992,
        0.8116542022792018,
        0.816773504273504,
        0.8226273148148142,
        0.8264111467236459,
        0.8297498219373212,
        0.8347800925925914,
        0.840878739316238,
        0.842637108262108,
        0.8498709045584032,
        0.8555689102564094,
        0.8613782051282052
    ],
    "valid_accs": [
        0.46328124999999987,
        0.5490234374999999,
        0.5992187499999999,
        0.6250000000000002,
        0.66875,
        0.6710937499999999,
        0.67734375,
        0.6955078124999999,
        0.70234375,
        0.7048828125000002,
        0.7123046875,
        0.7167968749999999,
        0.7353515625,
        0.7408203124999996,
        0.7607421874999999,
        0.7517578124999997,
        0.771484375,
        0.77421875,
        0.769921875,
        0.7855468749999998,
        0.8003906250000001,
        0.8052734375000001,
        0.8085937500000001,
        0.8001953125000001,
        0.8146484374999999,
        0.8271484374999998,
        0.8373046875,
        0.8283203125,
        0.8195312499999999,
        0.8427734374999999,
        0.8460937499999999,
        0.8595703124999999,
        0.8617187499999999,
        0.8744140624999999,
        0.8738281250000001,
        0.8779296875,
        0.8794921875,
        0.8865234375000001,
        0.8990234375,
        0.9015624999999998
    ],
    "test_loss": 0.8142026979711989,
    "test_acc": 0.7729430379746838,
    "gradient_flows": [
        {
            "hidden_layers": [
                0.00047929020365700126,
                0.0009265546159440419,
                0.0003355761891725706
            ],
            "output_layer": 0.0049176583997905254
        },
        {
            "hidden_layers": [
                0.0005269519751891494,
                0.0010761173816717928,
                0.00020064120508322958
            ],
            "output_layer": 0.0046679130755364895
        },
        {
            "hidden_layers": [
                0.0005469400202855468,
                0.0010711914501371211,
                0.00019127070027025184
            ],
            "output_layer": 0.004471539985388517
        },
        {
            "hidden_layers": [
                0.0009817095706239343,
                0.0010246598358207848,
                0.0002745526171565871
            ],
            "output_layer": 0.005078864749521017
        },
        {
            "hidden_layers": [
                0.0007475431775674224,
                0.0010573654999461723,
                0.00022434937181969872
            ],
            "output_layer": 0.0053830258548259735
        },
        {
            "hidden_layers": [
                0.0010649901814758778,
                0.0011083660665462958,
                0.0001793043666111771
            ],
            "output_layer": 0.004305681213736534
        },
        {
            "hidden_layers": [
                0.0008145528845489025,
                0.0011989417325821705,
                0.00020179030434519518
            ],
            "output_layer": 0.004808126948773861
        },
        {
            "hidden_layers": [
                0.0007966153207235038,
                0.0008839336469463888,
                0.0001690048620730522
            ],
            "output_layer": 0.0043317112140357494
        },
        {
            "hidden_layers": [
                0.0007743695168755949,
                0.0009953540711649111,
                0.00014693368211737834
            ],
            "output_layer": 0.004233455751091242
        },
        {
            "hidden_layers": [
                0.0010320564033463597,
                0.0011739647379727103,
                0.0001837688482737576
            ],
            "output_layer": 0.005071574356406927
        },
        {
            "hidden_layers": [
                0.0008630243828520179,
                0.001022432952595409,
                0.00018998314862983534
            ],
            "output_layer": 0.0050858198665082455
        },
        {
            "hidden_layers": [
                0.0007657584501430392,
                0.0009177761439786991,
                0.0001397486851146823
            ],
            "output_layer": 0.0038276889827102423
        },
        {
            "hidden_layers": [
                0.000870297837536782,
                0.0008977279185273801,
                0.00015041542746985215
            ],
            "output_layer": 0.00416575325652957
        },
        {
            "hidden_layers": [
                0.0009804914006963372,
                0.0009992362411139766,
                0.0001640744631004054
            ],