{
    "train_losses": [
        1.8939459266146343,
        1.3382867068646644,
        1.1922648316434987,
        1.1061201022561111,
        1.0562958034694705,
        1.0126743004192995,
        0.9725675083633161,
        0.9401682346974348,
        0.9130539016166639,
        0.8894243218280655,
        0.8579148636584272,
        0.8348402177166737,
        0.8260519946063007,
        0.7939998692596735,
        0.7747720522418671
    ],
    "valid_losses": [
        1.4962481766939162,
        1.2726362913846971,
        1.1888390630483625,
        1.0938876137137412,
        0.9691527754068375,
        0.9750952810049057,
        0.9634337052702906,
        0.8960114166140555,
        0.8908178374171255,
        0.9016519114375114,
        0.8754796892404555,
        0.8771710634231566,
        0.8068088322877883,
        0.7987936913967136,
        0.7291195064783096
    ],
    "train_accs": [
        0.3465099715099714,
        0.5147124287749291,
        0.5736734330484332,
        0.6052350427350429,
        0.6253338675213672,
        0.6413149928774924,
        0.6574519230769227,
        0.6686698717948715,
        0.6805778133903133,
        0.6873664529914527,
        0.695757656695156,
        0.7053730413105403,
        0.7092904202279199,
        0.7207309472934468,
        0.7295450498575489
    ],
    "valid_accs": [
        0.46113281250000004,
        0.5587890624999999,
        0.5957031250000001,
        0.6275390624999999,
        0.6744140624999999,
        0.6738281250000001,
        0.6810546875000001,
        0.6958984374999997,
        0.7037109375,
        0.7085937499999999,
        0.7234375,
        0.7162109375,
        0.7386718750000002,
        0.738671875,
        0.7611328125000001
    ],
    "test_loss": 0.8523882084254976,
    "test_acc": 0.7140031645569621
}