{
    "train_losses": [
        1.5794583412996375,
        1.237825708002107,
        1.111848996915031,
        1.0223235105856874,
        0.9594687282869272,
        0.908981616340811,
        0.8634656292420846,
        0.826918860785981,
        0.7913646044214905,
        0.7543869716489421,
        0.723346696619974,
        0.6957487089511674,
        0.6753051767491889,
        0.6423171761198941,
        0.6112483762777768,
        0.5833019965734232,
        0.5525607432734934,
        0.5333551703355247,
        0.5113674088930475,
        0.479433367819528,
        0.4548215389761153,
        0.43009284605667464,
        0.41000894157804973,
        0.3898841039917065,
        0.36201972036789626,
        0.346311608440856,
        0.31953732741524354,
        0.3023019863499534,
        0.2917127095566176,
        0.26660687945507194,
        0.2605217075203557,
        0.24115718495726918,
        0.23440993473230945,
        0.2186799761746343,
        0.21690926095868782,
        0.19798552327685873,
        0.19675960667707312,
        0.1827316045803563,
        0.16910958099059578,
        0.17221086742913627
    ],
    "valid_losses": [
        1.3460784763097764,
        1.1799943983554841,
        1.11707468777895,
        0.9800354018807411,
        0.9411795526742937,
        0.8502735435962676,
        0.8511791080236435,
        0.7765239387750625,
        0.7558985948562623,
        0.7428869917988778,
        0.6853310510516166,
        0.6656833902001382,
        0.6250755317509173,
        0.5912545330822466,
        0.6118408620357514,
        0.5241931319236756,
        0.5173870764672756,
        0.47398253679275515,
        0.4493265181779862,
        0.4262552075088024,
        0.4064801268279552,
        0.3955070152878762,
        0.40756234526634216,
        0.3518368411809206,
        0.35551362372934814,
        0.3100694376975298,
        0.291281512659043,
        0.27016908153891567,
        0.3159238293766976,
        0.2898284167051316,
        0.2710279114544391,
        0.2564328145701439,
        0.25372377298772336,
        0.23944186037406331,
        0.23344601551070812,
        0.21551353596150877,
        0.21719483062624928,
        0.2107452454976738,
        0.19674008409492674,
        0.20006434535607698
    ],
    "train_accs": [
        0.43113425925925913,
        0.553619123931624,
        0.6056579415954412,
        0.6361734330484332,
        0.6617476851851853,
        0.6817129629629627,
        0.6956018518518515,
        0.7096242877492873,
        0.7203080484330483,
        0.734441773504273,
        0.7469951923076916,
        0.7553641381766376,
        0.7621082621082619,
        0.7725471866096857,
        0.7838541666666659,
        0.793758903133902,
        0.8034855769230759,
        0.8113871082621074,
        0.8170628561253552,
        0.8285256410256392,
        0.8384081196581187,
        0.8471777065527051,
        0.8543892450142446,
        0.8614449786324786,
        0.8705039173789187,
        0.875556445868946,
        0.8854389245014255,
        0.8918046652421646,
        0.89576655982906,
        0.9046474358974357,
        0.9087873931623925,
        0.914218304843303,
        0.9164440883190869,
        0.9227207977207958,
        0.9214075854700843,
        0.929197827635326,
        0.9300213675213661,
        0.9342058404558395,
        0.9403712606837603,
        0.9390803062678059
    ],
    "valid_accs": [
        0.5179687500000001,
        0.5892578125000001,
        0.6144531250000002,
        0.6556640625,
        0.6734375,
        0.6986328125,
        0.7013671874999998,
        0.7230468750000002,
        0.7374999999999998,
        0.7447265624999999,
        0.7607421875,
        0.7660156250000002,
        0.7810546875000002,
        0.7966796875000001,
        0.7900390625000001,
        0.8214843749999999,
        0.8248046875,
        0.8287109375,
        0.8458984374999999,
        0.8470703124999998,
        0.8562499999999998,
        0.85859375,
        0.8583984375000001,
        0.8794921875,
        0.8730468750000001,
        0.8958984375000002,
        0.904296875,
        0.9109375000000003,
        0.893359375,
        0.9060546875000001,
        0.9068359375000004,
        0.9144531250000003,
        0.9140624999999997,
        0.9287109375,
        0.9287109375000002,
        0.9333984375000001,
        0.9324218750000001,
        0.9392578125000002,
        0.9423828125000001,
        0.9392578124999997
    ],
    "test_loss": 0.9747403497937355,
    "test_acc": 0.7553401898734176,
    "gradient_flows": [
        {
            "hidden_layers": [
                0.001726839691400528,
                0.0016232264970312826,
                0.0014643134418292902
            ],
            "output_layer": 0.0063367015682160854
        },
        {
            "hidden_layers": [
                0.002992495894432068,
                0.0019329248752910644,
                0.0009824998851399869
            ],
            "output_layer": 0.0065308064222335815
        },
        {
            "hidden_layers": [
                0.003167585236951709,
                0.0024953501706477255,
                0.0013901872080168687
            ],
            "output_layer": 0.00889483094215393
        },
        {
            "hidden_layers": [
                0.0028216387145221233,
                0.0022163179237395525,
                0.0009103665433940478
            ],
            "output_layer": 0.007008275482803583
        },
        {
            "hidden_layers": [
                0.0027424348518252373,
                0.002553731406806037,
                0.0012074152036802843
            ],
            "output_layer": 0.00745729822665453
        },
        {
            "hidden_layers": [
                0.0025533665902912617,
                0.0020374951272970065,
                0.0008494570574839599
            ],
            "output_layer": 0.006068303715437651
        },
        {
            "hidden_layers": [
                0.00331599498167634,
                0.0024597938754595816,
                0.0010627127121551894
            ],
            "output_layer": 0.007235548924654722
        },
        {
            "hidden_layers": [
                0.002320684492588043,
                0.0019327598347445019,
                0.0008556518296245486
            ],
            "output_layer": 0.006101968698203564
        },
        {
            "hidden_layers": [
                0.0026318002492189407,
                0.0020454054756555706,
                0.0010214780631940812
            ],
            "output_layer": 0.0067915539257228374
        },
        {
            "hidden_layers": [
                0.004268127493560314,
                0.001860628675785847,
                0.0009485844129812904
            ],
            "output_layer": 0.006796696688979864
        },
        {
            "hidden_layers": [
                0.0026570423506200314,
                0.0018212524591945112,
                0.0009028644417412579
            ],
            "output_layer": 0.006449051201343536
        },
        {
            "hidden_layers": [
                0.0035697179846465588,
                0.0020794996671611443,
                0.0010725242827902548
            ],
            "output_layer": 0.006851671729236841
        },
        {
            "hidden_layers": [
                0.004071444272994995,
                0.0024301600351464003,
                0.001118052314268425
            ],
            "output_layer": 0.007800217252224684
        },
        {
            "hidden_layers": [
                0.004245738964527845,
                0.00259068539889995,
                0.001309996336203767
            ],