{
    "train_losses": [
        1.579458342997776,
        1.2378257151342869,
        1.111848992330057,
        1.022323516868798,
        0.9594687308341344,
        0.9089816362090253,
        0.8634656214306492,
        0.8269188422762773,
        0.7913645974591241,
        0.7543869709696871,
        0.7233466641006304,
        0.6957487011397324,
        0.6753051496638869,
        0.6423171759500805,
        0.6112484003913371
    ],
    "valid_losses": [
        1.3460784643888475,
        1.1799944132566451,
        1.1170746594667436,
        0.9800351813435552,
        0.941179521381855,
        0.8502735018730165,
        0.8511790305376052,
        0.7765239685773847,
        0.7558985829353333,
        0.742886981368065,
        0.6853310853242874,
        0.6656833142042161,
        0.6250756479799748,
        0.5912545301020147,
        0.611840683221817
    ],
    "train_accs": [
        0.43113425925925913,
        0.553619123931624,
        0.6056579415954412,
        0.6361734330484332,
        0.6617476851851853,
        0.6817129629629627,
        0.6956018518518515,
        0.7096242877492873,
        0.7203080484330483,
        0.734441773504273,
        0.7469951923076916,
        0.7553641381766376,
        0.7621082621082619,
        0.7725471866096857,
        0.7838541666666659
    ],
    "valid_accs": [
        0.5179687500000001,
        0.5892578125000001,
        0.6144531250000002,
        0.6556640625,
        0.6734375,
        0.6988281249999999,
        0.7013671874999998,
        0.7230468750000002,
        0.7374999999999998,
        0.7447265624999999,
        0.7607421875,
        0.7660156250000002,
        0.7810546875000002,
        0.7966796875000001,
        0.7900390625000001
    ],
    "test_loss": 0.8098983455307878,
    "test_acc": 0.7222112341772153
}