{
    "train_losses": [
        2.122893010788833,
        1.6854803079893115,
        1.4921581368161054,
        1.402331255779647,
        1.3312580340947866,
        1.2927340360788193,
        1.248790467906202,
        1.2180300312504126,
        1.1859267618921066,
        1.1577712696502007,
        1.1302377488198787,
        1.1009958895862613,
        1.0808789094968407,
        1.0569046078584132,
        1.0349305572672782
    ],
    "valid_losses": [
        2.2080968260765075,
        1.7622068256139756,
        1.5746011495590202,
        1.4901332944631576,
        1.445335075259209,
        1.438647025823593,
        1.4029014110565188,
        1.3119204819202424,
        1.3384929120540618,
        1.2404576033353802,
        1.206191432476044,
        1.151288615167141,
        1.179219372570515,
        1.1473035141825678,
        1.1297989979386331
    ],
    "train_accs": [
        0.19805021367521328,
        0.38158831908831864,
        0.45408208689458696,
        0.4908520299145301,
        0.5194088319088324,
        0.535790598290598,
        0.5508814102564098,
        0.5632122507122509,
        0.5741631054131056,
        0.5844017094017094,
        0.5961093304843299,
        0.6073717948717948,
        0.6152955840455835,
        0.6244880698005697,
        0.6317886396011391
    ],
    "valid_accs": [
        0.33027343750000016,
        0.44023437499999996,
        0.4888671874999999,
        0.525390625,
        0.5533203125,
        0.5662109375000001,
        0.5736328125000002,
        0.5990234375000001,
        0.6003906250000001,
        0.6111328125,
        0.6357421874999999,
        0.6529296875000002,
        0.6501953125000003,
        0.6542968750000001,
        0.6644531250000001
    ],
    "test_loss": 1.185103559041325,
    "test_acc": 0.6423061708860761
}