{
    "train_losses": [
        1.9096809829402173,
        1.7739631504754396,
        1.724692254664212,
        1.6932675576957197,
        1.6674793523940605,
        1.650033520837115,
        1.628000633329406,
        1.6118220118036302,
        1.5986979180931018,
        1.5826669506877247,
        1.56873424813958,
        1.5617132852559745,
        1.547803300398369,
        1.5406236179873467,
        1.5331261219122463
    ],
    "valid_losses": [
        1.8024641185998918,
        1.7495767712593082,
        1.685147342085838,
        1.6704268366098403,
        1.6218321859836575,
        1.6039725869894024,
        1.591818475723267,
        1.5891940951347352,
        1.5575078427791598,
        1.5623805880546568,
        1.5382248997688293,
        1.5434392988681789,
        1.5135132133960725,
        1.5144578337669368,
        1.5194341450929638
    ],
    "train_accs": [
        0.32596599002848986,
        0.3806980056980054,
        0.39850427350427325,
        0.4102118945868937,
        0.41755698005698,
        0.4243233618233614,
        0.4307781339031334,
        0.4355413105413108,
        0.4377003205128206,
        0.4434428418803414,
        0.4484731125356125,
        0.45154469373219347,
        0.4520343660968662,
        0.4538372507122504,
        0.4576210826210824
    ],
    "valid_accs": [
        0.3726562499999999,
        0.3937499999999999,
        0.4267578125,
        0.4257812500000001,
        0.4464843749999998,
        0.4449218749999999,
        0.45566406250000013,
        0.438671875,
        0.46328125000000003,
        0.45703125000000006,
        0.46074218749999996,
        0.46308593750000004,
        0.4730468749999999,
        0.4730468750000001,
        0.46660156249999996
    ],
    "test_loss": 1.5585766125328926,
    "test_acc": 0.44788370253164556
}