{
    "train_losses": [
        1.9096809829402173,
        1.7739631504754396,
        1.724692254664212,
        1.6932675576957197,
        1.6674793523940605,
        1.650033520837115,
        1.628000633329406,
        1.6118220118036302,
        1.5986979180931018,
        1.5826669506877247,
        1.56873424813958,
        1.5617132852559745,
        1.547803300398369,
        1.5406236179873467,
        1.5331261219122463,
        1.526174187320589,
        1.5159851693020234,
        1.513203226263367,
        1.5098964189871766,
        1.5044770447956528,
        1.4987613010270637,
        1.4892398805020546,
        1.4953433455225404,
        1.4871465354903133,
        1.477214098316312,
        1.474237083030223,
        1.4748720949531617,
        1.4683569751234125,
        1.4695779197236414,
        1.4676567822100428,
        1.457124833707457,
        1.4504959328561773,
        1.452711217423788,
        1.4485569876483348,
        1.4470364300274106,
        1.439743643812304,
        1.4413710863162303,
        1.4368773315027565,
        1.431825987633816,
        1.43219547767585
    ],
    "valid_losses": [
        1.8024641185998918,
        1.7495767712593082,
        1.685147342085838,
        1.6704268366098403,
        1.6218321859836575,
        1.6039725869894024,
        1.591818475723267,
        1.5891940951347352,
        1.5575078427791598,
        1.5623805880546568,
        1.5382248997688293,
        1.5434392988681789,
        1.5135132133960725,
        1.5144578337669368,
        1.5194341450929638,
        1.482464537024498,
        1.5056328654289246,
        1.4824134290218351,
        1.492580935359001,
        1.469800642132759,
        1.4576499342918396,
        1.4767347097396848,
        1.4560583442449573,
        1.4620180219411854,
        1.4454692542552947,
        1.450563183426857,
        1.434304735064506,
        1.4463164031505584,
        1.438351431488991,
        1.4226764619350436,
        1.4136895954608917,
        1.4248976439237593,
        1.403739908337593,
        1.4060720711946486,
        1.4183696180582048,
        1.3973508983850478,
        1.4070884734392166,
        1.404546332359314,
        1.3987911403179165,
        1.4026751935482027
    ],
    "train_accs": [
        0.32596599002848986,
        0.3806980056980054,
        0.39850427350427325,
        0.4102118945868937,
        0.41755698005698,
        0.4243233618233614,
        0.4307781339031334,
        0.4355413105413108,
        0.4377003205128206,
        0.4434428418803414,
        0.4484731125356125,
        0.45154469373219347,
        0.4520343660968662,
        0.4538372507122504,
        0.4576210826210824,
        0.45935719373219336,
        0.4631410256410256,
        0.46380876068376053,
        0.4667467948717948,
        0.46812678062678054,
        0.4681935541310542,
        0.47177706552706533,
        0.4723112535612533,
        0.473446403133903,
        0.47458155270655267,
        0.47818732193732233,
        0.47789797008547036,
        0.4811921296296297,
        0.4797231125356128,
        0.4823495370370372,
        0.4853320868945871,
        0.4874688390313391,
        0.48379629629629634,
        0.48502047720797664,
        0.48653400997150986,
        0.49129718660968663,
        0.48793625356125403,
        0.49176460113960135,
        0.49568198005698,
        0.49076299857549904
    ],
    "valid_accs": [
        0.3726562499999999,
        0.3937499999999999,
        0.4267578125,
        0.4257812500000001,
        0.4464843749999998,
        0.4449218749999999,
        0.45566406250000013,
        0.438671875,
        0.46328125000000003,
        0.45703125000000006,
        0.46074218749999996,
        0.46308593750000004,
        0.4730468749999999,
        0.4730468750000001,
        0.46660156249999996,
        0.484765625,
        0.4748046875,
        0.48554687499999993,
        0.470703125,
        0.48242187499999994,
        0.5001953125,
        0.4798828125000001,
        0.4837890624999999,
        0.49101562499999996,
        0.4990234375,
        0.4908203125000001,
        0.496875,
        0.4939453125000001,
        0.4912109375,
        0.4984375000000001,
        0.503515625,
        0.5029296874999999,
        0.5031249999999999,
        0.516796875,
        0.5060546875,
        0.5095703125,
        0.5033203125,
        0.505078125,
        0.50546875,
        0.4966796875
    ],
    "test_loss": 1.4958067000666753,
    "test_acc": 0.4687500000000001
}