{
    "train_losses": [
        1.984259182571346,
        1.5736347603322427,
        1.4523266530104841,
        1.3715949160420997,
        1.3104336941004482,
        1.2627856452920163,
        1.2172830643137649,
        1.1755076043965826,
        1.1384802063306165,
        1.11016052587759,
        1.073735679316724,
        1.0470580725248728,
        1.0173525927413223,
        0.9949906571977833,
        0.972026402794057
    ],
    "valid_losses": [
        1.6695110201835635,
        1.4883802741765977,
        1.417165702581406,
        1.3459238380193708,
        1.2776992350816727,
        1.2329104721546171,
        1.1581141620874402,
        1.140368969738484,
        1.0929163172841074,
        1.0723038390278818,
        1.0231195732951166,
        1.0000242918729783,
        0.955764751136303,
        0.9456030175089838,
        0.9387125566601751
    ],
    "train_accs": [
        0.29551727207977185,
        0.42623753561253575,
        0.47211093304843355,
        0.5029157763532766,
        0.5277332621082623,
        0.5484107905982908,
        0.5636128917378919,
        0.5807069088319081,
        0.5921251780626777,
        0.6038550569800569,
        0.6185674857549851,
        0.6309650997150996,
        0.638488247863248,
        0.6471020299145301,
        0.6550703347578344
    ],
    "valid_accs": [
        0.39609375,
        0.4548828124999999,
        0.48203125,
        0.515234375,
        0.5427734375000001,
        0.5541015625,
        0.58515625,
        0.5953125000000002,
        0.62109375,
        0.6269531249999999,
        0.6431640624999999,
        0.65078125,
        0.6666015624999998,
        0.6710937499999998,
        0.6722656249999998
    ],
    "test_loss": 1.0793036448804638,
    "test_acc": 0.6143196202531646
}