{
    "train_losses": [
        1.984323250941742,
        1.5739093825348427,
        1.452812774228914,
        1.3713046128933246,
        1.3108390501761373,
        1.2630976387578197,
        1.2184645917340904,
        1.1767613933636591,
        1.1395432330943926,
        1.111473673599059,
        1.0751618544260662,
        1.0487009337824638,
        1.0197728947017266,
        0.996876718991163,
        0.9729025012407545,
        0.9465864704884692,
        0.9272005118196164,
        0.9073632473279941,
        0.884454624435501,
        0.8681660644349208,
        0.8488028708346552,
        0.8285474383253653,
        0.8113988777171516,
        0.7946335892392019,
        0.7803666207865093,
        0.7614965654506304,
        0.7478329467977214,
        0.7339137066633269,
        0.7178473934488765,
        0.7085727463420639,
        0.6893700677105501,
        0.6773180350279202,
        0.6646822787757614,
        0.6513265403587255,
        0.639127035850813,
        0.626315146345019,
        0.6120023263825313,
        0.6021912613315795,
        0.5877280597843,
        0.575504961346629
    ],
    "valid_losses": [
        1.6701711028814314,
        1.4874525099992753,
        1.417482352256775,
        1.3469429314136503,
        1.2774833261966705,
        1.2341560244560241,
        1.1615554079413415,
        1.1432250797748567,
        1.0965997368097302,
        1.0751108825206757,
        1.03108794093132,
        1.0037817269563674,
        0.9602514252066614,
        0.9442590385675431,
        0.9393930047750475,
        0.9012380838394166,
        0.8825724765658381,
        0.8514257863163948,
        0.8350951462984084,
        0.8257922619581223,
        0.7915043771266937,
        0.7899605840444565,
        0.7692676126956941,
        0.7481861643493176,
        0.7188003018498421,
        0.7040532015264035,
        0.6994714319705962,
        0.6718787342309951,
        0.6663469225168229,
        0.6412089727818968,
        0.6291715942323208,
        0.6118321351706982,
        0.5902625553309918,
        0.5840623773634435,
        0.569222706183791,
        0.5793702639639376,
        0.5703748479485512,
        0.5352750860154628,
        0.5295170355588197,
        0.5119477819651365
    ],
    "train_accs": [
        0.2958066239316236,
        0.42672720797720787,
        0.47144319800569795,
        0.5041399572649574,
        0.5278000356125359,
        0.5474314458689458,
        0.5625667735042736,
        0.5798833689458683,
        0.5920138888888891,
        0.6026086182336179,
        0.6176994301994299,
        0.628650284900284,
        0.6369969729344729,
        0.6464788105413101,
        0.6545138888888884,
        0.6646412037037039,
        0.6722756410256406,
        0.680043625356125,
        0.6890803062678063,
        0.6945557336182335,
        0.7046830484330475,
        0.707821403133903,
        0.7164351851851845,
        0.7217548076923079,
        0.7246705840455836,
        0.7348424145299143,
        0.7387820512820497,
        0.7440349002848998,
        0.749599358974359,
        0.7522925569800565,
        0.7604166666666667,
        0.7639111467236468,
        0.7670717592592587,
        0.7733929843304833,
        0.7780448717948714,
        0.7818732193732187,
        0.7885950854700853,
        0.7909989316239308,
        0.7965856481481479,
        0.802817841880341
    ],
    "valid_accs": [
        0.39531249999999996,
        0.45859374999999997,
        0.4849609375,
        0.5195312499999999,
        0.5396484374999999,
        0.5582031249999999,
        0.5802734375,
        0.5970703125000001,
        0.6187500000000001,
        0.6238281250000002,
        0.6410156249999998,
        0.6513671875,
        0.665625,
        0.6708984375,
        0.6697265625,
        0.6847656249999999,
        0.688671875,
        0.7080078125000001,
        0.7070312500000001,
        0.71015625,
        0.7263671875,
        0.7253906250000001,
        0.7365234374999998,
        0.7419921875000001,
        0.7574218749999999,
        0.7599609375000002,
        0.7607421874999997,
        0.7742187500000001,
        0.7740234374999999,
        0.786328125,
        0.7925781249999998,
        0.7890624999999999,
        0.8033203124999999,
        0.8037109375000001,
        0.8068359374999996,
        0.8007812499999997,
        0.8070312500000001,
        0.8248046874999999,
        0.8201171875,
        0.8269531250000001
    ],
    "test_loss": 0.861445102510573,
    "test_acc": 0.7039161392405064,
    "gradient_flows": [
        {
            "hidden_layers": [
                0.015455836430191994,
                0.007574046147055924,
                0.0029888927820138633,
                0.001349209574982524,
                0.0006458399438997731
            ],
            "output_layer": 0.014361715875566006
        },
        {
            "hidden_layers": [
                0.019043494015932083,
                0.008359372848644853,
                0.003279183409176767,
                0.001463754044380039,
                0.0006860928551759571
            ],
            "output_layer": 0.009757615625858307
        },
        {
            "hidden_layers": [
                0.014994758181273937,
                0.007808114867657423,
                0.003206870926078409,
                0.0014722357445862144,
                0.0006586439412785694
            ],
            "output_layer": 0.022055326029658318
        },
        {
            "hidden_layers": [
                0.016629161313176155,
                0.008116362732835114,
                0.003250930516514927,
                0.0014628049975726753,
                0.000660698555293493
            ],
            "output_layer": 0.013712778687477112
        },
        {
            "hidden_layers": [
                0.020604971796274185,
                0.008651656564325094,
                0.003351438033860177,
                0.001496591983595863,
                0.0006610718846786767
            ],
            "output_layer": 0.015959827229380608
        },
        {
            "hidden_layers": [
                0.0161520317196846,
                0.00927553721703589,
                0.003910589904990047,
                0.0017589439230505377,
                0.0007709975325269625
            ],
            "output_layer": 0.020606841892004013
        },
        {
            "hidden_layers": [
                0.014180207625031471,
                0.007793474360369146,
                0.0031922911293804646,
                0.0014626366319134831,
                0.0006182562792673707
            ],
            "output_layer": 0.014055410400032997
        },
        {
            "hidden_layers": [
                0.014840326271951199,
                0.0082100925501436,
                0.0035273911780677736,
                0.0016712904325686395,
                0.0007097313718986697
            ],
            "output_layer": 0.01658172719180584
        },
        {
            "hidden_layers": [
                0.017515061423182487,
                0.00868772401008755,
                0.003491284151095897,
                0.0016117884661071002,
                0.0006867867850814946
            ],
            "output_layer": 0.00917376484721899
        },
        {
            "hidden_layers": [
                0.015585441142320633,
                0.00818861648440361,
                0.0034586480469442904,
                0.0016447948291897774,
                0.0007408282690448686
            ],
            "output_layer": 0.012506039813160896
        },
        {
            "hidden_layers": [
                0.01868588849902153,
                0.009031842229887843,
                0.0034057965967804193,
                0.0015849240589886904,
                0.0006695488045806997
            ],