{
    "train_losses": [
        2.1845214737106926,
        1.9251768904873463,
        1.7990170251949575,
        1.711567948346803,
        1.647414906751737,
        1.6015651093588923,
        1.5617809591130305,
        1.5282080645574805,
        1.4966402964035004,
        1.4762917417406711,
        1.444522366904125,
        1.4235445294964333,
        1.4018969698848889,
        1.3823404403833246,
        1.3627047756118986,
        1.3419838196192044,
        1.3268034556652415,
        1.3106600640506152,
        1.294651340555262,
        1.2768064862982162,
        1.2625987886363617,
        1.2461700636437139,
        1.2326243704880069,
        1.2209482150539708,
        1.208629472473069,
        1.1950970613039464,
        1.1809951839623622,
        1.1680024147373318,
        1.1594844961438082,
        1.1494680277981997,
        1.139978811611817,
        1.1281358974951279,
        1.1148534327151087,
        1.101495218922271,
        1.0919780194589552,
        1.0832891596688152,
        1.0773185547600443,
        1.0651258680215927,
        1.0550816554968854,
        1.0442611677014941
    ],
    "valid_losses": [
        2.020492601394653,
        1.871585103869438,
        1.7678876072168346,
        1.6851666986942289,
        1.6253318309783937,
        1.5815446466207508,
        1.5319249421358112,
        1.5048985809087752,
        1.4810748219490053,
        1.454773089289665,
        1.4293870359659195,
        1.4071209132671358,
        1.3932386964559553,
        1.370997259020805,
        1.3575027406215663,
        1.3430345982313157,
        1.3198983848094938,
        1.3220324665308,
        1.2883367508649821,
        1.2773894160985948,
        1.256118381023407,
        1.2472354114055635,
        1.2445597231388092,
        1.2253603756427764,
        1.1961837232112886,
        1.1948671251535417,
        1.186633861064911,
        1.1699676126241683,
        1.1797999501228333,
        1.1511821165680889,
        1.1200504243373872,
        1.1236455768346785,
        1.1112316548824308,
        1.110335396230221,
        1.0955102309584617,
        1.1071807697415352,
        1.0632270261645316,
        1.0741748750209807,
        1.0586860746145246,
        1.0341174587607382
    ],
    "train_accs": [
        0.20437143874643846,
        0.2956285612535608,
        0.3411680911680909,
        0.3706819800569796,
        0.3942975427350426,
        0.41337250712250645,
        0.4297097578347578,
        0.44208511396011363,
        0.4544382122507126,
        0.4645210113960112,
        0.4744034900284901,
        0.4817263176638173,
        0.492321047008547,
        0.49828614672364724,
        0.50812410968661,
        0.5143785612535619,
        0.5231036324786323,
        0.5276664886039889,
        0.534677706552707,
        0.5391070156695155,
        0.5465633903133906,
        0.5507033475783473,
        0.5579371438746442,
        0.5619658119658119,
        0.5681312321937321,
        0.5735176282051285,
        0.5768785612535614,
        0.5840900997150998,
        0.5834891381766383,
        0.5894097222222222,
        0.5910790598290596,
        0.5945512820512819,
        0.6023860398860398,
        0.6089298433048433,
        0.6114672364672368,
        0.6150062321937316,
        0.6130252849002849,
        0.6224848646723647,
        0.6235754985754989,
        0.6274928774928767
    ],
    "valid_accs": [
        0.26484375000000004,
        0.3187499999999999,
        0.3568359375,
        0.382421875,
        0.4064453125,
        0.42285156249999994,
        0.4462890625,
        0.4445312500000001,
        0.45234375,
        0.4619140625,
        0.48261718750000016,
        0.48750000000000004,
        0.4908203125,
        0.4980468750000001,
        0.5064453125,
        0.5134765624999998,
        0.526953125,
        0.5291015625000002,
        0.5382812500000002,
        0.5431640625000002,
        0.5484375,
        0.5507812499999999,
        0.5541015625000001,
        0.5644531250000003,
        0.5734374999999999,
        0.5714843749999999,
        0.5714843750000002,
        0.5892578124999998,
        0.5822265625,
        0.5935546875000001,
        0.6015625,
        0.598046875,
        0.6029296875,
        0.6056640625000002,
        0.6080078125000001,
        0.6062500000000002,
        0.6208984375000001,
        0.6224609375000001,
        0.6216796875,
        0.6255859375
    ],
    "test_loss": 1.0851799008212517,
    "test_acc": 0.6121439873417722,
    "gradient_flows": [
        {
            "hidden_layers": [
                0.016464605927467346,
                0.00798471795860678,
                0.0030947544728405774,
                0.0014267242222558707,
                0.0006813536601839587
            ],
            "output_layer": 0.014150089584290981
        },
        {
            "hidden_layers": [
                0.014516236260533333,
                0.007762850960716605,
                0.0031346955220215023,
                0.001436498947441578,
                0.0006801420386182144
            ],
            "output_layer": 0.008001992478966713
        },
        {
            "hidden_layers": [
                0.016664991155266762,
                0.007901499164290726,
                0.0030729686841368675,
                0.0014340318739414215,
                0.0006838444824097678
            ],
            "output_layer": 0.020860647782683372
        },
        {
            "hidden_layers": [
                0.014596431516110897,
                0.006903151981532574,
                0.002882072702050209,
                0.0013772040547337383,
                0.0006935630808584392
            ],
            "output_layer": 0.01849757693707943
        },
        {
            "hidden_layers": [
                0.013823198154568672,
                0.0074617748614400625,
                0.0029631881043314934,
                0.001364516676403582,
                0.0006352940836222842
            ],
            "output_layer": 0.014720574021339417
        },
        {
            "hidden_layers": [
                0.016103174537420273,
                0.00716854736674577,
                0.0030614880961365998,
                0.001456429687095806,
                0.0007128402939997613
            ],
            "output_layer": 0.023661917075514793
        },
        {
            "hidden_layers": [
                0.01352208387106657,
                0.006499139359220862,
                0.0027767543797381222,
                0.0013016074371989816,
                0.0006030592194292694
            ],
            "output_layer": 0.01440410315990448
        },
        {
            "hidden_layers": [
                0.01320028305053711,
                0.00693207373842597,
                0.0027199143078178167,
                0.0012926178460475057,
                0.000624930253252387
            ],
            "output_layer": 0.019632671028375626
        },
        {
            "hidden_layers": [
                0.012689013034105301,
                0.007115926593542099,
                0.0029889719444327056,
                0.0013614896452054381,
                0.0006178309849929065
            ],
            "output_layer": 0.010310161858797073
        },
        {
            "hidden_layers": [
                0.012564081698656082,
                0.006843762821517885,
                0.00287509587360546,
                0.0013681901909876615,
                0.000649222478386946
            ],
            "output_layer": 0.012527394108474255
        },
        {
            "hidden_layers": [
                0.014380227774381638,
                0.006679212907329202,
                0.0026764979120343924,
                0.001277486648177728,
                0.0005895728463656269
            ],