{
    "train_losses": [
        2.184722929938227,
        1.9249622835392957,
        1.7968109876681606,
        1.71109352695976,
        1.6475187974777656,
        1.6017048138159293,
        1.561551892859305,
        1.527419407143552,
        1.4970566180356892,
        1.4750393516996985,
        1.4450708240525336,
        1.4231507424955017,
        1.4022757647044297,
        1.3814944022061824,
        1.362134508597545
    ],
    "valid_losses": [
        2.0213216006755834,
        1.8711412519216533,
        1.7668192058801648,
        1.6847841292619703,
        1.6207071810960763,
        1.5804820358753202,
        1.5279373258352276,
        1.499024069309235,
        1.4773473829030994,
        1.4519641399383545,
        1.4271879434585573,
        1.4015256226062778,
        1.3888211309909821,
        1.3687540084123608,
        1.3556129932403564
    ],
    "train_accs": [
        0.20325854700854668,
        0.2956953347578346,
        0.341680021367521,
        0.3709045584045579,
        0.3947872150997147,
        0.4134615384615384,
        0.4299991096866092,
        0.442930911680912,
        0.4523014601139598,
        0.46478810541310533,
        0.4726896367521364,
        0.4816595441595441,
        0.49009526353276345,
        0.5015357905982905,
        0.5097044159544162
    ],
    "valid_accs": [
        0.26210937500000003,
        0.31855468750000004,
        0.3560546874999999,
        0.37949218749999997,
        0.40468750000000003,
        0.41660156249999997,
        0.43906249999999986,
        0.44667968750000003,
        0.45996093750000006,
        0.4693359375,
        0.4734375,
        0.4818359375000001,
        0.49511718750000006,
        0.501953125,
        0.5062499999999999
    ],
    "test_loss": 1.370579469053052,
    "test_acc": 0.4964398734177214
}