{
    "train_losses": [
        1.508167859835502,
        1.1424593426223482,
        0.9886453403027313,
        0.901070879395532,
        0.8282564744310844,
        0.7644837062243378,
        0.7075024459436745,
        0.6612878191335253,
        0.6121691864440247,
        0.5703325283493406,
        0.5245722911806188,
        0.4788536453179146,
        0.43690797368175954,
        0.397458532384658,
        0.36206836688552474,
        0.3226866737390176,
        0.2905008243741808,
        0.2610781971588092,
        0.23746806487143882,
        0.21138423566634837,
        0.20043450569537613,
        0.18338872235470008,
        0.16796362246161178,
        0.1510536474231472,
        0.15336078974256487,
        0.13746892071814615,
        0.13046940430425671,
        0.13109466758293975,
        0.11851047155609161,
        0.11699525403798135,
        0.10572243822563401,
        0.10561763693146049,
        0.10495439659475095,
        0.09718045644313526,
        0.09597080118126339,
        0.08962248737241886,
        0.09042700099894116,
        0.0888163458683297,
        0.08652298706994944,
        0.08713640833533555
    ],
    "valid_losses": [
        1.2295219451189046,
        1.0117483824491502,
        0.9041656360030175,
        0.8374155402183534,
        0.7922456339001653,
        0.6733417056500912,
        0.6708952039480208,
        0.604810032248497,
        0.555793546885252,
        0.4994961969554423,
        0.46440541669726376,
        0.4225518688559532,
        0.3580260068178177,
        0.35607078894972805,
        0.31477736309170723,
        0.29456603825092315,
        0.2504012679681182,
        0.26302760541439063,
        0.21738664605654784,
        0.20163924368098374,
        0.22200368065387013,
        0.25590012855827815,
        0.20173086737049736,
        0.19697561983484776,
        0.18516461201943454,
        0.18346916725859047,
        0.19823930878192192,
        0.169150117971003,
        0.18377606992726211,
        0.20404193706344814,
        0.17562072444707158,
        0.16748002748936414,
        0.16929459412640427,
        0.16216241391375655,
        0.17245713424636053,
        0.16406867103651168,
        0.18573822397738696,
        0.15092245955456748,
        0.16851789336942602,
        0.1720934491990192
    ],
    "train_accs": [
        0.45555110398860404,
        0.5925925925925919,
        0.6515535968660972,
        0.6786191239316234,
        0.7085559116809114,
        0.7303685897435892,
        0.7509348290598288,
        0.7656027421652418,
        0.782808048433048,
        0.7979878917378903,
        0.8122774216524203,
        0.8308181980056961,
        0.8447516025641018,
        0.8579059829059825,
        0.8706597222222221,
        0.8845931267806276,
        0.8960559116809121,
        0.9063390313390314,
        0.9168224715099706,
        0.9252581908831904,
        0.9287749287749273,
        0.9339832621082612,
        0.9403712606837596,
        0.9468928062678064,
        0.9470040954415958,
        0.9522346866096878,
        0.953458867521369,
        0.9553062678062687,
        0.9586449430199457,
        0.9602252492877517,
        0.963697471509975,
        0.9632745726495757,
        0.9632523148148177,
        0.9665909900284935,
        0.9664129273504309,
        0.9682380698005739,
        0.9686164529914569,
        0.968416132478637,
        0.9705528846153892,
        0.9685941951566993
    ],
    "valid_accs": [
        0.5548828124999998,
        0.6408203124999999,
        0.6826171874999999,
        0.70625,
        0.721484375,
        0.7648437499999996,
        0.76875,
        0.7974609375000002,
        0.8130859374999999,
        0.8287109375000001,
        0.8357421875000001,
        0.8546875,
        0.8792968749999998,
        0.8791015625000002,
        0.8966796875,
        0.9005859375000002,
        0.9205078124999998,
        0.9119140625,
        0.9310546875000003,
        0.9361328125,
        0.931640625,
        0.9169921874999999,
        0.9410156250000001,
        0.9412109375000002,
        0.9468749999999999,
        0.942578125,
        0.938671875,
        0.95,
        0.94765625,
        0.9435546875,
        0.9550781249999999,
        0.9539062500000002,
        0.9517578124999999,
        0.95546875,
        0.9529296875,
        0.955859375,
        0.9544921875000002,
        0.9615234374999998,
        0.9570312500000001,
        0.9542968750000002
    ],
    "test_loss": 1.1804044895534278,
    "test_acc": 0.7438686708860761,
    "gradient_flows": [
        {
            "hidden_layers": [
                0.0015167058445513248,
                0.002011638403928373,
                0.000994575078948401,
                0.001038341062667314,
                0.0008261503317044117
            ],
            "output_layer": 0.005756364669650793
        },
        {
            "hidden_layers": [
                0.002690655644983053,
                0.0026464760885573924,
                0.0012934545375173911,
                0.0010564529366092756,
                0.001029635575832799
            ],
            "output_layer": 0.00834666471928358
        },
        {
            "hidden_layers": [
                0.0025354688987135887,
                0.0024176617298508063,
                0.0010324196045985445,
                0.0008767385443206877,
                0.0005917275411775336
            ],
            "output_layer": 0.006670679431408644
        },
        {
            "hidden_layers": [
                0.0031404728069901466,
                0.002001283035497181,
                0.0010402445041108876,
                0.0008297946042148396,
                0.000598729238845408
            ],
            "output_layer": 0.006805515382438898
        },
        {
            "hidden_layers": [
                0.0024140537716448307,
                0.001965685936738737,
                0.0010426119624753483,
                0.0008754609079915099,
                0.0006090583483455703
            ],
            "output_layer": 0.006947971880435944
        },
        {
            "hidden_layers": [
                0.002649953356012702,
                0.0018611951163620688,
                0.0009844926826190203,
                0.0008249670208897442,
                0.0005474479294207413
            ],
            "output_layer": 0.006906798575073481
        },
        {
            "hidden_layers": [
                0.0027933306992053986,
                0.0022401163732865825,
                0.00116522450116463,
                0.0009144245341303758,
                0.0007269589477800764
            ],
            "output_layer": 0.007494024932384491
        },
        {
            "hidden_layers": [
                0.0029936544597148895,
                0.00212664849095745,
                0.001170470924989786,
                0.0010264492593705654,
                0.0005979760426271241
            ],
            "output_layer": 0.007162760477513075
        },
        {
            "hidden_layers": [
                0.0026769819669425488,
                0.0019153929315507412,
                0.0010341265151510015,
                0.0009428135235793889,
                0.0006277209758991376
            ],
            "output_layer": 0.007630241569131613
        },
        {
            "hidden_layers": [
                0.002240892266854644,
                0.0017420628137188032,
                0.0012091395328752697,
                0.0009304014674853534,
                0.0005367303365346743
            ],
            "output_layer": 0.0061347596347332
        },
        {
            "hidden_layers": [
                0.0030193710699677467,
                0.0023325783913605846,
                0.001298845025303308,
                0.0010884034272748977,
                0.0007392642874037847
            ],