{
    "train_losses": [
        1.5081678564392271,
        1.1424593416034676,
        0.9886453589822495,
        0.9010708763388824,
        0.8282564813934497,
        0.7644836890731441,
        0.7075024280283191,
        0.6612878340771404,
        0.6121691967177593,
        0.5703325185001404,
        0.5245722006698621,
        0.47885353909938083,
        0.4369079109780131,
        0.39745844883626674,
        0.36206786950089664
    ],
    "valid_losses": [
        1.2295221120119093,
        1.0117484420537948,
        0.9041657611727713,
        0.8374156698584557,
        0.792245827615261,
        0.6733417309820652,
        0.6708950370550155,
        0.6048100173473359,
        0.5557931549847126,
        0.49949705228209496,
        0.4644051380455495,
        0.4225510187447071,
        0.3580253705382347,
        0.3560741648077965,
        0.314774750173092
    ],
    "train_accs": [
        0.45555110398860404,
        0.5925925925925919,
        0.6515535968660972,
        0.6786191239316234,
        0.7085559116809114,
        0.7303685897435892,
        0.7509348290598288,
        0.7656027421652418,
        0.782808048433048,
        0.7979878917378903,
        0.8122774216524203,
        0.8308181980056961,
        0.8447516025641018,
        0.8579059829059825,
        0.8706597222222221
    ],
    "valid_accs": [
        0.5548828124999998,
        0.6408203124999999,
        0.6826171874999999,
        0.70625,
        0.721484375,
        0.7648437499999996,
        0.76875,
        0.7974609375000002,
        0.8130859374999999,
        0.8287109375000001,
        0.8357421875000001,
        0.8546875,
        0.8792968749999998,
        0.8791015625000002,
        0.8966796875
    ],
    "test_loss": 0.8140746928468536,
    "test_acc": 0.7498022151898734
}