{
    "train_losses": [
        1.80205386792153,
        1.3164534772563181,
        1.1618544780291042,
        1.0809597356027354,
        1.016456678382351,
        0.9674518356296076,
        0.9162333303706933,
        0.870721350368271,
        0.8321294857565829,
        0.8010013334431876,
        0.7620687498326318,
        0.7304733183309223,
        0.6982766958723041,
        0.6628999472343685,
        0.629509522025062,
        0.5956402477036169,
        0.5667784891576847,
        0.5299930704964535,
        0.49202990090405524,
        0.45317792442449484,
        0.425801273254927,
        0.37828013041929626,
        0.3437879967298943,
        0.31016409019289565,
        0.27796894082656276,
        0.2528480603823975,
        0.21689365118572165,
        0.1993804508634443,
        0.18699926511514556,
        0.1602641310319942
    ],
    "valid_losses": [
        1.446489292383194,
        1.2810057938098907,
        1.1009831845760345,
        1.0431822001934052,
        0.9597600460052489,
        0.9480625182390214,
        0.8700644895434378,
        0.8046716034412383,
        0.8231419131159784,
        0.7592704743146896,
        0.788394610583782,
        0.7062724992632864,
        0.742365111410618,
        0.6203357271850108,
        0.5705668292939663,
        0.6205377511680128,
        0.5251701161265372,
        0.48558691516518593,
        0.45266074091196057,
        0.4444172464311123,
        0.41402636617422106,
        0.34031276851892484,
        0.2979205578565597,
        0.29810774661600586,
        0.23462564870715136,
        0.25027690455317503,
        0.2140567123889923,
        0.23450997602194554,
        0.19127244837582114,
        0.19092818573117262
    ],
    "train_accs": [
        0.3621794871794869,
        0.5237491096866098,
        0.5830884971509969,
        0.6154291310541307,
        0.6386663105413105,
        0.6557603276353274,
        0.6770610754985751,
        0.691105769230769,
        0.7068420584045577,
        0.7157006766381756,
        0.7296563390313386,
        0.7405849358974351,
        0.7514912749287743,
        0.7646233974358971,
        0.7774661680911675,
        0.7906428062678059,
        0.7973869301994295,
        0.8114983974358958,
        0.8262330840455836,
        0.8386974715099699,
        0.8479122150997145,
        0.8637597934472935,
        0.8772257834757845,
        0.8896233974358979,
        0.8998620014245012,
        0.9093438390313382,
        0.9220975783475764,
        0.9303329772079754,
        0.9341835826210815,
        0.9430644586894578
    ],
    "valid_accs": [
        0.4765625,
        0.5523437500000001,
        0.6189453125000001,
        0.6341796875,
        0.6701171874999999,
        0.6685546874999998,
        0.6988281249999999,
        0.7167968749999999,
        0.7175781249999998,
        0.7326171874999999,
        0.7279296875,
        0.7541015624999999,
        0.7478515625000001,
        0.7871093750000003,
        0.810546875,
        0.7806640625,
        0.8183593750000002,
        0.8283203124999999,
        0.836328125,
        0.8503906250000002,
        0.8605468749999999,
        0.8826171875,
        0.8986328125000002,
        0.9031250000000001,
        0.9257812499999999,
        0.9220703125000003,
        0.9330078125000001,
        0.9296875000000002,
        0.9421875000000001,
        0.941796875
    ],
    "test_loss": 0.9439530983755863,
    "test_acc": 0.7532634493670888,
    "gradient_flows": [
        {
            "hidden_layers": [
                0.0004222418647259474,
                0.001035268402119982,
                0.0002630084563861601
            ],
            "output_layer": 0.005809342954307795
        },
        {
            "hidden_layers": [
                0.0006968078087083995,
                0.0009262206676794449,
                0.00018952053142129444
            ],
            "output_layer": 0.004167947452515364
        },
        {
            "hidden_layers": [
                0.0005913334898650646,
                0.0009207622133544646,
                0.0002108700282406062
            ],
            "output_layer": 0.003938398789614439
        },
        {
            "hidden_layers": [
                0.0007602802361361682,
                0.0009788477946131025,
                0.00020390116924318136
            ],
            "output_layer": 0.004137474577873945
        },
        {
            "hidden_layers": [
                0.0008232593536376953,
                0.0010156368143725558,
                0.00031483067368753836
            ],
            "output_layer": 0.004726814571768045
        },
        {
            "hidden_layers": [
                0.0008766761748120189,
                0.0010952338725473965,
                0.00024312876348631107
            ],
            "output_layer": 0.0035504125989973545
        },
        {
            "hidden_layers": [
                0.0008227229118347168,
                0.001059769935636723,
                0.00019034079832636053
            ],
            "output_layer": 0.004872845020145178
        },
        {
            "hidden_layers": [
                0.0008115765522234142,
                0.0009406965118614607,
                0.00018341421855438966
            ],
            "output_layer": 0.0036826059222221375
        },
        {
            "hidden_layers": [
                0.0011303162900730968,
                0.0010126211682290887,
                0.00019694658203661675
            ],
            "output_layer": 0.004143355879932642
        },
        {
            "hidden_layers": [
                0.0009580449550412595,
                0.0009460565097469953,
                0.00017925005340657663
            ],
            "output_layer": 0.0038993419148027897
        },
        {
            "hidden_layers": [
                0.0008369748247787356,
                0.0010989534312102478,
                0.00026618133915690123
            ],
            "output_layer": 0.004454320762306452
        },
        {
            "hidden_layers": [
                0.0009971712715923786,
                0.0009487934148637578,
                0.00015979542149580084
            ],
            "output_layer": 0.0034944401122629642
        },
        {
            "hidden_layers": [
                0.0009039243450388312,
                0.0009582182674421347,
                0.00015254765276040416
            ],
            "output_layer": 0.00366735877469182
        },
        {
            "hidden_layers": [
                0.0008930166950449347,
                0.0009466099945711903,
                0.00019359564248588867
            ],
            "output_layer": 0.003937116824090481
        },
        {
            "hidden_layers": [
                0.0012059547007083893,
                0.0009717343773445464,
                0.00019746490738725697
            ],
            "output_layer": 0.0035277840215712786
        },
        {
            "hidden_layers": [
                0.0010944608366116881,
                0.0009901222792905173,
                0.00018579123707240797
            ],
            "output_layer": 0.003451664699241519
        },
        {
            "hidden_layers": [
                0.0013236217200756073,
                0.001101256191759603,
                0.0002558257442615286
            ],
            "output_layer": 0.0042882864363491535
        },
        {
            "hidden_layers": [
                0.0010617951629683375,
                0.001084459185221931,
                0.00023112063513508474
            ],
            "output_layer": 0.0037536516319960356
        },
        {
            "hidden_layers": [
                0.0015053541865199804,
                0.0010616792696964694,
                0.00022434722450270783
            ],