{
    "train_losses": [
        1.9939623582057462,
        1.3596267659439991,
        1.176549635721408,
        1.0867962278531826,
        1.025332246410881,
        0.9815469594762547,
        0.934835845248991,
        0.8931090644961412,
        0.8582602537255678,
        0.8262193590147879,
        0.7933514174233142,
        0.7632474062109941,
        0.7395417424518501,
        0.7076952667997095,
        0.6791244296946076,
        0.6458028607558656,
        0.6228955874585701,
        0.5976663861009811,
        0.5727751804383049,
        0.547771428809886,
        0.5199746388485625,
        0.4923207796367145,
        0.4634568079923975,
        0.4380525842181636,
        0.41097726844824295,
        0.38610778332945295,
        0.35835752430295026,
        0.3388248570794054,
        0.3099469392642675,
        0.2863969475115807,
        0.2626818151046069,
        0.250062889714017,
        0.22488875523676544,
        0.21861187328300588,
        0.19392137250669325,
        0.1869933851954774,
        0.17882941905249905,
        0.16123149060031297,
        0.15676700094571477,
        0.1388646265295495
    ],
    "valid_losses": [
        1.5423219501972198,
        1.2033044576644898,
        1.15682093501091,
        1.029274095594883,
        0.9860926851630208,
        0.964359582960606,
        0.9088337227702139,
        0.8513478055596351,
        0.8484985992312433,
        0.8194369569420814,
        0.7879542052745819,
        0.7579524651169777,
        0.720716206729412,
        0.6791287139058112,
        0.6514334335923195,
        0.6247244894504549,
        0.6042828701436519,
        0.5347309872508049,
        0.5231759011745453,
        0.5326920345425606,
        0.514578103274107,
        0.42708761841058734,
        0.4131522476673126,
        0.3739098563790321,
        0.3524831380695106,
        0.34003146551549435,
        0.2904123991727829,
        0.2914938125759363,
        0.2779462166130543,
        0.24786399360746147,
        0.2337839081883431,
        0.24127886071801183,
        0.20708425897173577,
        0.20879315226338804,
        0.1883797169663012,
        0.21304808165878056,
        0.21220546728000045,
        0.1767459817230701,
        0.18616168682929127,
        0.2059443961130455
    ],
    "train_accs": [
        0.3164173789173787,
        0.5112624643874643,
        0.5803507834757833,
        0.6155849358974351,
        0.6365073005698008,
        0.6542022792022785,
        0.671719195156695,
        0.686631944444444,
        0.6993411680911671,
        0.711182336182336,
        0.7195957977207971,
        0.7309250356125346,
        0.7413862179487168,
        0.7508012820512813,
        0.7599269943019936,
        0.7732149216524214,
        0.7812277421652424,
        0.7878828347578342,
        0.7972533831908826,
        0.8050881410256396,
        0.8133903133903121,
        0.8274572649572631,
        0.8372952279202265,
        0.8435274216524212,
        0.855146011396012,
        0.8624243233618232,
        0.8715722934472934,
        0.8792957621082625,
        0.8894675925925929,
        0.8970129985754985,
        0.9056490384615385,
        0.9096554487179479,
        0.920584045584044,
        0.9232104700854685,
        0.9303552350427339,
        0.9331374643874621,
        0.9372106481481477,
        0.9427083333333326,
        0.9454460470085467,
        0.950275997150998
    ],
    "valid_accs": [
        0.4480468749999999,
        0.5685546875,
        0.588671875,
        0.6412109374999998,
        0.6560546875000001,
        0.65859375,
        0.6896484375,
        0.6992187500000001,
        0.7062500000000002,
        0.7259765625000003,
        0.7251953125000001,
        0.7392578125000001,
        0.7611328125000001,
        0.7625000000000003,
        0.77578125,
        0.7828125,
        0.7919921875000001,
        0.8134765625000001,
        0.8199218750000001,
        0.8171875000000002,
        0.8277343749999998,
        0.85,
        0.8583984374999998,
        0.8685546874999999,
        0.8746093750000002,
        0.8851562500000002,
        0.8992187500000001,
        0.902734375,
        0.9064453125,
        0.9197265624999998,
        0.920703125,
        0.9203125000000002,
        0.9330078125000001,
        0.9294921875000001,
        0.9429687499999999,
        0.9326171874999999,
        0.9337890625000002,
        0.9458984375000001,
        0.9417968749999998,
        0.933984375
    ],
    "test_loss": 1.023341304139246,
    "test_acc": 0.7556368670886078,
    "gradient_flows": [
        {
            "hidden_layers": [
                0.0003281845711171627,
                0.0009091730707950774,
                0.0004635321547539206
            ],
            "output_layer": 0.009838880971074104
        },
        {
            "hidden_layers": [
                0.00034335636883042753,
                0.001111767642214545,
                0.00022990686466073385
            ],
            "output_layer": 0.005163538735359907
        },
        {
            "hidden_layers": [
                0.0005003430414944887,
                0.0010799117408168968,
                0.00021993229074723786
            ],
            "output_layer": 0.00466173468157649
        },
        {
            "hidden_layers": [
                0.0012237642658874393,
                0.0010993705172950285,
                0.0003158575764246052
            ],
            "output_layer": 0.005485865753144026
        },
        {
            "hidden_layers": [
                0.0004689203924499452,
                0.0009682716354291188,
                0.00020218238114466658
            ],
            "output_layer": 0.004400286357849836
        },
        {
            "hidden_layers": [
                0.000892040494363755,
                0.0010731970014603576,
                0.00022620502841164125
            ],
            "output_layer": 0.004204791970551014
        },
        {
            "hidden_layers": [
                0.0006600595079362392,
                0.0010457044118084013,
                0.0001927126004375168
            ],
            "output_layer": 0.005076552275568247
        },
        {
            "hidden_layers": [
                0.0006911423988640308,
                0.0008982113413367188,
                0.00023097184384823777
            ],
            "output_layer": 0.003992644604295492
        },
        {
            "hidden_layers": [
                0.000550168682821095,
                0.0009110196278925287,
                0.0002058894651781884
            ],
            "output_layer": 0.0039047535974532366
        },
        {
            "hidden_layers": [
                0.0008737127063795924,
                0.0010064161779155256,
                0.0003226916705898475
            ],
            "output_layer": 0.004643147345632315
        },
        {
            "hidden_layers": [
                0.0008413743926212192,
                0.0009252584241039585,
                0.00024100665814330569
            ],
            "output_layer": 0.005056924186646938
        },
        {
            "hidden_layers": [
                0.0007297764532268047,
                0.0008489074289173004,
                0.0001867311598289234
            ],
            "output_layer": 0.003687405725941062
        },
        {
            "hidden_layers": [
                0.0009015052346512675,
                0.000977678707386076,
                0.00021494413249456557
            ],
            "output_layer": 0.0038609870243817568
        },
        {
            "hidden_layers": [
                0.001268745749257505,
                0.0009046200239026803,
                0.0002160812223337416
            ],