{
    "train_losses": [
        1.8284932673826506,
        1.2573200476135629,
        1.0951322454672592,
        0.9987939528250628,
        0.9318328618663663,
        0.8685837462756718,
        0.812259353293992,
        0.7475224067682558,
        0.6794621082622438,
        0.6222183372390233,
        0.5377967747358173,
        0.4541655218923874,
        0.3626820559260512,
        0.2775413349610449,
        0.2006076948977263,
        0.1534283872364763,
        0.13023001549929983,
        0.10192769533421239,
        0.08594500782376853,
        0.08991028698548632,
        0.08166699999269425,
        0.07116421238330868,
        0.06597082364900926,
        0.0795931112010594,
        0.04786293486536528,
        0.04987433049005278,
        0.059754284401225224,
        0.06414615264841675,
        0.04656317414439937,
        0.047427700778092656,
        0.05323156253288785,
        0.04568657120278483,
        0.040101018760146365,
        0.05261936799312633,
        0.037460518545176624,
        0.038421678311056154,
        0.03723652508279623,
        0.0403238075445048,
        0.04265997627354692,
        0.03559432545029409,
        0.03174236375922097,
        0.042166503676295576,
        0.028851484614185602,
        0.02981440962903849,
        0.02712014337777402,
        0.03734512141588322,
        0.031373960806615385,
        0.034157224659187094,
        0.02550993111575595,
        0.023466410971892757
    ],
    "valid_losses": [
        1.5016507983207705,
        1.1635039657354354,
        1.1251953631639482,
        1.0469666391611099,
        0.9990007877349855,
        0.9634535744786263,
        0.9584558591246605,
        0.9566320344805718,
        0.9794335886836054,
        0.9791644155979158,
        1.0451674938201903,
        1.0365254297852518,
        1.1583866134285925,
        1.332339480519295,
        1.442561961710453,
        1.5400577664375306,
        1.596081155538559,
        1.836452794075012,
        1.7740873366594316,
        1.7583665132522586,
        1.9000558614730834,
        1.8693624258041384,
        1.919161957502365,
        1.8009815320372584,
        1.9368197545409203,
        2.00888618528843,
        2.1650693446397784,
        1.9569834172725677,
        2.0263289183378226,
        2.02352015376091,
        2.216130404174329,
        2.075129058957099,
        2.2267198204994205,
        2.123496377468109,
        2.195773586630821,
        2.1974057137966154,
        2.1839709669351572,
        2.2174261987209327,
        2.098828953504562,
        2.258273085951805,
        2.2956647634506226,
        2.2619154959917065,
        2.187319776415825,
        2.303166931867599,
        2.4121043622493743,
        2.366292914748192,
        2.3186226665973666,
        2.193841010332108,
        2.427079752087593,
        2.407074075937271
    ],
    "train_accs": [
        0.36226851851851843,
        0.5458066239316236,
        0.6088185541310548,
        0.6456997863247861,
        0.6679131054131046,
        0.6919293091168085,
        0.7102920227920224,
        0.7345753205128208,
        0.7581463675213665,
        0.7784455128205122,
        0.8071358618233608,
        0.8353587962962945,
        0.8702145655270658,
        0.8991942663817667,
        0.9298655626780612,
        0.9458021723646715,
        0.9532585470085472,
        0.9636084401709429,
        0.9697961182336226,
        0.9683271011396039,
        0.9713541666666707,
        0.9752715455840506,
        0.9774528133903174,
        0.9717993233618272,
        0.9833956552706604,
        0.9824385683760732,
        0.9790553774928817,
        0.977452813390318,
        0.9838408119658169,
        0.9838185541310595,
        0.9809027777777826,
        0.9841746794871848,
        0.9865340099715145,
        0.9821047008547061,
        0.9876246438746485,
        0.9869569088319144,
        0.9870904558404597,
        0.9865562678062726,
        0.9853543447293499,
        0.9882033475783525,
        0.989271723646728,
        0.9853543447293498,
        0.9905181623931666,
        0.9900284900284944,
        0.9908742877492906,
        0.9876914173789227,
        0.9895833333333378,
        0.9883146367521423,
        0.9908742877492903,
        0.991942663817667
    ],
    "valid_accs": [
        0.460546875,
        0.5757812499999999,
        0.6082031249999998,
        0.6335937500000002,
        0.6525390624999999,
        0.6609375000000001,
        0.6613281250000002,
        0.6654296874999998,
        0.6646484374999999,
        0.67421875,
        0.6646484375000001,
        0.6716796874999996,
        0.6660156250000001,
        0.6501953124999997,
        0.6484375,
        0.6636718749999998,
        0.6570312500000001,
        0.66015625,
        0.66484375,
        0.6572265624999998,
        0.655078125,
        0.6621093750000001,
        0.6617187499999999,
        0.6652343749999999,
        0.6755859375,
        0.6642578124999999,
        0.6718750000000003,
        0.6677734375000001,
        0.6662109374999998,
        0.6623046874999999,
        0.66171875,
        0.6669921874999999,
        0.6480468750000001,
        0.6687500000000001,
        0.6728515624999998,
        0.6595703125000001,
        0.6671874999999999,
        0.6591796875000001,
        0.67578125,
        0.6650390624999999,
        0.6591796875000001,
        0.6638671875000002,
        0.6798828124999998,
        0.6621093750000001,
        0.6738281250000001,
        0.659765625,
        0.6582031249999999,
        0.6689453125,
        0.657421875,
        0.6693359374999999
    ],
    "test_loss": 2.397280907329124,
    "test_acc": 0.6650514240506331,
    "gradient_flows": [
        {
            "hidden_layers": [
                0.00046751595800742507,
                0.0008229586492234375,
                0.00037667571541533107
            ],
            "output_layer": 0.004569702781736851
        },
        {
            "hidden_layers": [
                0.0006062777829356492,
                0.0009220367164743948,
                0.00030290700669866055
            ],
            "output_layer": 0.005618750583380461
        },
        {
            "hidden_layers": [
                0.0007729697972536087,
                0.001328854777966626,
                0.00024836918692017207
            ],
            "output_layer": 0.004555214196443558
        },
        {
            "hidden_layers": [
                0.0007542222156189382,
                0.0009576280317560304,
                0.00021436958923004568
            ],
            "output_layer": 0.004513293504714966
        },
        {
            "hidden_layers": [
                0.0006283372058533132,
                0.0009629935912016663,
                0.00017851804796009674
            ],
            "output_layer": 0.0038974073249846697
        },
        {
            "hidden_layers": [
                0.0007708437624387443,
                0.0012642718338611303,
                0.000184640030056471
            ],
            "output_layer": 0.004068158566951752
        },
        {
            "hidden_layers": [
                0.0008327323012053967,
                0.0012673704368353356,
                0.0002546480927776429
            ],
            "output_layer": 0.004395086783915758
        },
        {
            "hidden_layers": [
                0.0009674998000264168,
                0.0014507486066577258,
                0.00022875777085573645
            ],
            "output_layer": 0.00387631100602448
        },
        {
            "hidden_layers": [
                0.0010879610199481249,
                0.00139523688085319,
                0.00022284245687842485
            ],
            "output_layer": 0.0035229609347879887
        },
        {
            "hidden_layers": [
                0.001115920371375978,
                0.0012998862230233499,
                0.00018647248862180277
            ],