{
    "train_losses": [
        1.984400083196809,
        1.5737370480159745,
        1.4529274851508296,
        1.3716065540612603,
        1.310910628731774,
        1.263493420391681,
        1.218051504545402,
        1.1768246653073198,
        1.139427490893252,
        1.1111646284404975,
        1.0749526747271543,
        1.0488102940412667,
        1.019838086560241,
        0.9975212055054147,
        0.9729015878123098
    ],
    "valid_losses": [
        1.6690898090600965,
        1.4877505004405975,
        1.4173436582088468,
        1.3452249467372897,
        1.280194666981697,
        1.239151880145073,
        1.164163273572922,
        1.1446653664112085,
        1.102289083600044,
        1.083792869746685,
        1.0316291198134422,
        1.0093387618660925,
        0.9647516414523125,
        0.9489518031477927,
        0.9404121249914169
    ],
    "train_accs": [
        0.29507211538461486,
        0.426037215099715,
        0.47097578347578384,
        0.5054086538461544,
        0.5279558404558408,
        0.548254985754986,
        0.564080306267806,
        0.5787927350427353,
        0.5922364672364666,
        0.604567307692307,
        0.6184339387464385,
        0.6282273860398853,
        0.6376869658119652,
        0.6454994658119659,
        0.6542690527065522
    ],
    "valid_accs": [
        0.3953125000000002,
        0.4607421875,
        0.4837890625000001,
        0.5191406249999999,
        0.5367187499999999,
        0.5544921875000002,
        0.5730468750000001,
        0.5874999999999999,
        0.6146484375000001,
        0.61953125,
        0.6400390625,
        0.6466796875000002,
        0.6646484375,
        0.6679687500000002,
        0.67265625
    ],
    "test_loss": 1.078170185602164,
    "test_acc": 0.6157041139240506
}