{
    "train_losses": [
        1.9842969841427267,
        1.5740325169006306,
        1.4527153992584971,
        1.3720676015924536,
        1.3112719527676568,
        1.2633633600001322,
        1.217940014991325,
        1.1757088884329188,
        1.139346633711432,
        1.1101931075424873,
        1.0749670508240705,
        1.0480225758674815,
        1.0189147197622865,
        0.9958724819357238,
        0.9728930867635291,
        0.9476580888117824,
        0.9267655529527584,
        0.9082417073752473,
        0.8838460406346879,
        0.8682574516008374,
        0.8495114623990837,
        0.8292537812154183,
        0.8120793139832648,
        0.7947344762986882,
        0.7805259125864402,
        0.7627384569230586,
        0.7481707782826873,
        0.7355633603881229,
        0.7177806809077572,
        0.7103987910129416,
        0.6905431317807605,
        0.6786267680150492,
        0.6657746188830788,
        0.6529827784439091,
        0.6401470954771394,
        0.626931008789954,
        0.6142076317571166,
        0.6037289950243088,
        0.589359953787252,
        0.5763275346525036
    ],
    "valid_losses": [
        1.6690291076898571,
        1.4879572600126267,
        1.4170324653387072,
        1.349795031547546,
        1.2797697514295578,
        1.2377701580524445,
        1.1622783750295642,
        1.1408421605825425,
        1.0959658697247507,
        1.0754596367478368,
        1.0282221496105193,
        1.0055171310901645,
        0.9605086117982867,
        0.9459427908062934,
        0.9395577877759932,
        0.9003351151943206,
        0.8818132832646369,
        0.8528784587979318,
        0.8376934081315993,
        0.8263660833239556,
        0.7888671919703486,
        0.7910623952746392,
        0.7743181720376013,
        0.7510417699813842,
        0.7258687108755112,
        0.7037343010306358,
        0.7024239301681521,
        0.6764236509799956,
        0.663481743633747,
        0.6424255348742012,
        0.6303477227687836,
        0.6124260783195494,
        0.5925785019993782,
        0.5845980949699879,
        0.5722516797482967,
        0.5790177002549172,
        0.5757524751126765,
        0.5343849722295998,
        0.5331053905189037,
        0.5128073915839195
    ],
    "train_accs": [
        0.2957843660968657,
        0.4271055911680908,
        0.471398682336182,
        0.5037393162393161,
        0.5279335826210827,
        0.5485665954415947,
        0.5624554843304846,
        0.5793714387464391,
        0.59261485042735,
        0.6030982905982902,
        0.6182781339031334,
        0.6291176994301994,
        0.6369079415954414,
        0.6456775284900288,
        0.653890669515669,
        0.6633947649572649,
        0.6717637108262101,
        0.6777288105413101,
        0.6893028846153844,
        0.6956908831908835,
        0.703147257834758,
        0.7072872150997147,
        0.715811965811965,
        0.7218438390313383,
        0.7249821937321932,
        0.7341746794871783,
        0.7380698005697995,
        0.7445023148148144,
        0.7489093660968655,
        0.75173611111111,
        0.7604166666666662,
        0.764066951566952,
        0.7666266025641025,
        0.7729923433048431,
        0.7769542378917376,
        0.7818509615384609,
        0.7871483262108259,
        0.7892628205128195,
        0.7954504985754991,
        0.8021723646723636
    ],
    "valid_accs": [
        0.3927734375,
        0.4578125,
        0.481640625,
        0.518359375,
        0.5402343749999999,
        0.5521484375000001,
        0.5753906249999998,
        0.5955078125000001,
        0.6162109374999999,
        0.6232421875,
        0.6462890625,
        0.6466796875,
        0.6656249999999998,
        0.6732421875,
        0.6708984374999999,
        0.6841796875,
        0.688671875,
        0.7007812499999999,
        0.7050781250000002,
        0.7072265625,
        0.7261718749999998,
        0.7298828125000003,
        0.730859375,
        0.7404296874999998,
        0.7500000000000001,
        0.7605468749999998,
        0.7585937499999998,
        0.7720703125000001,
        0.7765625,
        0.7855468750000001,
        0.79296875,
        0.7904296875000001,
        0.8033203125000001,
        0.8046875000000001,
        0.8048828125000002,
        0.8029296874999999,
        0.8056640624999999,
        0.8226562500000002,
        0.8171874999999998,
        0.82890625
    ],
    "test_loss": 0.8578252271760866,
    "test_acc": 0.7047072784810126,
    "gradient_flows": [
        {
            "hidden_layers": [
                0.016177723184227943,
                0.007820286089554429,
                0.0029549510218203068,
                0.001348337740637362,
                0.000644694926450029
            ],
            "output_layer": 0.0143285458907485
        },
        {
            "hidden_layers": [
                0.018939698114991188,
                0.008049739990383387,
                0.003276876115705818,
                0.001464710629079491,
                0.0006814600783400238
            ],
            "output_layer": 0.009518072009086609
        },
        {
            "hidden_layers": [
                0.014893652871251106,
                0.007993108127266169,
                0.00324483698932454,
                0.0014827669656369835,
                0.0006585060909856111
            ],
            "output_layer": 0.021869942545890808
        },
        {
            "hidden_layers": [
                0.016330769285559654,
                0.008442191989161074,
                0.003273301641456783,
                0.0014568526239600033,
                0.0006562488852068782
            ],
            "output_layer": 0.013390821404755116
        },
        {
            "hidden_layers": [
                0.017859501764178276,
                0.008279429050162435,
                0.0033250612905249,
                0.0014948099269531667,
                0.0006609854899579659
            ],
            "output_layer": 0.015614161267876625
        },
        {
            "hidden_layers": [
                0.01586954854428768,
                0.009609432774595916,
                0.003906991682015359,
                0.001755221834173426,
                0.0007677023095311597
            ],
            "output_layer": 0.020394934341311455
        },
        {
            "hidden_layers": [
                0.015759749338030815,
                0.007469133706763387,
                0.003167853516060859,
                0.0014367717667482793,
                0.0006059206862119026
            ],
            "output_layer": 0.013878672383725643
        },
        {
            "hidden_layers": [
                0.014743811450898647,
                0.008377603255212307,
                0.003527488501276821,
                0.0016748691559769213,
                0.0007133327308110893
            ],
            "output_layer": 0.016752002760767937
        },
        {
            "hidden_layers": [
                0.01675770804286003,
                0.008831782382912934,
                0.0035524944541975856,
                0.0016223146521952003,
                0.000688840496877674
            ],
            "output_layer": 0.009691499173641205
        },
        {
            "hidden_layers": [
                0.014426705427467823,
                0.00842715217731893,
                0.0034821865847334266,
                0.0016380569140892476,
                0.000735708832507953
            ],
            "output_layer": 0.012633460573852062
        },
        {
            "hidden_layers": [
                0.017550770193338394,
                0.008872810285538435,
                0.003437593055423349,
                0.0015921446902211756,
                0.0006729933666065335
            ],