{
    "train_losses": [
        1.5273434409388784,
        1.180836158770102,
        1.02626882421325,
        0.9239037887662902,
        0.841276888154511,
        0.7801682976236369,
        0.7203113293206246,
        0.6688968057815844,
        0.6290143906560717,
        0.5817165548815008,
        0.5342349732703295,
        0.4932358480586627,
        0.45888311494449663,
        0.4255641787140458,
        0.3851258704635153,
        0.35728848005971303,
        0.3272116168102307,
        0.3014259125262586,
        0.2797802070691713,
        0.2538871358644928,
        0.23481018805181197,
        0.22334072225199128,
        0.20325162333895364,
        0.1915909355861849,
        0.17907498310986067,
        0.1657935584924499,
        0.1645423379379121,
        0.1510213678039376,
        0.1455279722852245,
        0.1364223607669868,
        0.13380398729715254,
        0.12691674474892117,
        0.12401927985314622,
        0.12003122009549205,
        0.11550119199771479,
        0.10303248722965898,
        0.10533050941223775,
        0.10375402601398638,
        0.09989831475089926,
        0.09266939244771702
    ],
    "valid_losses": [
        1.23956433981657,
        1.0860391959547997,
        0.96277624219656,
        0.8584778860211375,
        0.7868952557444571,
        0.7277729243040083,
        0.6657494068145753,
        0.6149846009910107,
        0.5120509818196295,
        0.5154705330729484,
        0.4818079687654972,
        0.443289367109537,
        0.42301632016897206,
        0.3961827144026756,
        0.33845140971243376,
        0.328682017698884,
        0.3282155066728592,
        0.3188707146793604,
        0.26814143769443033,
        0.2901675716042518,
        0.23097474751994013,
        0.21823861673474307,
        0.19918936379253874,
        0.20315347444266083,
        0.19352506778668613,
        0.1985354121774435,
        0.17304714121855794,
        0.19498711302876476,
        0.22157564633525897,
        0.15224916519946416,
        0.18050519730895753,
        0.16812478376086804,
        0.1620103507069871,
        0.15727713927626602,
        0.1700228456407785,
        0.1433397199958563,
        0.1411267882329411,
        0.15478866869816554,
        0.14930245666764677,
        0.1518394010956399
    ],
    "train_accs": [
        0.45152243589743607,
        0.5813523860398861,
        0.6374866452991447,
        0.6759481837606833,
        0.7024795227920226,
        0.7252492877492871,
        0.7461048789173784,
        0.764556623931623,
        0.7783564814814814,
        0.796652421652421,
        0.8109196937321931,
        0.8273904914529902,
        0.8392539173789162,
        0.8482238247863233,
        0.86193465099715,
        0.8720842236467241,
        0.8846599002849,
        0.8936743233618238,
        0.9014645655270657,
        0.9095664173789166,
        0.917512464387463,
        0.9212517806267794,
        0.9273949430199412,
        0.9322694088319077,
        0.9371661324786308,
        0.9407941595441592,
        0.9423076923076921,
        0.9468928062678066,
        0.9491853632478641,
        0.9522792022792035,
        0.9529024216524228,
        0.9547275641025663,
        0.9555733618233639,
        0.9577768874643899,
        0.9592681623931647,
        0.9638755341880372,
        0.9632300569800597,
        0.9637865028490067,
        0.9654335826210865,
        0.9670806623931664
    ],
    "valid_accs": [
        0.558203125,
        0.6218750000000002,
        0.6630859375,
        0.7064453125,
        0.7296874999999999,
        0.7513671875000001,
        0.772265625,
        0.7775390625,
        0.8216796875,
        0.8193359375,
        0.835546875,
        0.8453125000000001,
        0.8572265624999998,
        0.865234375,
        0.8835937499999998,
        0.8921874999999999,
        0.8910156249999998,
        0.8917968749999998,
        0.9103515624999999,
        0.9068359375,
        0.9267578125000001,
        0.9310546875000001,
        0.9384765625000002,
        0.937890625,
        0.9421875000000001,
        0.9337890625,
        0.9447265625000001,
        0.9386718749999999,
        0.9332031249999998,
        0.9562500000000002,
        0.9447265625000002,
        0.9515625000000001,
        0.958203125,
        0.9582031249999999,
        0.9515625000000001,
        0.9624999999999998,
        0.9601562500000002,
        0.9570312500000001,
        0.9595703124999999,
        0.9587890625
    ],
    "test_loss": 1.0300123291679577,
    "test_acc": 0.763548259493671,
    "gradient_flows": [
        {
            "hidden_layers": [
                0.0017262189649045467,
                0.002438588948280085,
                0.001199457110487856,
                0.001439639825548511,
                0.0009680983057478443
            ],
            "output_layer": 0.006262767594307661
        },
        {
            "hidden_layers": [
                0.0037585077807307243,
                0.0031839587027207017,
                0.001646857417654246,
                0.0018325201963307336,
                0.0012550907777040266
            ],
            "output_layer": 0.008426668122410774
        },
        {
            "hidden_layers": [
                0.001926508150063455,
                0.0023638475468032993,
                0.0011619476863415912,
                0.001069783429556992,
                0.0008542888863303233
            ],
            "output_layer": 0.0060496702790260315
        },
        {
            "hidden_layers": [
                0.0019553648307919502,
                0.002700061333598569,
                0.001233011185831856,
                0.0012214563830639236,
                0.0008007462020032108
            ],
            "output_layer": 0.005651397164911032
        },
        {
            "hidden_layers": [
                0.002661675913259387,
                0.002414764414425008,
                0.0014121076310402714,
                0.0014834844478173181,
                0.0009637082330300473
            ],
            "output_layer": 0.007426551077514887
        },
        {
            "hidden_layers": [
                0.002410310320556164,
                0.0025699097241158597,
                0.0014718354650540277,
                0.0014307693709270097,
                0.0008363262168131769
            ],
            "output_layer": 0.007691220846027136
        },
        {
            "hidden_layers": [
                0.002693474292755127,
                0.0026049016742035747,
                0.0016716609970899299,
                0.001488272137066815,
                0.001018308314087335
            ],
            "output_layer": 0.007273486349731684
        },
        {
            "hidden_layers": [
                0.0029726196080446243,
                0.002537282998673618,
                0.0015846294991206378,
                0.001404501628712751,
                0.0008635846861579921
            ],
            "output_layer": 0.006464626174420118
        },
        {
            "hidden_layers": [
                0.003250358160585165,
                0.002356493736442644,
                0.0016350808291463181,
                0.0014509372704196721,
                0.0009924928599502891
            ],
            "output_layer": 0.006892955396324396
        },
        {
            "hidden_layers": [
                0.002677634824067354,
                0.002461280098941643,
                0.001790009431715589,
                0.0015659087512176484,
                0.0009286496315326076
            ],
            "output_layer": 0.0068293227814137936
        },
        {
            "hidden_layers": [
                0.002587659051641822,
                0.0019191948886145838,
                0.0013761470254394226,
                0.0013830014286213554,
                0.0008256337678176351
            ],