{
    "train_losses": [
        1.9704283934373117,
        1.562876942830208,
        1.4097287722802225,
        1.3198925820510943,
        1.267355742277922,
        1.2281030681398177,
        1.1830715384238804,
        1.1564251473146963,
        1.1284317338568532,
        1.092491879082813,
        1.0645041543873628,
        1.0349552717983215,
        1.0064431590232419,
        0.9902061490591426,
        0.9644313177831495
    ],
    "valid_losses": [
        1.823168757557869,
        1.6257272005081178,
        1.6166738122701645,
        1.3946830868721007,
        1.289984014630318,
        1.2335292786359788,
        1.2108974471688272,
        1.2244438141584395,
        1.1635591074824336,
        1.2504041314125058,
        1.1646749436855317,
        1.037483638525009,
        1.0466702729463577,
        1.0356191396713257,
        1.1678377509117126
    ],
    "train_accs": [
        0.27056623931623874,
        0.4328926282051281,
        0.4862669159544157,
        0.5235042735042736,
        0.5434250356125354,
        0.560474537037037,
        0.5762998575498577,
        0.5864494301994301,
        0.5971109330484327,
        0.6119791666666664,
        0.6209935897435895,
        0.6310318732193727,
        0.6428952991452986,
        0.6475471866096867,
        0.6577857905982899
    ],
    "valid_accs": [
        0.3986328125,
        0.4755859375,
        0.48535156249999983,
        0.5322265625000001,
        0.5673828125,
        0.5816406249999999,
        0.6119140625000001,
        0.6107421875,
        0.6255859374999998,
        0.6222656249999999,
        0.640234375,
        0.665234375,
        0.66640625,
        0.6783203125,
        0.6609375000000001
    ],
    "test_loss": 1.241307296330416,
    "test_acc": 0.6423061708860757
}