{
    "train_losses": [
        1.9842263629973116,
        1.5740784661382685,
        1.4530777727436814,
        1.3719959028086426,
        1.3115938932467723,
        1.264465455995326,
        1.2184429129643997,
        1.176917496230188,
        1.139131676437509,
        1.1113047317901574,
        1.074777748170402,
        1.0490399386808067,
        1.0192881139934569,
        0.9972034587479729,
        0.9735633904098442
    ],
    "valid_losses": [
        1.6698869973421095,
        1.4869072169065474,
        1.415901890397072,
        1.349087318778038,
        1.278038594126701,
        1.2355003744363786,
        1.164325302839279,
        1.1453998148441316,
        1.0978311479091645,
        1.0789057284593586,
        1.0286329418420788,
        1.0016904488205907,
        0.9607701659202577,
        0.949655869603157,
        0.9440782696008685
    ],
    "train_accs": [
        0.2953169515669512,
        0.42577012108262097,
        0.47030804843304874,
        0.5037393162393162,
        0.5276442307692311,
        0.5485443376068376,
        0.5631677350427351,
        0.5797498219373222,
        0.5908342236467231,
        0.604611823361823,
        0.6176549145299145,
        0.6291176994301989,
        0.6375311609686607,
        0.6467681623931621,
        0.65326745014245
    ],
    "valid_accs": [
        0.393359375,
        0.4607421875,
        0.4830078124999999,
        0.5164062500000001,
        0.5417968749999998,
        0.55390625,
        0.5798828124999998,
        0.5935546875000001,
        0.615625,
        0.6220703124999999,
        0.6431640625000001,
        0.6517578125000002,
        0.6664062500000001,
        0.670703125,
        0.6673828125000001
    ],
    "test_loss": 1.0865898275677162,
    "test_acc": 0.6118473101265821
}