{
    "train_losses": [
        1.9841683403379209,
        1.573865662273178,
        1.452887553774733,
        1.3720336459640745,
        1.3107395015890437,
        1.2634977183790286,
        1.2182538370121572,
        1.1767408745920558,
        1.139666286289181,
        1.1101112046472703,
        1.0746226407523842,
        1.0481051429044828,
        1.018871786417785,
        0.9962770354713806,
        0.9720685655235223,
        0.9459274421390308,
        0.9266667873771103,
        0.9069912725704018,
        0.884527382008371,
        0.8679644473937164,
        0.8489651807353018,
        0.8287166192321014,
        0.811673656148449,
        0.7937331023039639,
        0.7795877246095921,
        0.7616318151821782,
        0.7480890268613806,
        0.733309301980201,
        0.7168710563766993,
        0.7087449821991116,
        0.6895021467636794,
        0.6771080468454941,
        0.6640692234378933,
        0.6504730825070976,
        0.6386490858178531,
        0.625933015193695,
        0.6125988273369278,
        0.6011170674423206,
        0.5882701849156297,
        0.5749769457894512
    ],
    "valid_losses": [
        1.669699558615684,
        1.4880149602890014,
        1.4183918118476868,
        1.3461688578128812,
        1.2805697858333585,
        1.2350240796804428,
        1.1625380754470824,
        1.1423641577363015,
        1.096545435488224,
        1.0766554966568944,
        1.0294275015592576,
        1.0050581783056258,
        0.9597231432795522,
        0.9455974057316778,
        0.945818457007408,
        0.9025725424289701,
        0.8860838428139686,
        0.8511995106935503,
        0.8372451260685921,
        0.8254827246069908,
        0.7885663986206056,
        0.7879478462040423,
        0.7704512029886245,
        0.7487204074859617,
        0.721757484227419,
        0.7037239089608194,
        0.6995795220136642,
        0.675051885098219,
        0.6638100109994413,
        0.6411067932844161,
        0.6283735774457454,
        0.6148942671716211,
        0.5913144640624524,
        0.5829275593161583,
        0.5680095709860328,
        0.5741785109043122,
        0.5724182300269605,
        0.5361692856997252,
        0.5320751674473285,
        0.5125508107244968
    ],
    "train_accs": [
        0.29511663105413066,
        0.42637108262108253,
        0.4717548076923079,
        0.5035612535612535,
        0.5275329415954415,
        0.5479878917378919,
        0.5629451566951567,
        0.5799278846153851,
        0.5925035612535611,
        0.6038773148148145,
        0.6189458689458687,
        0.6294515669515665,
        0.6385327635327633,
        0.6465010683760687,
        0.6544693732193725,
        0.6651086182336173,
        0.6713185541310537,
        0.6806668447293444,
        0.6892138532763534,
        0.694199608262108,
        0.7023459757834756,
        0.7086672008547,
        0.7159455128205127,
        0.7219106125356126,
        0.7253383190883189,
        0.7346866096866091,
        0.7372685185185178,
        0.7443242521367516,
        0.7495993589743588,
        0.7529157763532761,
        0.760216346153845,
        0.7644230769230765,
        0.7674946581196581,
        0.7743500712250709,
        0.7780893874643869,
        0.7811609686609681,
        0.78792735042735,
        0.7904647435897426,
        0.7963185541310538,
        0.8037081552706541
    ],
    "valid_accs": [
        0.3962890625,
        0.4560546874999999,
        0.4833984375,
        0.5205078125,
        0.5367187499999999,
        0.5501953125,
        0.5732421875,
        0.594921875,
        0.6156249999999999,
        0.6228515624999998,
        0.6380859375000001,
        0.6501953125,
        0.666015625,
        0.672265625,
        0.6681640624999995,
        0.6808593749999998,
        0.6876953125000002,
        0.7041015625000001,
        0.7064453124999999,
        0.7126953124999997,
        0.723046875,
        0.7259765624999998,
        0.7298828125,
        0.7419921874999998,
        0.7527343750000001,
        0.755078125,
        0.7587890625,
        0.771875,
        0.7765624999999999,
        0.7849609375000001,
        0.7892578124999999,
        0.7902343749999999,
        0.8019531250000002,
        0.8068359375000002,
        0.8103515624999998,
        0.8041015625,
        0.8083984375,
        0.8222656250000002,
        0.81640625,
        0.8271484375
    ],
    "test_loss": 0.8589698121517518,
    "test_acc": 0.7053995253164559,
    "gradient_flows": [
        {
            "hidden_layers": [
                0.015125036239624023,
                0.007342707714997232,
                0.0029469647561199963,
                0.0013483596849255264,
                0.0006462131859734654
            ],
            "output_layer": 0.014292030595242977
        },
        {
            "hidden_layers": [
                0.01798696257174015,
                0.008138100383803248,
                0.0032640413846820593,
                0.0014690336247440428,
                0.0006849735655123368
            ],
            "output_layer": 0.00961743202060461
        },
        {
            "hidden_layers": [
                0.014129199087619781,
                0.007593510556034744,
                0.0031621152884326875,
                0.0014572332438547164,
                0.0006528276862809435
            ],
            "output_layer": 0.021673066541552544
        },
        {
            "hidden_layers": [
                0.01815222017467022,
                0.008346624905243516,
                0.003241519967559725,
                0.001447294926038012,
                0.0006555522122653201
            ],
            "output_layer": 0.013978476636111736
        },
        {
            "hidden_layers": [
                0.018621692433953285,
                0.00808341195806861,
                0.003408417454920709,
                0.0015170752885751426,
                0.0006673506868537515
            ],
            "output_layer": 0.01576976105570793
        },
        {
            "hidden_layers": [
                0.015481993556022644,
                0.009178883396089077,
                0.003869421372655779,
                0.0017696329741738737,
                0.0007775566045893356
            ],
            "output_layer": 0.020618081092834473
        },
        {
            "hidden_layers": [
                0.015122742392122746,
                0.007622355711646378,
                0.003139807959087193,
                0.0014309028920251876,
                0.0006047673014109023
            ],
            "output_layer": 0.01391216553747654
        },
        {
            "hidden_layers": [
                0.016432927921414375,
                0.008318112813867629,
                0.0035264084581285715,
                0.0016756236145738512,
                0.0007093773456290364
            ],
            "output_layer": 0.016617028042674065
        },
        {
            "hidden_layers": [
                0.017066678032279015,
                0.008850747719407082,
                0.0035077451611869037,
                0.001625238306587562,
                0.0006891955490573309
            ],
            "output_layer": 0.009558174759149551
        },
        {
            "hidden_layers": [
                0.015644025057554245,
                0.00844586209859699,
                0.003476494981441647,
                0.0016518551565241069,
                0.0007429930992657319
            ],
            "output_layer": 0.01249602623283863
        },
        {
            "hidden_layers": [
                0.016924865543842316,
                0.008660570485517383,
                0.003411159384995699,
                0.0015869205235503614,
                0.000669315799314063
            ],