{
    "train_losses": [
        1.7429558531171578,
        1.4425880997269236,
        1.3228025606215172,
        1.2463306470474285,
        1.1906611696947003,
        1.136387331023855,
        1.0948504399709897,
        1.055532414009768,
        1.0311804007940488,
        0.9978833271567292,
        0.9767467569761465,
        0.9551444075725701,
        0.9437421567080025,
        0.922727952825378,
        0.9025624127809134,
        0.8906825935399089,
        0.8782192412604638,
        0.862187601222612,
        0.8554125896885864,
        0.840540682318543,
        0.8272450539121603,
        0.8224071172567518,
        0.813491279922659,
        0.8022741072537893,
        0.7928183313108919,
        0.7845013591638653,
        0.7827798235110746,
        0.7666661961805448,
        0.7682955822034427,
        0.7535491721582542
    ],
    "valid_losses": [
        2.0454755276441574,
        1.8313210397958755,
        1.6104471772909166,
        1.4314701288938523,
        1.240992955863476,
        1.2522919297218322,
        1.266016867756844,
        1.1664547592401504,
        1.1257873296737668,
        1.1165518984198572,
        1.1004787132143974,
        1.0277272805571556,
        0.9826813846826553,
        0.9823651120066642,
        1.0428350746631623,
        0.9275731533765794,
        0.98578115850687,
        0.8941461145877837,
        0.9227205485105514,
        0.8955227121710776,
        0.9157412543892859,
        0.918411771953106,
        0.9502841085195541,
        0.8925659313797951,
        0.8540073662996291,
        0.8522750735282897,
        0.88651747405529,
        0.8530120998620986,
        0.88413677662611,
        0.9525954723358153
    ],
    "train_accs": [
        0.3515624999999998,
        0.47357995014245,
        0.5217013888888891,
        0.5487669159544161,
        0.5743189102564101,
        0.5932603276353275,
        0.6091969373219371,
        0.6237313034188028,
        0.6323673433048437,
        0.6456552706552698,
        0.6508636039886032,
        0.6621038105413101,
        0.6630163817663808,
        0.6722756410256405,
        0.6798878205128202,
        0.6845174501424491,
        0.6874999999999994,
        0.6935318732193726,
        0.6977608618233615,
        0.7023682336182334,
        0.7059072293447288,
        0.7071759259259253,
        0.7099804131054128,
        0.7157451923076918,
        0.7169916310541302,
        0.72079772079772,
        0.7220664173789166,
        0.7274750712250706,
        0.7272079772079766,
        0.7327056623931617
    ],
    "valid_accs": [
        0.3900390625,
        0.4509765625,
        0.5125,
        0.5705078125,
        0.6041015625000001,
        0.6046875000000002,
        0.6177734374999998,
        0.6453125000000001,
        0.6455078125000001,
        0.6625,
        0.6720703124999999,
        0.6869140625000001,
        0.7009765625,
        0.6974609375000002,
        0.6853515624999998,
        0.7146484374999998,
        0.7021484375,
        0.7261718750000002,
        0.7232421875000001,
        0.7316406249999998,
        0.7257812499999997,
        0.7220703125000001,
        0.7310546875,
        0.7423828125000002,
        0.7484375,
        0.7402343750000001,
        0.735546875,
        0.748828125,
        0.7453125,
        0.7283203125
    ],
    "test_loss": 1.1300867418699625,
    "test_acc": 0.690961234177215,
    "gradient_flows": [
        {
            "hidden_layers": [
                0.001828125212341547,
                0.0013075971364742145,
                0.0007413679559249431
            ],
            "output_layer": 0.005934549495577812
        },
        {
            "hidden_layers": [
                0.00270531396381557,
                0.0017279239691561088,
                0.0005336759277270176
            ],
            "output_layer": 0.006078118924051523
        },
        {
            "hidden_layers": [
                0.0029726175125688314,
                0.001744933848385699,
                0.0005959417831036262
            ],
            "output_layer": 0.006584928836673498
        },
        {
            "hidden_layers": [
                0.002717298921197653,
                0.0017120328047894873,
                0.0005096648856124375
            ],
            "output_layer": 0.005718167405575514
        },
        {
            "hidden_layers": [
                0.0024726781994104385,
                0.0017232013269676827,
                0.0005598475181614049
            ],
            "output_layer": 0.006464919541031122
        },
        {
            "hidden_layers": [
                0.003190934658050537,
                0.0016435725483461283,
                0.0005758608240284957
            ],
            "output_layer": 0.006021920125931501
        },
        {
            "hidden_layers": [
                0.0031888987869024277,
                0.0016279585979646072,
                0.0005315408925525844
            ],
            "output_layer": 0.005773985292762518
        },
        {
            "hidden_layers": [
                0.0027573329862207174,
                0.0014359189444803633,
                0.0004545029605651507
            ],
            "output_layer": 0.004643129650503397
        },
        {
            "hidden_layers": [
                0.0034089302644133568,
                0.0016760597718530335,
                0.0005996822510496713
            ],
            "output_layer": 0.004948367364704609
        },
        {
            "hidden_layers": [
                0.0034824232570827007,
                0.001761557134159375,
                0.000597393936914159
            ],
            "output_layer": 0.006462495308369398
        },
        {
            "hidden_layers": [
                0.002936891745775938,
                0.0014513429923681542,
                0.00047466544492635876
            ],
            "output_layer": 0.004963126499205828
        },
        {
            "hidden_layers": [
                0.0036583351902663708,
                0.0017828091295086779,
                0.0006046821508789435
            ],
            "output_layer": 0.005343656521290541
        },
        {
            "hidden_layers": [
                0.004159928299486637,
                0.0016990043441182934,
                0.000607969741395209
            ],
            "output_layer": 0.005551869980990887
        },
        {
            "hidden_layers": [
                0.0043443115428090096,
                0.0016474855947308242,
                0.0005539026606129482
            ],
            "output_layer": 0.005406375974416733
        },
        {
            "hidden_layers": [
                0.003989487420767546,
                0.001676739404501859,
                0.000593350785493385
            ],
            "output_layer": 0.005949416663497686
        },
        {
            "hidden_layers": [
                0.0033638484310358763,
                0.0019094069866696373,
                0.0006025394977768883
            ],
            "output_layer": 0.005683164112269878
        },
        {
            "hidden_layers": [
                0.003680724650621414,
                0.0020147289615124464,
                0.0006413688406610163
            ],
            "output_layer": 0.005677926819771528
        },
        {
            "hidden_layers": [
                0.003559522796422243,
                0.0017010499286698177,
                0.0005674199419445358
            ],
            "output_layer": 0.005449141375720501
        },
        {
            "hidden_layers": [
                0.0036303584929555655,
                0.0016598514121142216,
                0.0005749159317929298
            ],