{
    "train_losses": [
        1.6751838657591063,
        1.2764687364936893,
        1.1272390683492033,
        1.0120141078264289,
        0.9230831238279326,
        0.8609175807730086,
        0.8094476673677782,
        0.7524005607662039,
        0.7045781420506646,
        0.6575516042885956,
        0.6119450684796034,
        0.5722319738477721,
        0.5345611366790921,
        0.48841857757323814,
        0.4432038783687472,
        0.39429482163866697,
        0.35642948891022935,
        0.31664359654456464,
        0.27682849493121825,
        0.25725107960551546,
        0.21956116699764863,
        0.19847527740687715,
        0.17669970115535277,
        0.16157471997785422,
        0.1435408111597993,
        0.13139064820149005,
        0.1264251427263277,
        0.11474109693639968,
        0.11127057807928648,
        0.10428657437916151
    ],
    "valid_losses": [
        1.3608003288507462,
        1.167165744304657,
        1.0233457759022713,
        0.9725054606795311,
        0.8837411195039745,
        0.808033710718155,
        0.7271024957299232,
        0.7008745886385443,
        0.6324678391218186,
        0.5861838430166245,
        0.5490894079208374,
        0.48927285000681886,
        0.46262064203619957,
        0.450390037894249,
        0.3720660172402859,
        0.3589756615459919,
        0.3387694027274847,
        0.26050545070320363,
        0.2631113346666098,
        0.2170473920181393,
        0.25750485733151435,
        0.19626906187040727,
        0.19914266914129256,
        0.17072000367334117,
        0.17412909707054502,
        0.18312949864193798,
        0.18062797930906524,
        0.1447598389349878,
        0.14227738232584672,
        0.15810531033203004
    ],
    "train_accs": [
        0.3998174857549858,
        0.5416444088319089,
        0.5995147792022791,
        0.6438969017094011,
        0.674790776353276,
        0.6941773504273504,
        0.7161903490028481,
        0.7353766025641022,
        0.7532273860398851,
        0.7690304487179481,
        0.7812499999999996,
        0.7979878917378911,
        0.8103409900284892,
        0.8243189102564088,
        0.8408119658119645,
        0.8584624287749286,
        0.8721509971509976,
        0.8881321225071228,
        0.900841346153845,
        0.9085425569800564,
        0.9211850071225057,
        0.9301994301994285,
        0.9376558048433037,
        0.9415509259259255,
        0.9491185897435908,
        0.9538149928774943,
        0.9563969017094038,
        0.9588897792022818,
        0.9610487891737922,
        0.9625845797720824
    ],
    "valid_accs": [
        0.49570312499999997,
        0.5861328124999999,
        0.6353515625,
        0.656640625,
        0.6908203124999999,
        0.7169921875000002,
        0.7449218750000003,
        0.7513671874999998,
        0.7880859375000001,
        0.800390625,
        0.8138671875000003,
        0.8314453124999999,
        0.8416015625,
        0.8416015624999997,
        0.8660156250000002,
        0.8791015624999997,
        0.8837890625,
        0.917578125,
        0.9146484374999998,
        0.9275390625,
        0.914453125,
        0.93984375,
        0.9365234375,
        0.9509765625000001,
        0.9449218750000002,
        0.9478515624999998,
        0.9488281250000002,
        0.9580078125000002,
        0.963671875,
        0.9587890625000001
    ],
    "test_loss": 1.0147607175609734,
    "test_acc": 0.7665150316455701,
    "gradient_flows": [
        {
            "hidden_layers": [
                0.0009400934795849025,
                0.0012664343230426311,
                0.00036992337481933646,
                0.00024897122602851596,
                0.00033750418151612394
            ],
            "output_layer": 0.004493990447372198
        },
        {
            "hidden_layers": [
                0.0008291943813674152,
                0.0012841202005802188,
                0.0002879005169234006,
                0.00020239036985003622,
                0.00028487806775956415
            ],
            "output_layer": 0.00548674026504159
        },
        {
            "hidden_layers": [
                0.0009637001785449684,
                0.0014090525583014823,
                0.00034594728640513495,
                0.00021949157780909445,
                0.00027599052373261657
            ],
            "output_layer": 0.005142714828252792
        },
        {
            "hidden_layers": [
                0.0017343841027468443,
                0.0018406851522740908,
                0.0004061036706843879,
                0.0002666656673682155,
                0.0003804773514275439
            ],
            "output_layer": 0.005962708033621311
        },
        {
            "hidden_layers": [
                0.0012494387337937951,
                0.0012260525982128456,
                0.0003022962082468439,
                0.00018744753288046923,
                0.00021726577415392967
            ],
            "output_layer": 0.0049130842089653015
        },
        {
            "hidden_layers": [
                0.0010280273854732513,
                0.0012415219280228484,
                0.0002937804310931824,
                0.00020251145724614616,
                0.0002212095532740932
            ],
            "output_layer": 0.005089129321277142
        },
        {
            "hidden_layers": [
                0.0010862327180802822,
                0.0015571490112051833,
                0.0003573548710846808,
                0.00021725016722484725,
                0.0002446543921905686
            ],
            "output_layer": 0.004634312354028225
        },
        {
            "hidden_layers": [
                0.0014417332131415606,
                0.001464290920921485,
                0.0003634391869127285,
                0.00023131090620154282,
                0.00022301608805719297
            ],
            "output_layer": 0.00525776157155633
        },
        {
            "hidden_layers": [
                0.0014512015040963888,
                0.001240776135091437,
                0.000314682916723541,
                0.00020394227885844884,
                0.00019963658542110352
            ],
            "output_layer": 0.00502927228808403
        },
        {
            "hidden_layers": [
                0.0012574647553265095,
                0.0013482951453624992,
                0.00043180896864214446,
                0.00024581735851825215,
                0.00027932325338042574
            ],
            "output_layer": 0.00540357967838645
        },
        {
            "hidden_layers": [
                0.0011208291398361325,
                0.001354938511212822,
                0.00039847829248174094,
                0.0002844716091203736,
                0.0002828451697496348
            ],
            "output_layer": 0.006029200274497271
        },
        {
            "hidden_layers": [
                0.0011515876976773143,
                0.0011850853661599103,
                0.00036472139436227735,
                0.00023806257195246872,
                0.00020356760796857998
            ],
            "output_layer": 0.005451114848256111
        },
        {
            "hidden_layers": [
                0.0016406585928052664,
                0.0012004518903268036,
                0.00042123617458855733,
                0.0002577411250967998,
                0.00021851648489246145
            ],
            "output_layer": 0.005804815329611301
        },
        {
            "hidden_layers": [
                0.0015732829924672842,
                0.0011653377678157995,
                0.00043573303264565766,
                0.0002839189110090956,
                0.0002432469382256386
            ],