{
    "train_losses": [
        1.666834174737633,
        1.2228787656862863,
        1.0702362695650496,
        0.9524683886104162,
        0.8722587489334603,
        0.8060498237609871,
        0.7524370676771525,
        0.6941745405183557,
        0.6399319602383501,
        0.5904087607677168,
        0.539796869044969,
        0.48944073720195674,
        0.4437234289625772,
        0.3893459446070205,
        0.3459092305171863,
        0.2954088390467854,
        0.2584996179510386,
        0.22550416901240664,
        0.20137240623052308,
        0.18153205301686903,
        0.16447997426460287,
        0.15251880013874788,
        0.1360498964680396,
        0.12921682242144897,
        0.12211478580097179,
        0.10601119585653655,
        0.1069040949963181,
        0.10250415890199005,
        0.09551837358973993,
        0.09421285042841719,
        0.08985635565535467,
        0.08441365545780058,
        0.07757518979909162,
        0.08006817887555753,
        0.07745574989708993,
        0.07733211904615589,
        0.07138409559744974,
        0.07309939054788181,
        0.06836931371366192,
        0.06566097844986414
    ],
    "valid_losses": [
        1.2776467651128771,
        1.1198686480522155,
        0.9851833716034892,
        0.8761771023273468,
        0.8287192612886429,
        0.7705829158425332,
        0.6530287310481073,
        0.6364348366856577,
        0.5631172761321068,
        0.520439551025629,
        0.4473085582256316,
        0.39916068241000174,
        0.3771718431264162,
        0.3777649372816086,
        0.29703168012201786,
        0.24934558756649491,
        0.2630487746559084,
        0.2139341227710247,
        0.22246747240424156,
        0.19362176302820439,
        0.17996781482361268,
        0.18781039072200656,
        0.16972632659599185,
        0.17936504032695666,
        0.152087028324604,
        0.15156906151678415,
        0.19682771218940615,
        0.18208830943331122,
        0.14977172826329477,
        0.16526414202526216,
        0.18621806940063837,
        0.15976585575845093,
        0.14595614058780482,
        0.15120750395581126,
        0.15091619822778737,
        0.14702080473070964,
        0.14222689275629818,
        0.13985019730462225,
        0.1415652001916897,
        0.14085953324047298
    ],
    "train_accs": [
        0.41662215099715105,
        0.562121616809117,
        0.6211048789173784,
        0.6638844373219367,
        0.6916622150997148,
        0.7148103632478622,
        0.7360888532763529,
        0.753872863247863,
        0.7735487891737882,
        0.7917111823361825,
        0.8095842236467228,
        0.8269675925925917,
        0.8439725783475778,
        0.860977564102564,
        0.876424501424502,
        0.8933404558404565,
        0.908765135327634,
        0.9192040598290583,
        0.9269275284900267,
        0.9354745370370361,
        0.942174145299145,
        0.946536680911681,
        0.9524350071225082,
        0.9536369301994313,
        0.9559517450142471,
        0.9624732905982935,
        0.9621616809116835,
        0.9644319800569838,
        0.9666577635327671,
        0.967459045584049,
        0.9682380698005737,
        0.9708644943019986,
        0.9733128561253603,
        0.972823183760689,
        0.9732683404558453,
        0.9739360754985803,
        0.9756721866096918,
        0.9749821937321987,
        0.9762286324786378,
        0.9765179843304895
    ],
    "valid_accs": [
        0.5429687499999999,
        0.6033203125,
        0.6572265625000001,
        0.6888671875,
        0.7130859375000003,
        0.7287109375,
        0.7779296875,
        0.7765625,
        0.80078125,
        0.8148437499999998,
        0.8390624999999999,
        0.8638671875000001,
        0.8693359375,
        0.8703124999999999,
        0.8970703125,
        0.9130859375000001,
        0.9136718750000002,
        0.926953125,
        0.9279296874999996,
        0.9384765624999996,
        0.9410156250000002,
        0.9423828125,
        0.9525390625,
        0.9500000000000002,
        0.956640625,
        0.9589843749999999,
        0.9441406250000001,
        0.9443359375000001,
        0.9603515625,
        0.9558593749999997,
        0.9505859374999998,
        0.9556640624999998,
        0.9626953125,
        0.962109375,
        0.9611328125,
        0.966015625,
        0.9632812500000002,
        0.9644531249999999,
        0.965234375,
        0.9642578125
    ],
    "test_loss": 1.1991381788555575,
    "test_acc": 0.7471321202531647,
    "gradient_flows": [
        {
            "hidden_layers": [
                0.0005975086241960526,
                0.0012244508488947758,
                0.00043656185880536214,
                0.00041540938218531664,
                0.0005177526454644976
            ],
            "output_layer": 0.003956932574510574
        },
        {
            "hidden_layers": [
                0.0008173994137905538,
                0.001402736274030758,
                0.0004143430687690852,
                0.0004547498101601377,
                0.00045460624824045226
            ],
            "output_layer": 0.0055799889378249645
        },
        {
            "hidden_layers": [
                0.0011091572232544422,
                0.0017369269462506054,
                0.0004592370369209675,
                0.00045650129140994977,
                0.0004182052107353229
            ],
            "output_layer": 0.005377778317779303
        },
        {
            "hidden_layers": [
                0.0013192107435315847,
                0.001730246787701617,
                0.00044956639794691,
                0.00047183902643155307,
                0.00047402199379575904
            ],
            "output_layer": 0.006415948271751404
        },
        {
            "hidden_layers": [
                0.0011800191132351756,
                0.001354106130747823,
                0.00040542571332480293,
                0.0003868331932608271,
                0.0003594124409573851
            ],
            "output_layer": 0.005942185875028372
        },
        {
            "hidden_layers": [
                0.001179390586912632,
                0.0015711762571299914,
                0.0003516075066727353,
                0.0003798093439399963,
                0.0003062618270632811
            ],
            "output_layer": 0.005529958754777908
        },
        {
            "hidden_layers": [
                0.0010230777552351356,
                0.0013254256409709342,
                0.0003684158164105611,
                0.0003569326509023085,
                0.0003006376791745424
            ],
            "output_layer": 0.00548639427870512
        },
        {
            "hidden_layers": [
                0.0013765348121523857,
                0.0014946695209800964,
                0.0004511434763116995,
                0.000379909008188406,
                0.0002888140606955858
            ],
            "output_layer": 0.00573376938700676
        },
        {
            "hidden_layers": [
                0.0014873591717332602,
                0.0013290060123836156,
                0.00040117693060892634,
                0.00038909555587451905,
                0.00028781904347852105
            ],
            "output_layer": 0.0060202437452971935
        },
        {
            "hidden_layers": [
                0.0011817847844213247,
                0.0011290530765108997,
                0.00035480703445500694,
                0.00035706603011931293,
                0.0003055696051887935
            ],
            "output_layer": 0.005336476024240255
        },
        {
            "hidden_layers": [
                0.0012917526764795184,
                0.0012346225739747752,
                0.0004113936120120343,
                0.00041431220961385407,
                0.00028423847834346816
            ],