{
    "train_losses": [
        1.5226009666410285,
        1.219462519357686,
        1.0973913856381368,
        1.0026075749995023,
        0.9270044655202131,
        0.8711405574765978,
        0.8162144138942085,
        0.7727280143659,
        0.7318719781701725,
        0.6996387747617862,
        0.6634991425394672,
        0.6266374578672933,
        0.60153715214838,
        0.5753983441750888,
        0.5396305057737563,
        0.5114161875682677,
        0.4885877249417484,
        0.4673241450745834,
        0.44563318725325113,
        0.4237284609395217,
        0.4023395115323895,
        0.3860074248578814,
        0.3632639396479326,
        0.35115518635324566,
        0.33196185601402883,
        0.3160566724942962,
        0.30927253143060585,
        0.28777720853474087,
        0.2778254768617472,
        0.26824757533195687,
        0.25417807201544446,
        0.24137870271151562,
        0.23985844926956382,
        0.22451783878001744,
        0.22129529807981957,
        0.21450185279051467,
        0.2123455681607253,
        0.19074242413468512,
        0.19932800048479313,
        0.1885211956382137
    ],
    "valid_losses": [
        1.2644103050231936,
        1.1008700460195542,
        1.0281948938965797,
        0.9068514198064803,
        0.8931355535984039,
        0.7901025786995888,
        0.7774987652897835,
        0.7356348142027854,
        0.720043033361435,
        0.6672727048397061,
        0.6221832834184169,
        0.5763191834092141,
        0.5997635066509247,
        0.49397521167993547,
        0.5559261620044708,
        0.4793668806552886,
        0.45259061306715015,
        0.4451174192130566,
        0.4075467519462108,
        0.3743256092071533,
        0.3617377206683159,
        0.36997308284044267,
        0.339846010133624,
        0.33419614285230637,
        0.34498938545584673,
        0.30339758060872546,
        0.2884480558335782,
        0.2911031566560268,
        0.2770101562142372,
        0.26215627212077375,
        0.22610112801194196,
        0.2357150780037046,
        0.2554836869239807,
        0.22203685129061343,
        0.23333124225027865,
        0.2671539975330234,
        0.20398791590705515,
        0.20613547582179315,
        0.20701526273041962,
        0.2161253260448575
    ],
    "train_accs": [
        0.4494301994301993,
        0.5645032051282046,
        0.6107327279202269,
        0.6438746438746437,
        0.6748130341880342,
        0.6924857549857548,
        0.7112268518518511,
        0.7285879629629625,
        0.7393830128205121,
        0.7529602920227917,
        0.7663372507122499,
        0.7767761752136748,
        0.7864138176638167,
        0.7952056623931618,
        0.8079148860398842,
        0.8191773504273492,
        0.8267672720797713,
        0.8342236467236455,
        0.8408787393162382,
        0.8487357549857547,
        0.8562589031339023,
        0.8603320868945868,
        0.8707710113960113,
        0.874042913105413,
        0.882033475783476,
        0.8861956908831912,
        0.8898237179487185,
        0.8977697649572662,
        0.9008190883190881,
        0.9044471153846148,
        0.9092993233618228,
        0.9129273504273495,
        0.914307336182336,
        0.9192930911680901,
        0.9202946937321925,
        0.9233662749287735,
        0.9244569088319075,
        0.9317352207977201,
        0.9290642806267795,
        0.9325365028490006
    ],
    "valid_accs": [
        0.5431640624999999,
        0.6027343750000002,
        0.6347656250000002,
        0.6863281249999998,
        0.6933593750000001,
        0.7271484375000001,
        0.7298828125000002,
        0.7427734374999998,
        0.7478515625,
        0.7660156250000002,
        0.7806640625000001,
        0.7908203125,
        0.7912109374999999,
        0.8343750000000001,
        0.811328125,
        0.8353515624999999,
        0.8398437499999999,
        0.844921875,
        0.8587890625000001,
        0.8732421874999999,
        0.871875,
        0.8710937499999999,
        0.8841796875000001,
        0.8908203125,
        0.8847656250000001,
        0.9003906249999998,
        0.901953125,
        0.8992187499999998,
        0.90703125,
        0.9166015624999999,
        0.9263671875000001,
        0.9251953124999998,
        0.915625,
        0.928515625,
        0.9230468750000002,
        0.9173828125000003,
        0.9394531249999999,
        0.9359375000000002,
        0.937890625,
        0.9310546875
    ],
    "test_loss": 0.9855374724050114,
    "test_acc": 0.7534612341772156,
    "gradient_flows": [
        {
            "hidden_layers": [
                0.003658108413219452,
                0.0028875220159534365,
                0.0018664342496776953,
                0.001435989441233687,
                0.0011684794444590807
            ],
            "output_layer": 0.007932175882160664
        },
        {
            "hidden_layers": [
                0.004360644146800041,
                0.002816786931362003,
                0.0019348149944562465,
                0.0014054389321245253,
                0.0009687297424534336
            ],
            "output_layer": 0.008325289003551006
        },
        {
            "hidden_layers": [
                0.004663967993110418,
                0.003127537900581956,
                0.0018672351870918646,
                0.0013927305553806946,
                0.0010893003418459557
            ],
            "output_layer": 0.007169931661337614
        },
        {
            "hidden_layers": [
                0.008617006242275238,
                0.004341398074757308,
                0.0024776156642474234,
                0.0019788400968536735,
                0.0012878488923888654
            ],
            "output_layer": 0.010698980651795864
        },
        {
            "hidden_layers": [
                0.005086165387183428,
                0.003156554768793285,
                0.0021142942714504898,
                0.0015963708283379674,
                0.0010249279293930158
            ],
            "output_layer": 0.009903588332235813
        },
        {
            "hidden_layers": [
                0.006929145660251379,
                0.003191674331901595,
                0.002181447940529324,
                0.0017299706669291481,
                0.001133730671426747
            ],
            "output_layer": 0.008331261575222015
        },
        {
            "hidden_layers": [
                0.005935054272413254,
                0.0033281210635323077,
                0.002215844579041004,
                0.0016932453290792182,
                0.0010700214188545942
            ],
            "output_layer": 0.008215967565774918
        },
        {
            "hidden_layers": [
                0.00472279405221343,
                0.002787319797789678,
                0.002058052836218849,
                0.0014820587530266494,
                0.0008706411681487225
            ],
            "output_layer": 0.007641674485057592
        },
        {
            "hidden_layers": [
                0.005728400778025389,
                0.0031628450378775597,
                0.002397515927441418,
                0.0016672170313540846,
                0.0010626240909914486
            ],
            "output_layer": 0.00836424995213747
        },
        {
            "hidden_layers": [
                0.00632055476307869,
                0.0028906963125336915,
                0.002111449633957818,
                0.0016250979097094387,
                0.0009060117299668491
            ],
            "output_layer": 0.007553115487098694
        },
        {
            "hidden_layers": [
                0.0053771501407027245,
                0.003352175117470324,
                0.0024400546681135893,
                0.0019088109256699681,
                0.001254161325050518
            ],