{
    "train_losses": [
        1.5812044724439958,
        1.2367251075570747,
        1.099650881229302,
        0.9948720729928409,
        0.9259972930633776,
        0.8640769918759666,
        0.812801332555266,
        0.7691361429514713,
        0.7270770900779302,
        0.6978463367519218,
        0.6574403827007003,
        0.6245062398774673,
        0.5978045715735509,
        0.5705739449062238,
        0.541628595855501,
        0.5132800435748195,
        0.4904450728343081,
        0.460784181740209,
        0.44280223646055256,
        0.41434714427361147,
        0.393038001410302,
        0.37415668465982516,
        0.3559634365417339,
        0.3359033101134829,
        0.31846680927310583,
        0.30455870582507194,
        0.29054022438166155,
        0.27160234702618374,
        0.2577645240558517,
        0.24672182095356465
    ],
    "valid_losses": [
        1.3154646247625348,
        1.1365029498934747,
        1.0527711391448973,
        0.8845917388796807,
        0.886909329891205,
        0.8082192197442053,
        0.782508386671543,
        0.7550993353128433,
        0.7450973883271215,
        0.6698864102363588,
        0.6121409423649311,
        0.5898172125220299,
        0.603215442597866,
        0.5190521001815797,
        0.5419885195791723,
        0.47018685787916176,
        0.44694228097796446,
        0.4419398114085198,
        0.3780716031789779,
        0.38455576673150066,
        0.3866710774600505,
        0.3671640038490295,
        0.34717277735471724,
        0.3231342624872924,
        0.2960654340684414,
        0.29104864709079264,
        0.30405053161084655,
        0.267702630162239,
        0.25675688683986664,
        0.2270473202690482
    ],
    "train_accs": [
        0.4183137464387465,
        0.5564458689458688,
        0.6091524216524221,
        0.6461004273504268,
        0.6747240028490016,
        0.6954905626780624,
        0.7125400641025639,
        0.7279647435897428,
        0.7450587606837596,
        0.7513132122507119,
        0.7678062678062676,
        0.7796474358974353,
        0.7899305555555552,
        0.7984998219373216,
        0.8078481125356113,
        0.817240918803418,
        0.825943732193731,
        0.835269764957264,
        0.8427483974358967,
        0.8540553774928773,
        0.8600649928774926,
        0.8661191239316246,
        0.8705706908831911,
        0.879340277777778,
        0.8849715099715108,
        0.8892227564102566,
        0.8950320512820513,
        0.9023993945868951,
        0.9086761039886038,
        0.9119702635327627
    ],
    "valid_accs": [
        0.5294921874999999,
        0.5925781250000001,
        0.6281249999999998,
        0.694140625,
        0.6951171875000001,
        0.7150390625,
        0.7259765625000001,
        0.7349609374999996,
        0.7400390625000002,
        0.770703125,
        0.7886718750000001,
        0.7914062499999999,
        0.7947265625,
        0.825,
        0.8107421875,
        0.8375,
        0.8429687500000002,
        0.8496093750000001,
        0.8697265624999998,
        0.8658203125,
        0.8691406250000002,
        0.8798828124999998,
        0.8791015624999999,
        0.8871093749999999,
        0.9005859374999999,
        0.9001953125000001,
        0.8978515625,
        0.9068359374999999,
        0.9134765625,
        0.9267578125
    ],
    "test_loss": 0.8268329372888876,
    "test_acc": 0.7611748417721521,
    "gradient_flows": [
        {
            "hidden_layers": [
                0.002550451084971428,
                0.0019555467006284744,
                0.0011407684069126844,
                0.0008937755264923908,
                0.0005268309323582798
            ],
            "output_layer": 0.0077653001062572
        },
        {
            "hidden_layers": [
                0.005161314737051725,
                0.0029215214599389583,
                0.0017043908883351833,
                0.0013657599338330328,
                0.0007345952981268056
            ],
            "output_layer": 0.009792427532374859
        },
        {
            "hidden_layers": [
                0.003973315469920635,
                0.0026609512860886753,
                0.0017589148774277419,
                0.0010384316265117377,
                0.0005629711522487924
            ],
            "output_layer": 0.00753801828250289
        },
        {
            "hidden_layers": [
                0.0065153054893016815,
                0.003253107308410108,
                0.0023089079768396914,
                0.0013322306767804548,
                0.000693387453793548
            ],
            "output_layer": 0.012093796394765377
        },
        {
            "hidden_layers": [
                0.004325312562286854,
                0.0026289422530680895,
                0.0017622269224375486,
                0.0012768251108354889,
                0.0006443515376304276
            ],
            "output_layer": 0.010267145000398159
        },
        {
            "hidden_layers": [
                0.0057642217725515366,
                0.0027082023152615875,
                0.0018789117893902585,
                0.0012830370251322165,
                0.0006315958016784862
            ],
            "output_layer": 0.011042348109185696
        },
        {
            "hidden_layers": [
                0.004927365109324455,
                0.00247929131728597,
                0.0017143346776720136,
                0.0010966919144266285,
                0.0005651699830195867
            ],
            "output_layer": 0.009260001592338085
        },
        {
            "hidden_layers": [
                0.00535644730553031,
                0.002306804875843227,
                0.001601186508196406,
                0.0010931801953120157,
                0.000659762677969411
            ],
            "output_layer": 0.008648600429296494
        },
        {
            "hidden_layers": [
                0.005982435308396816,
                0.0023299157910514623,
                0.001701404617051594,
                0.0011355814276612364,
                0.0005985702518955804
            ],
            "output_layer": 0.009969497099518776
        },
        {
            "hidden_layers": [
                0.005055583547800779,
                0.002395355622866191,
                0.0018149470124626532,
                0.0011879005105583929,
                0.0006497372451121919
            ],
            "output_layer": 0.0083925761282444
        },
        {
            "hidden_layers": [
                0.00531018665060401,
                0.0024693066370673478,
                0.0017729238898027688,
                0.0010603139671729878,
                0.0005815495096612722
            ],
            "output_layer": 0.009570618160068989
        },
        {
            "hidden_layers": [
                0.005926420446485281,
                0.0028663374250754714,
                0.0022239394020289183,
                0.0014228660438675433,
                0.0008040295215323567
            ],
            "output_layer": 0.0111309215426445
        },
        {
            "hidden_layers": [
                0.0057339235208928585,
                0.0021927899797447026,
                0.0016737370169721544,
                0.0010864261130336672,
                0.0006030134427419398
            ],
            "output_layer": 0.007809664588421583
        },
        {
            "hidden_layers": [
                0.007982893846929073,
                0.003248032182455063,
                0.0024605045618955046,
                0.001498548808740452,
                0.0009120208560489118
            ],