{
    "train_losses": [
        1.9842963001327303,
        1.5739807790500813,
        1.453277719666135,
        1.3723982667651264,
        1.311798434991102,
        1.2648022606162261,
        1.219215389160689,
        1.177148410227903,
        1.1399933986174748,
        1.1111998101245315,
        1.0761574608647932,
        1.0490487224695693,
        1.0201640804948295,
        0.9976013195820347,
        0.9742318135381092
    ],
    "valid_losses": [
        1.6709056198596952,
        1.4877197176218036,
        1.4187157183885575,
        1.3487891763448716,
        1.2802509337663652,
        1.237710407376289,
        1.1647216767072677,
        1.148173378407955,
        1.1009951636195183,
        1.0793189659714697,
        1.0309157863259313,
        1.0063508123159406,
        0.961734674870968,
        0.9523232683539393,
        0.9440671131014823
    ],
    "train_accs": [
        0.2953169515669511,
        0.4268830128205128,
        0.4708644943019944,
        0.503472222222222,
        0.5269987535612535,
        0.5475649928774923,
        0.5627003205128207,
        0.5804175569800575,
        0.5916577635327631,
        0.6035434472934468,
        0.617922008547008,
        0.6280270655270651,
        0.6371750356125356,
        0.6450988247863242,
        0.6536903490028485
    ],
    "valid_accs": [
        0.3919921875,
        0.459375,
        0.48320312499999996,
        0.5189453124999999,
        0.53828125,
        0.5505859375000001,
        0.5798828125000001,
        0.5906250000000002,
        0.6128906249999999,
        0.6226562499999999,
        0.6384765624999998,
        0.6494140624999999,
        0.6671874999999999,
        0.6701171875000002,
        0.6693359375000002
    ],
    "test_loss": 1.0812363941458205,
    "test_acc": 0.613825158227848
}