{
    "train_losses": [
        1.984394258243746,
        1.5742266361530002,
        1.4529927819542738,
        1.3717247512605444,
        1.3112911631239104,
        1.2642523080874695,
        1.218965681529792,
        1.1772391120253116,
        1.140037886437528,
        1.1116591754801928,
        1.075384658456189,
        1.0488951764894683,
        1.0196993070789893,
        0.997889683287368,
        0.9739984365609979,
        0.9469767092299941,
        0.9276007819719116,
        0.9083902705089318,
        0.8843807343743801,
        0.8689991959139829,
        0.8509343003275722,
        0.829522551804187,
        0.8126758905897113,
        0.7953033178959816,
        0.7810593345905639,
        0.7629319123732742,
        0.7493891743173625,
        0.7362051898258025,
        0.7174868199900006,
        0.7110991647780114,
        0.6916843186586323,
        0.678770978226621,
        0.666025458917319,
        0.6528681196548323,
        0.6403616544527886,
        0.6278353527060936,
        0.6142274710187879,
        0.6040756712611932,
        0.5907603257741681,
        0.5760250560238829
    ],
    "valid_losses": [
        1.6697915136814119,
        1.4882246524095533,
        1.4166703522205353,
        1.3480907917022704,
        1.278928333520889,
        1.2330249100923536,
        1.160904937982559,
        1.142976114153862,
        1.094929614663124,
        1.0763530477881433,
        1.0280669435858727,
        1.009091928601265,
        0.9615381136536598,
        0.9491661116480827,
        0.9407872542738914,
        0.9020277306437492,
        0.8823923468589784,
        0.849414950609207,
        0.8390140846371651,
        0.8278706073760989,
        0.7928906768560408,
        0.7915763184428215,
        0.7693933226168157,
        0.753386229276657,
        0.7205872125923632,
        0.70626540184021,
        0.70156936571002,
        0.6775913588702677,
        0.6631735250353812,
        0.6462148599326611,
        0.6329694300889971,
        0.6165523979812862,
        0.5935488454997541,
        0.5859665002673864,
        0.5702996969223023,
        0.5782724291086199,
        0.5790151730179788,
        0.5365961160510776,
        0.5318880379199982,
        0.5165820386260748
    ],
    "train_accs": [
        0.2956063034188031,
        0.4256365740740739,
        0.47133190883190906,
        0.5033386752136753,
        0.5266203703703706,
        0.547787571225071,
        0.5623441951566951,
        0.5795717592592595,
        0.5921251780626781,
        0.6032986111111108,
        0.6178552350427347,
        0.6290509259259256,
        0.6377759971509964,
        0.6448985042735039,
        0.6534232549857543,
        0.6648637820512825,
        0.670495014245014,
        0.6787304131054126,
        0.6888577279202277,
        0.6952234686609687,
        0.7025908119658109,
        0.7082443019943014,
        0.7159232549857542,
        0.7217993233618227,
        0.7244257478632479,
        0.7333733974358971,
        0.7366007834757828,
        0.7435007122507115,
        0.7491987179487177,
        0.7527377136752134,
        0.7593260327635324,
        0.7634659900284892,
        0.7665375712250703,
        0.7725694444444436,
        0.7769542378917373,
        0.7810496794871782,
        0.7870592948717942,
        0.7899750712250705,
        0.7935363247863235,
        0.8008591524216512
    ],
    "valid_accs": [
        0.39980468750000003,
        0.45585937500000007,
        0.48574218749999987,
        0.519921875,
        0.5400390625000002,
        0.5582031249999999,
        0.5814453125000001,
        0.5941406250000001,
        0.6158203125,
        0.623046875,
        0.6453124999999998,
        0.645703125,
        0.6675781249999999,
        0.671484375,
        0.6681640625,
        0.6785156250000001,
        0.6876953125,
        0.7041015625000002,
        0.7042968749999999,
        0.7076171875,
        0.7236328124999999,
        0.7230468750000001,
        0.7318359375,
        0.7392578125,
        0.7535156249999996,
        0.7580078124999998,
        0.7580078124999999,
        0.7691406249999999,
        0.773046875,
        0.7841796875000001,
        0.7890625,
        0.7888671875,
        0.8017578124999999,
        0.8023437500000001,
        0.8117187500000002,
        0.8035156250000001,
        0.8009765624999998,
        0.8226562499999998,
        0.8214843749999999,
        0.8263671875
    ],
    "test_loss": 0.8635625273366516,
    "test_acc": 0.7036194620253166,
    "gradient_flows": [
        {
            "hidden_layers": [
                0.01594715192914009,
                0.007595523726195097,
                0.002958006109111011,
                0.0013484161463566124,
                0.000645373816951178
            ],
            "output_layer": 0.014248442836105824
        },
        {
            "hidden_layers": [
                0.01852251961827278,
                0.008185168378986418,
                0.003302010416518897,
                0.0014712692645844072,
                0.0006822131254011765
            ],
            "output_layer": 0.009473899379372597
        },
        {
            "hidden_layers": [
                0.014105205424129963,
                0.007749801385216415,
                0.00318980315933004,
                0.0014646031195297837,
                0.0006556869193445891
            ],
            "output_layer": 0.021756170317530632
        },
        {
            "hidden_layers": [
                0.016852207481861115,
                0.008150034700520337,
                0.0032204571180045605,
                0.001447461312636733,
                0.0006573878927156329
            ],
            "output_layer": 0.013758659362792969
        },
        {
            "hidden_layers": [
                0.017620528116822243,
                0.008530385210178792,
                0.0033425854053348303,
                0.001492714654887095,
                0.0006615021266043186
            ],
            "output_layer": 0.01548848208039999
        },
        {
            "hidden_layers": [
                0.01692550629377365,
                0.009314660215750337,
                0.0038894425379112363,
                0.001767212786944583,
                0.0007709543133387342
            ],
            "output_layer": 0.020197372883558273
        },
        {
            "hidden_layers": [
                0.015620610676705837,
                0.007738900370895863,
                0.0031560257193632424,
                0.001437168219126761,
                0.0006093250340200029
            ],
            "output_layer": 0.013720246963202953
        },
        {
            "hidden_layers": [
                0.015327087603509426,
                0.008256645174697042,
                0.003538597549777478,
                0.0016957889019977301,
                0.000720135256415233
            ],
            "output_layer": 0.01695045828819275
        },
        {
            "hidden_layers": [
                0.016798606142401695,
                0.008752454887144268,
                0.0035843278164975345,
                0.0016282798605971038,
                0.0006880544242449105
            ],
            "output_layer": 0.009387055411934853
        },
        {
            "hidden_layers": [
                0.015720881521701813,
                0.008592681144364178,
                0.003475283272564411,
                0.001643130846787244,
                0.0007382208714261651
            ],
            "output_layer": 0.01279656495898962
        },
        {
            "hidden_layers": [
                0.020037837326526642,
                0.008661456871777773,
                0.0033585880883038044,
                0.0015688476851209998,
                0.0006658787824562751
            ],