{
    "train_losses": [
        1.3416773675174118,
        0.8364579723431514,
        0.6558451672904512,
        0.5474830064338836,
        0.48376368508379686,
        0.43608861380492847,
        0.381909674728698,
        0.35390162557108784,
        0.3186850324485377,
        0.29465709809224494,
        0.26834113225128564,
        0.24345866113136963,
        0.22772320396030726,
        0.20147838978431168,
        0.18894043696402135
    ],
    "valid_losses": [
        1.1400337621569636,
        0.9864509925246234,
        0.6033297508955001,
        0.4593226157128812,
        0.686873535811901,
        0.42291117832064623,
        0.3235342927277089,
        0.35136578269302854,
        0.3273986920714378,
        0.2507129721343517,
        0.22458167243748905,
        0.29352663233876225,
        0.25726687386631963,
        0.28398902788758273,
        0.2130730707198382
    ],
    "train_accs": [
        0.5213230056980056,
        0.7058404558404558,
        0.7728810541310533,
        0.8108529202279192,
        0.8312856125356111,
        0.8489805911680905,
        0.868589743589744,
        0.877136752136753,
        0.8899572649572651,
        0.898081374643875,
        0.9050480769230759,
        0.9152421652421655,
        0.920561787749286,
        0.9295984686609666,
        0.9347845441595426
    ],
    "valid_accs": [
        0.612890625,
        0.6753906249999998,
        0.7941406249999999,
        0.8408203124999997,
        0.7705078125000001,
        0.8546874999999999,
        0.8927734374999999,
        0.8794921875000001,
        0.8931640625,
        0.9105468749999999,
        0.924609375,
        0.9070312499999998,
        0.9171875000000002,
        0.9046875,
        0.9226562500000003
    ],
    "test_loss": 0.4621066435982909,
    "test_acc": 0.8609572784810126
}