{
    "train_losses": [
        1.351128279823183,
        0.8460271042636313,
        0.6627930763610066,
        0.5520463407549082,
        0.4818143917624425,
        0.4367688057089801,
        0.38279287903397186,
        0.35535190778749964,
        0.3194306421908218,
        0.29275360130346734,
        0.26844882279464666,
        0.24210873371430613,
        0.22833465349640242,
        0.2043394775811763,
        0.18575891081848697,
        0.1741758841182771,
        0.1667314223265884,
        0.15324402834020787,
        0.13638267355129935,
        0.12860154461359705,
        0.11815557469669571,
        0.11369782899031443,
        0.10262369884024149,
        0.1016792633021489,
        0.09195540097682735,
        0.08702361196587309,
        0.08675620117970342,
        0.07953139993115366,
        0.07558484425624974,
        0.06966263153178989,
        0.06756727173765242,
        0.06480455838218117,
        0.06465245178367346,
        0.060650240326103895,
        0.0568004190587463,
        0.05489451425054521,
        0.058662064617600575,
        0.05069203852036397,
        0.051941263172350954,
        0.050235906412872754
    ],
    "valid_losses": [
        1.350067889690399,
        0.7869656942784786,
        0.5852134332060814,
        0.5044858656823635,
        0.6944725215435029,
        0.48180446848273284,
        0.3778667710721492,
        0.3628498416393995,
        0.33668151050806044,
        0.21944143511354924,
        0.21715394500643015,
        0.23003234304487705,
        0.19254834968596696,
        0.26603241264820093,
        0.19392924495041375,
        0.16705633415840565,
        0.1739065872505307,
        0.17062515541911122,
        0.1111838649958372,
        0.14571746876463293,
        0.12931202575564385,
        0.14130643072421664,
        0.2552749793045223,
        0.08616077727638184,
        0.09631033276673409,
        0.10461912327446042,
        0.11813375847414137,
        0.1245154158212245,
        0.08760656556696629,
        0.06963508422486483,
        0.09114104409236462,
        0.08920879476136179,
        0.09571990601252765,
        0.07697467901743947,
        0.06965474525059107,
        0.06857073936844245,
        0.06995763565646483,
        0.10259034212213011,
        0.05757734299404547,
        0.0813950084615499
    ],
    "train_accs": [
        0.5172720797720801,
        0.7013888888888882,
        0.7696759259259257,
        0.8076032763532749,
        0.833110754985754,
        0.8490251068376066,
        0.8668313746438752,
        0.8771367521367527,
        0.8889111467236468,
        0.8994168447293449,
        0.9059383903133887,
        0.9146412037037026,
        0.9197382478632464,
        0.9286636396011381,
        0.935296474358973,
        0.9392806267806263,
        0.9422631766381763,
        0.9446447649572648,
        0.9523237179487191,
        0.9547275641025658,
        0.9598246082621115,
        0.9595797720797747,
        0.9634748931623965,
        0.9637865028490065,
        0.9672809829059866,
        0.9696848290598336,
        0.9690170940170983,
        0.9728676994302046,
        0.9733128561253612,
        0.975805733618239,
        0.9765625000000046,
        0.9777199074074128,
        0.9772302350427399,
        0.9789663461538511,
        0.9805021367521419,
        0.9801905270655327,
        0.9791889245014294,
        0.9822605056980108,
        0.9823717948718,
        0.9820824430199484
    ],
    "valid_accs": [
        0.5849609375,
        0.7224609374999998,
        0.8027343750000002,
        0.822265625,
        0.7771484374999998,
        0.8341796875,
        0.8718749999999998,
        0.8728515625000001,
        0.8837890625,
        0.9275390625,
        0.9253906249999998,
        0.9249999999999998,
        0.9343749999999998,
        0.9144531249999999,
        0.9318359374999998,
        0.9451171875000001,
        0.9400390624999999,
        0.9433593749999999,
        0.9628906250000001,
        0.9505859375,
        0.9560546874999999,
        0.9537109374999997,
        0.9310546875000001,
        0.9703125000000001,
        0.9703125000000001,
        0.9681640625000003,
        0.9628906249999999,
        0.9644531250000001,
        0.9736328125000001,
        0.981640625,
        0.9720703125,
        0.9751953125,
        0.9748046875000002,
        0.9775390625,
        0.9789062500000001,
        0.9785156250000002,
        0.9824218750000003,
        0.9708984374999999,
        0.9849609375000002,
        0.98046875
    ],
    "test_loss": 0.4901484879134576,
    "test_acc": 0.8897349683544302,
    "gradient_flows": [
        {
            "hidden_layers": [
                0.008292587473988533,
                0.0018928694480564445,
                0.0006405438471119851,
                0.00026860341677092947,
                7.638491842953954e-05
            ],
            "output_layer": 0.016117820516228676
        },
        {
            "hidden_layers": [
                0.008270672522485256,
                0.001371397520415485,
                0.0005746649694629014,
                0.00024111881793942302,
                6.766474052710691e-05
            ],
            "output_layer": 0.014970771037042141
        },
        {
            "hidden_layers": [
                0.007890894077718258,
                0.0011103522701887414,
                0.00048272902495227754,
                0.00019043306019739248,
                5.213951635596459e-05
            ],
            "output_layer": 0.012962686829268932
        },
        {
            "hidden_layers": [
                0.00727385887876153,
                0.0009105767530854791,
                0.00038324212800944224,
                0.00015020927457953803,
                4.079901373188477e-05
            ],
            "output_layer": 0.00921931304037571
        },
        {
            "hidden_layers": [
                0.009634758345782757,
                0.0009549787064315751,
                0.000406368839321658,
                0.0001606865189387463,
                4.4183057980262674e-05
            ],
            "output_layer": 0.012290126644074917
        },
        {
            "hidden_layers": [
                0.007519612554460764,
                0.000836810635519214,
                0.0003964926436310634,
                0.00016579039584030397,
                4.56566599496e-05
            ],
            "output_layer": 0.015073994174599648
        },
        {
            "hidden_layers": [
                0.007897702977061272,
                0.0007713028462603688,
                0.00034007448266493157,
                0.00014351137906487565,
                3.906797610397916e-05
            ],
            "output_layer": 0.011476217769086361
        },
        {
            "hidden_layers": [
                0.009094336070120335,
                0.0008385862893192098,
                0.0003798927864409052,
                0.0001621145238459576,
                4.350264725871966e-05
            ],
            "output_layer": 0.012230606749653816
        },
        {
            "hidden_layers": [
                0.007569313049316406,
                0.0007266425236593932,
                0.00033866827288875356,
                0.0001450980253139278,
                3.621009136622888e-05
            ],
            "output_layer": 0.0035281856544315815
        },
        {
            "hidden_layers": [
                0.007787142880260944,
                0.0006263326504267752,
                0.0002994401402247604,
                0.00013558637874666601,
                3.5985609883937286e-05
            ],