{
    "train_losses": [
        1.984272325820054,
        1.5734933427935642,
        1.452584416098745,
        1.3715353742284306,
        1.3113326221449761,
        1.2637330735171282,
        1.2185795137345623,
        1.1765034417820792,
        1.1393096103967084,
        1.1106770289929158,
        1.0753204737633382,
        1.0481089044500285,
        1.0196341423906836,
        0.9965199627767606,
        0.9734017504246489,
        0.9460653435131077,
        0.926722711477524,
        0.9080614957035095,
        0.8844844162294332,
        0.8681884688189905,
        0.850555307674951,
        0.8285811674221284,
        0.8114687000584392,
        0.7943815650084078,
        0.7804092372584553,
        0.7625024648133842,
        0.7478211530593043,
        0.7356209616545593,
        0.7175934283312231,
        0.7088800290031648,
        0.6895233019125094,
        0.6776573257228932,
        0.6646570448692023,
        0.6515792827320912,
        0.6396231090071528,
        0.6264182089740392,
        0.6136157989841579,
        0.6026143292416198,
        0.5894535438627257,
        0.5749327151524034
    ],
    "valid_losses": [
        1.6689806282520294,
        1.48860319852829,
        1.418542987108231,
        1.3487009972333905,
        1.281645184755325,
        1.238123717904091,
        1.1640063345432283,
        1.14509534239769,
        1.0992120802402499,
        1.0779047042131424,
        1.027820371091366,
        1.007101717591286,
        0.9634940892457963,
        0.9505679517984391,
        0.943317747116089,
        0.9034074246883392,
        0.8819797083735467,
        0.8520902782678603,
        0.8385965481400491,
        0.8256206631660461,
        0.7891791328787805,
        0.7929864987730981,
        0.7703365415334703,
        0.7506973810493947,
        0.7199579127132895,
        0.7080503173172473,
        0.7007767163217067,
        0.6758573368191719,
        0.6620336897671223,
        0.6411353796720505,
        0.6307981483638287,
        0.6136233516037464,
        0.5892583124339581,
        0.5837407335639001,
        0.5646895669400691,
        0.5723474010825158,
        0.5705006614327431,
        0.5355055280029773,
        0.5245942544192075,
        0.5113131511956455
    ],
    "train_accs": [
        0.2953392094017091,
        0.426215277777778,
        0.47162126068376053,
        0.503850605413105,
        0.5283119658119658,
        0.5475427350427358,
        0.5644809472934473,
        0.5798165954415959,
        0.5914574430199427,
        0.6038773148148145,
        0.6184561965811964,
        0.6284499643874647,
        0.6381988960113957,
        0.6453881766381766,
        0.6532451923076916,
        0.6649528133903131,
        0.6700943732193728,
        0.6788194444444439,
        0.6883012820512816,
        0.6936876780626778,
        0.702145655270655,
        0.7085336538461532,
        0.7165019586894577,
        0.7218215811965808,
        0.7232015669515669,
        0.7342414529914528,
        0.7390936609686606,
        0.74372329059829,
        0.7500222578347575,
        0.7523148148148148,
        0.7595486111111107,
        0.764556623931624,
        0.7664485398860396,
        0.7725471866096858,
        0.7769319800569796,
        0.7804264601139594,
        0.787526709401709,
        0.7903089387464377,
        0.7951611467236455,
        0.8023281695156687
    ],
    "valid_accs": [
        0.39316406249999997,
        0.4597656249999999,
        0.4830078124999999,
        0.5146484375,
        0.5318359374999998,
        0.5478515625000001,
        0.5767578125,
        0.5957031250000001,
        0.6126953124999999,
        0.6212890625000002,
        0.6427734375000003,
        0.6468750000000001,
        0.6679687500000001,
        0.6693359374999998,
        0.6697265625,
        0.6822265625,
        0.6900390625000001,
        0.702734375,
        0.7025390625000002,
        0.7119140625000001,
        0.7251953124999998,
        0.724609375,
        0.7339843749999999,
        0.7380859375000001,
        0.7533203125000002,
        0.7542968749999998,
        0.75859375,
        0.7728515625000001,
        0.7771484375,
        0.7841796874999999,
        0.7912109375,
        0.7896484375,
        0.8062499999999999,
        0.8033203124999999,
        0.8082031250000001,
        0.8048828124999998,
        0.8080078124999999,
        0.8197265625000001,
        0.8226562499999996,
        0.8263671875
    ],
    "test_loss": 0.8614922097966641,
    "test_acc": 0.703817246835443,
    "gradient_flows": [
        {
            "hidden_layers": [
                0.015693340450525284,
                0.007474079611711204,
                0.002959552628453821,
                0.0013493425794877112,
                0.0006445830076700076
            ],
            "output_layer": 0.014279531314969063
        },
        {
            "hidden_layers": [
                0.01854248344898224,
                0.00854491419158876,
                0.0032592040370218456,
                0.0014668047078885138,
                0.0006839353882241994
            ],
            "output_layer": 0.009624902158975601
        },
        {
            "hidden_layers": [
                0.013438533991575241,
                0.007720127468928695,
                0.0032113600755110383,
                0.0014743355277460068,
                0.0006572750862687826
            ],
            "output_layer": 0.02159505896270275
        },
        {
            "hidden_layers": [
                0.01640212908387184,
                0.00812973000574857,
                0.003234471892938018,
                0.0014519857941195369,
                0.000657233817037195
            ],
            "output_layer": 0.013440328650176525
        },
        {
            "hidden_layers": [
                0.021817512810230255,
                0.008381392806768417,
                0.003358985180966556,
                0.00151106808334589,
                0.0006653523014392704
            ],
            "output_layer": 0.01568221114575863
        },
        {
            "hidden_layers": [
                0.017426563426852226,
                0.009488869924098253,
                0.003911002480890602,
                0.0017820866487454623,
                0.0007737236592220142
            ],
            "output_layer": 0.02045184187591076
        },
        {
            "hidden_layers": [
                0.016541972756385803,
                0.008044785354286432,
                0.003145078953821212,
                0.0014441872772295028,
                0.0006094783238950185
            ],
            "output_layer": 0.014155811630189419
        },
        {
            "hidden_layers": [
                0.014541047625243664,
                0.008164071943610907,
                0.003458971972577274,
                0.00168335679336451,
                0.0007139179506339133
            ],
            "output_layer": 0.016874128952622414
        },
        {
            "hidden_layers": [
                0.016116391867399216,
                0.008862941525876522,
                0.0035554334754124284,
                0.001636292174225673,
                0.000690411776304245
            ],
            "output_layer": 0.009636140428483486
        },
        {
            "hidden_layers": [
                0.016458136960864067,
                0.008390693343244493,
                0.003533569455612451,
                0.0016640173853375018,
                0.0007440950430464
            ],
            "output_layer": 0.01246835570782423
        },
        {
            "hidden_layers": [
                0.019040722399950027,
                0.008551765349693596,
                0.003347969031892717,
                0.0015594930155202746,
                0.0006627090842812322
            ],