{
    "train_losses": [
        1.984404493600894,
        1.5736474494988428,
        1.453111897166978,
        1.371986793656634,
        1.311311429382389,
        1.2634672731415844,
        1.2185194904987628,
        1.1763907620030596,
        1.139825915678953,
        1.1112455391136675,
        1.0746387061570097,
        1.048534683012894,
        1.0191556706048144,
        0.9977322405899353,
        0.9733073319125376
    ],
    "valid_losses": [
        1.6703565150499342,
        1.4886540561914445,
        1.4197862297296524,
        1.3473904490470887,
        1.2803118199110033,
        1.2371629416942596,
        1.1618940293788909,
        1.1473541289567948,
        1.0982465371489525,
        1.0808752447366712,
        1.0312083542346955,
        1.0047338247299196,
        0.963418310880661,
        0.9485183909535407,
        0.9412545338273046
    ],
    "train_accs": [
        0.2955172720797718,
        0.42561431623931567,
        0.47099804131054146,
        0.5048522079772081,
        0.5269987535612536,
        0.5480769230769235,
        0.5628783831908833,
        0.5799724002849004,
        0.5917913105413103,
        0.602764423076923,
        0.6185007122507121,
        0.6300080128205126,
        0.6382879273504272,
        0.6447872150997148,
        0.6532006766381766
    ],
    "valid_accs": [
        0.39570312499999993,
        0.45859374999999986,
        0.48320312499999984,
        0.522265625,
        0.53828125,
        0.5531250000000001,
        0.5794921874999999,
        0.5876953125,
        0.6162109375000002,
        0.621875,
        0.6417968749999998,
        0.65,
        0.6666015624999999,
        0.671875,
        0.670703125
    ],
    "test_loss": 1.0830001438720316,
    "test_acc": 0.6111550632911391
}