{
    "train_losses": [
        1.5449084671813875,
        1.2153553971198212,
        1.0706757882721394,
        0.9722992835561096,
        0.8897177269655747,
        0.8239773352261625,
        0.7763426470281045,
        0.7312640067179319,
        0.6852233930360897,
        0.6548298357898356,
        0.6177465220292414,
        0.590526981571121,
        0.5572901016626601,
        0.5315586463508443,
        0.507971571466522,
        0.48318540379192754,
        0.4618355717584278,
        0.43632109425006793,
        0.4206395382724935,
        0.4042184558773992,
        0.38268151429304015,
        0.3672273744884717,
        0.3525839044667374,
        0.33772660906498253,
        0.32553389744880873,
        0.3050039757860353,
        0.2976303515356149,
        0.28730627202410314,
        0.2738792810302515,
        0.2608162771772456,
        0.251753767416348,
        0.24792571389182674,
        0.23649813345185036,
        0.22942277479205705,
        0.22240600435652289,
        0.2093856323860648,
        0.208873840818378,
        0.2031895890619679,
        0.19698394143004017,
        0.1877936505609089
    ],
    "valid_losses": [
        1.2593088060617446,
        1.0957110092043878,
        1.0326757788658143,
        0.8762245312333107,
        0.7972242131829262,
        0.761589941382408,
        0.730010314285755,
        0.6584723234176637,
        0.6345064476132392,
        0.6011620260775089,
        0.6139197207987309,
        0.5332390725612639,
        0.5565470233559607,
        0.5042949855327605,
        0.46627152934670457,
        0.44765623509883884,
        0.4334294088184834,
        0.4120010890066625,
        0.41618486791849135,
        0.37641336992383,
        0.36505089327692974,
        0.36097975857555864,
        0.3196595720946788,
        0.3199678298085928,
        0.3018051195889711,
        0.25948479636572297,
        0.29611291214823726,
        0.2856166537851096,
        0.2630845123901963,
        0.2741185765713453,
        0.2733522813767194,
        0.24206799324601888,
        0.26557718142867087,
        0.24257259368896494,
        0.23288024375215172,
        0.2467725950293244,
        0.22980924998410046,
        0.21160681648179894,
        0.24028753412421788,
        0.2160660814493895
    ],
    "train_accs": [
        0.4391915954415954,
        0.5655938390313394,
        0.621104878917378,
        0.6536235754985753,
        0.6866096866096865,
        0.7079994658119657,
        0.7244925213675208,
        0.7418091168091163,
        0.7603721509971513,
        0.7673388532763531,
        0.7812499999999997,
        0.7930911680911679,
        0.8000133547008531,
        0.8113871082621074,
        0.8203570156695149,
        0.8285256410256403,
        0.8352920227920213,
        0.8452857905982895,
        0.8509392806267798,
        0.8565927706552706,
        0.8640491452991451,
        0.8696581196581198,
        0.8731971153846159,
        0.8802751068376063,
        0.8835915242165249,
        0.8897124287749293,
        0.8944533475783483,
        0.8959446225071239,
        0.901175213675212,
        0.9068732193732191,
        0.911146723646723,
        0.9105902777777769,
        0.9165108618233603,
        0.9190037393162379,
        0.9197605056980054,
        0.924301103988602,
        0.925213675213674,
        0.9279959045584031,
        0.929242343304842,
        0.931779736467235
    ],
    "valid_accs": [
        0.554296875,
        0.6124999999999999,
        0.6341796875,
        0.6906250000000002,
        0.7220703124999999,
        0.7386718750000001,
        0.7453125,
        0.7701171874999998,
        0.7769531249999999,
        0.7947265624999998,
        0.7869140625,
        0.8087890625,
        0.8033203125,
        0.8236328125000002,
        0.8402343750000001,
        0.8447265625,
        0.8462890625,
        0.8597656249999999,
        0.8589843749999999,
        0.8716796875000001,
        0.8748046875,
        0.8775390625,
        0.8962890625000002,
        0.8896484375000001,
        0.9000000000000001,
        0.9152343749999999,
        0.9011718750000001,
        0.905859375,
        0.915625,
        0.9113281250000002,
        0.9142578125000002,
        0.923046875,
        0.9187500000000002,
        0.9224609375,
        0.9257812500000002,
        0.9189453125000002,
        0.9242187499999999,
        0.9335937500000001,
        0.9195312500000001,
        0.9339843750000003
    ],
    "test_loss": 0.9250605287431162,
    "test_acc": 0.7618670886075952,
    "gradient_flows": [
        {
            "hidden_layers": [
                0.0022831461392343044,
                0.002746429876424372,
                0.0018550062959548086,
                0.0018176121811848134,
                0.001146485999925062
            ],
            "output_layer": 0.006411760579794645
        },
        {
            "hidden_layers": [
                0.0022056610323488712,
                0.003154169622575864,
                0.0021225429663900286,
                0.0019671411719173193,
                0.0011194708495168015
            ],
            "output_layer": 0.00699591776356101
        },
        {
            "hidden_layers": [
                0.002359879668802023,
                0.002944635140011087,
                0.002122491510817781,
                0.001939394831424579,
                0.0011535006342455745
            ],
            "output_layer": 0.007588888984173536
        },
        {
            "hidden_layers": [
                0.0023374599404633045,
                0.0029439678764902055,
                0.0019400280143599957,
                0.0017478042282164097,
                0.001013972250802908
            ],
            "output_layer": 0.006279987283051014
        },
        {
            "hidden_layers": [
                0.0024159387685358524,
                0.0033066660980693996,
                0.0022106523101683706,
                0.0017947297892533243,
                0.001078869478078559
            ],
            "output_layer": 0.006487715989351273
        },
        {
            "hidden_layers": [
                0.002218182198703289,
                0.003469909424893558,
                0.002460528980009258,
                0.0023094941570889205,
                0.001251967143616639
            ],
            "output_layer": 0.0069854664616286755
        },
        {
            "hidden_layers": [
                0.002276333514600992,
                0.003123239293927327,
                0.0020172218064544722,
                0.0017916921933647245,
                0.0009744440321810544
            ],
            "output_layer": 0.007509724237024784
        },
        {
            "hidden_layers": [
                0.0022992026060819626,
                0.0030025059822946787,
                0.0021642129286192358,
                0.0019367780478205532,
                0.0012215906826895662
            ],
            "output_layer": 0.006293562240898609
        },
        {
            "hidden_layers": [
                0.0026859487406909466,
                0.003107672499027103,
                0.0024462786968797445,
                0.002267586824018508,
                0.0013144093536539003
            ],
            "output_layer": 0.008317869156599045
        },
        {
            "hidden_layers": [
                0.0031187403947114944,
                0.00261893670540303,
                0.00211242533987388,
                0.0019176924542989582,
                0.0012089775846106932
            ],
            "output_layer": 0.007430349476635456
        },
        {
            "hidden_layers": [
                0.003063363954424858,
                0.0022292005451163277,
                0.0017804294038796797,
                0.0015838017425267026,
                0.0009940376185113564
            ],