{
    "train_losses": [
        1.7555060114955623,
        1.2975630865477432,
        1.1044002277219391,
        0.9844517295177168,
        0.8943086735203739,
        0.8286301986104742,
        0.7644516480953947,
        0.7087484777313351,
        0.6619968515345847,
        0.6058903701624638,
        0.5470446799045955,
        0.49610604808541103,
        0.440211431168423,
        0.390200893933277,
        0.3371216195006654,
        0.2919447375328791,
        0.24479502435253556,
        0.2156646008632462,
        0.19053833831918895,
        0.16941198666296117,
        0.14940110467735188,
        0.1362349949564858,
        0.12466166416803996,
        0.11216870807854198,
        0.11309673893995091,
        0.09970993309831004,
        0.09866555591254496,
        0.09286316933158117,
        0.08425614615090386,
        0.07904805780051441
    ],
    "valid_losses": [
        1.4697195202112197,
        1.1813279151916507,
        1.087043957412243,
        0.9008084192872048,
        0.8515024438500401,
        0.8100611671805381,
        0.6731058821082115,
        0.6332417026162148,
        0.6047537386417389,
        0.5649469815194608,
        0.5398858867585659,
        0.39164976254105566,
        0.3715989265590906,
        0.3404317833483219,
        0.3016531623899936,
        0.24264012519270187,
        0.2074203973636031,
        0.193600982055068,
        0.21387143544852727,
        0.192844527028501,
        0.17860889142611994,
        0.15448803417384624,
        0.16702415766194462,
        0.1798542136326432,
        0.17658905312418935,
        0.16801926085026936,
        0.14198451934316833,
        0.17280461639165876,
        0.16999076352221884,
        0.15299572674557563
    ],
    "train_accs": [
        0.3648726851851849,
        0.5317619301994306,
        0.6085292022792019,
        0.65162037037037,
        0.6834268162393157,
        0.7096465455840446,
        0.7291444088319088,
        0.7489316239316233,
        0.765869836182336,
        0.7857683404558393,
        0.8081152065527055,
        0.8244969729344716,
        0.8437054843304831,
        0.8617565883190884,
        0.8793847934472941,
        0.8977029914529913,
        0.9124154202279198,
        0.9245681980056973,
        0.9323361823361803,
        0.9407496438746434,
        0.9478498931623932,
        0.9530582264957277,
        0.9559072293447304,
        0.9614939458689479,
        0.9596020299145328,
        0.9658342236467273,
        0.9658787393162424,
        0.9679264601139638,
        0.9711761039886087,
        0.9727341524216574
    ],
    "valid_accs": [
        0.46757812499999996,
        0.5855468749999999,
        0.6132812499999999,
        0.6810546875,
        0.7052734375,
        0.7185546874999998,
        0.763671875,
        0.7765625000000002,
        0.7906249999999998,
        0.8044921874999997,
        0.8130859374999999,
        0.862109375,
        0.8695312499999999,
        0.883984375,
        0.8984375,
        0.9187500000000001,
        0.9369140624999998,
        0.9369140625000003,
        0.9349609374999999,
        0.9398437500000001,
        0.9527343750000004,
        0.9574218750000003,
        0.953515625,
        0.9517578125,
        0.9517578125,
        0.9572265625,
        0.9626953125000003,
        0.9521484375,
        0.9585937500000002,
        0.9587890625
    ],
    "test_loss": 1.06845975073078,
    "test_acc": 0.7612737341772154,
    "gradient_flows": [
        {
            "hidden_layers": [
                0.0010600280947983265,
                0.0012126043366151862,
                0.0002525487961975159,
                0.00017289351308136247,
                0.00015287863880075747,
                0.00014686213853565278,
                0.00018104963419318665
            ],
            "output_layer": 0.0057716043666005135
        },
        {
            "hidden_layers": [
                0.0007251645438373089,
                0.0012719046371785225,
                0.00029033253122179303,
                0.00018832690511771943,
                0.00014645065130025614,
                0.00013183163537178189,
                0.00017115406990342308
            ],
            "output_layer": 0.005942633841186762
        },
        {
            "hidden_layers": [
                0.0009121111361309886,
                0.0014065640862099826,
                0.000334047225805989,
                0.00023662312196393032,
                0.000174000174865796,
                0.00016231783274633926,
                0.00022331867876346223
            ],
            "output_layer": 0.005620930343866348
        },
        {
            "hidden_layers": [
                0.0012311006430536509,
                0.0014928127839084482,
                0.00033622992941673147,
                0.00020442493860173272,
                0.00014379648382600863,
                0.00012635981329367496,
                0.0001569358446431579
            ],
            "output_layer": 0.005612088833004236
        },
        {
            "hidden_layers": [
                0.0010902562644332647,
                0.001332635822109296,
                0.0003319784909763257,
                0.00018845002705347724,
                0.0001474244095334143,
                0.00011534684290381847,
                0.00013029293268118636
            ],
            "output_layer": 0.005479779094457626
        },
        {
            "hidden_layers": [
                0.001412537763826549,
                0.0012093294171791058,
                0.00029379752959357575,
                0.00020112904621782945,
                0.00014414159704756457,
                0.00011100070787506411,
                0.00017381393217874574
            ],
            "output_layer": 0.005290713626891375
        },
        {
            "hidden_layers": [
                0.0012068998767063022,
                0.0013468386769091012,
                0.00033805970542744035,
                0.00023480427898903145,
                0.00015459949372598203,
                0.00011110165041827713,
                0.0001367157665299601
            ],
            "output_layer": 0.006171171087771654
        },
        {
            "hidden_layers": [
                0.0013917405158281326,
                0.0011455131771072047,
                0.000312994831801916,
                0.00017379226483171806,
                0.00013500440672942204,
                9.387056661580573e-05,
                0.0001499393183621578
            ],
            "output_layer": 0.005005503538995981
        },
        {
            "hidden_layers": [
                0.0015453805681318045,
                0.0013473386370606022,
                0.00044239666931389365,
                0.0002893435275836964,
                0.00020290530483180191,
                0.000155816142068943,
                0.00020860567019553855
            ],
            "output_layer": 0.0063401395455002785
        },
        {
            "hidden_layers": [
                0.0015923436731100082,
                0.0014602661613025703,
                0.00043970146543870214,
                0.00029083179197186837,
                0.00021270958677632734,
                0.00013902256250730716,
                0.00020535901376206311
            ],
            "output_layer": 0.006814510561525822
        },
        {
            "hidden_layers": [
                0.0014791721478104591,
                0.0012537280035758158,
                0.0004065580760652665,
                0.0003157711844323785,
                0.0001787061155482661,
                0.00012525218744485755,
                0.00013417675745586166
            ],