{
    "train_losses": [
        2.974868854566177,
        2.8078683434728196,
        2.701286299615842,
        2.6242555247412773,
        2.5681035185811196,
        2.518249072919883,
        2.4826149736714185,
        2.450649566460199,
        2.420046447688697,
        2.3975988446477463,
        2.3750549334066893,
        2.358216276195996,
        2.3402658561695677,
        2.323201760946856,
        2.3127441514930855
    ],
    "valid_losses": [
        2.9759438991546623,
        2.81804085969925,
        2.700823527574539,
        2.6255281746387484,
        2.5631118655204768,
        2.51932362318039,
        2.4798845767974855,
        2.4472926557064056,
        2.418937748670578,
        2.3928997695446017,
        2.3717169940471656,
        2.355199337005615,
        2.3357173919677736,
        2.322683691978454,
        2.310437512397766
    ],
    "train_accs": [
        0.0996260683760682,
        0.09944800569800552,
        0.09926994301994273,
        0.0974002849002847,
        0.10225249287749275,
        0.10416666666666656,
        0.10710470085470059,
        0.11191239316239304,
        0.11516203703703677,
        0.12321937321937296,
        0.13034188034188016,
        0.13258992165242142,
        0.14006855413105399,
        0.14460915242165218,
        0.1483262108262106
    ],
    "valid_accs": [
        0.1052734375,
        0.103515625,
        0.10449218750000001,
        0.10214843750000004,
        0.10429687500000002,
        0.11093750000000002,
        0.11445312500000003,
        0.12226562499999999,
        0.12890625,
        0.13671875,
        0.13730468749999997,
        0.14238281249999998,
        0.14843750000000003,
        0.1544921875,
        0.1564453125
    ],
    "test_loss": 2.315915850144397,
    "test_acc": 0.14883306962025308
}