{
    "train_losses": [
        2.974868898717765,
        2.8078684107190854,
        2.7012864334291207,
        2.6242569831022187,
        2.568103893529995,
        2.5182475663318273,
        2.4826145606842482,
        2.450648773769368,
        2.4200455517510746,
        2.397599092575898,
        2.3750539668265245,
        2.3582153755035824,
        2.3402646688314555,
        2.323198605127145,
        2.312740231511262,
        2.2993562778516385,
        2.291191110583791,
        2.2796702194757263,
        2.272275868304434,
        2.268960867851886,
        2.2548501219844534,
        2.248714353284266,
        2.2453658125679046,
        2.239835225618803,
        2.23216070069207,
        2.227742936196832,
        2.2225226459340175,
        2.215468558151158,
        2.2132649965096056,
        2.2076398796505403,
        2.204536603726555,
        2.2019557164944823,
        2.19391111974363,
        2.191102884433888,
        2.1876307573073954,
        2.181875254693535,
        2.1790696304408215,
        2.176991791467041,
        2.1711904853157855,
        2.1685559763188382
    ],
    "valid_losses": [
        2.975943058729173,
        2.818041121959686,
        2.7008234679698946,
        2.6255293250083924,
        2.5631130635738373,
        2.519322657585143,
        2.4798859000206,
        2.447290927171707,
        2.4189421653747565,
        2.3929006218910214,
        2.371717876195908,
        2.355200362205505,
        2.3357128620147707,
        2.3226796627044672,
        2.3104331135749816,
        2.296816968917847,
        2.288975387811661,
        2.278653800487518,
        2.26794114112854,
        2.260355442762374,
        2.2533675909042366,
        2.2473191559314727,
        2.240486812591553,
        2.235923856496811,
        2.226846295595169,
        2.221118652820587,
        2.217198443412781,
        2.2137455940246586,
        2.2074263632297515,
        2.2037538230419167,
        2.199018710851669,
        2.194756138324738,
        2.192083811759948,
        2.1866618394851685,
        2.182479053735733,
        2.180657947063446,
        2.176287281513214,
        2.172531342506409,
        2.171621817350388,
        2.1646439969539646
    ],
    "train_accs": [
        0.0996260683760682,
        0.09944800569800552,
        0.09926994301994273,
        0.09742254273504253,
        0.10227475071225058,
        0.10416666666666656,
        0.10708244301994276,
        0.11197916666666655,
        0.11520655270655245,
        0.12319711538461513,
        0.130364138176638,
        0.1325676638176636,
        0.14013532763532752,
        0.1448094729344727,
        0.1483929843304841,
        0.15173165954415926,
        0.15409099002848983,
        0.15978899572649552,
        0.15918803418803384,
        0.15869836182336153,
        0.16766826923076897,
        0.16987179487179457,
        0.1740785256410253,
        0.17341079059829034,
        0.17721688034188013,
        0.17706107549857525,
        0.18104522792022779,
        0.18518518518518493,
        0.18442841880341843,
        0.18709935897435878,
        0.18870192307692277,
        0.18801193019943002,
        0.19471153846153805,
        0.19577991452991425,
        0.1962695868945864,
        0.20178952991452961,
        0.20076566951566924,
        0.19940794159544148,
        0.20265758547008522,
        0.20403757122507074
    ],
    "valid_accs": [
        0.1052734375,
        0.103515625,
        0.10449218750000001,
        0.10214843750000004,
        0.10429687500000002,
        0.11093750000000002,
        0.11445312500000003,
        0.12226562499999999,
        0.12890625,
        0.13671875,
        0.13730468749999997,
        0.14238281249999998,
        0.1486328125,
        0.15449218749999996,
        0.156640625,
        0.15820312500000003,
        0.16113281250000006,
        0.16621093750000004,
        0.16777343749999996,
        0.17148437500000002,
        0.1705078125,
        0.17499999999999996,
        0.17578124999999997,
        0.17753906249999996,
        0.17792968750000002,
        0.18339843750000004,
        0.184375,
        0.18535156249999993,
        0.1884765625,
        0.19082031249999995,
        0.193359375,
        0.1955078125,
        0.1974609375,
        0.196875,
        0.20195312499999996,
        0.20312499999999997,
        0.20156250000000003,
        0.20703125,
        0.2078125,
        0.211328125
    ],
    "test_loss": 2.165787277342398,
    "test_acc": 0.20510284810126572,
    "gradient_flows": [
        {
            "hidden_layers": [
                0.02111794799566269,
                0.009514291654340923,
                0.0035498678334988654,
                0.0016295859531965107,
                0.000816490181023255
            ],
            "output_layer": 0.06292419135570526
        },
        {
            "hidden_layers": [
                0.0194089412689209,
                0.008849691832438111,
                0.0035493161994963884,
                0.0016304392484016716,
                0.0008282722992589697
            ],
            "output_layer": 0.05233744904398918
        },
        {
            "hidden_layers": [
                0.01649504341185093,
                0.009010728565044701,
                0.003530300047714263,
                0.0016423480992671102,
                0.0008297468157252297
            ],
            "output_layer": 0.06914060562849045
        },
        {
            "hidden_layers": [
                0.016313234344124794,
                0.009163323673419654,
                0.003498813370242715,
                0.0016095208411570638,
                0.000766133758588694
            ],
            "output_layer": 0.04387585446238518
        },
        {
            "hidden_layers": [
                0.01822645775973797,
                0.009082745062187314,
                0.00345323741203174,
                0.0016018824826460332,
                0.0007876382151152939
            ],
            "output_layer": 0.03667284548282623
        },
        {
            "hidden_layers": [
                0.019411476328969002,
                0.00850036833435297,
                0.0034332743380218744,
                0.0015932321839500219,
                0.0008267115481430665
            ],
            "output_layer": 0.03338899463415146
        },
        {
            "hidden_layers": [
                0.01812455989420414,
                0.008949766983278096,
                0.0034373122034594417,
                0.0015826987801119685,
                0.0007795651617925614
            ],
            "output_layer": 0.03243676945567131
        },
        {
            "hidden_layers": [
                0.01762351207435131,
                0.0086329240584746,
                0.0034114294103346765,
                0.0015702152450103313,
                0.0007835116557544097
            ],
            "output_layer": 0.03591606765985489
        },
        {
            "hidden_layers": [
                0.020514527335762978,
                0.008728575194254518,
                0.0034177001216448843,
                0.001567253697430715,
                0.0007525635737692937
            ],
            "output_layer": 0.0316142700612545
        },
        {
            "hidden_layers": [
                0.020571203902363777,
                0.008658352307975292,
                0.0034082693164236844,
                0.0015786975272931159,
                0.0007751070224912837
            ],
            "output_layer": 0.03560294583439827
        },
        {
            "hidden_layers": [
                0.019402874633669853,
                0.009322270634584129,
                0.003433701116591692,
                0.001582157303346321,
                0.0007707456679781899
            ],