{
    "train_losses": [
        1.6668344291187085,
        1.2228949413000691,
        1.0701975095645648,
        0.9525624355699264,
        0.872113952779362,
        0.8065093979876264,
        0.7530515513189159,
        0.6933384642132326,
        0.6400891224882876,
        0.5915738097113422,
        0.5388782660336239,
        0.4911388032286935,
        0.4428071099468785,
        0.3931460594095056,
        0.34174291721606187,
        0.29900922768475996,
        0.25623607410494764,
        0.22381593781573825,
        0.1981224550353495,
        0.18024170461330996,
        0.1635997984505276,
        0.14896013508113007,
        0.1420531504790158,
        0.1264967926143751,
        0.11818833295733501,
        0.11129589725360066,
        0.10754644940275575,
        0.09839796705802961,
        0.09722712141411258,
        0.09370485913443595,
        0.09229184646806823,
        0.07960742701938188,
        0.08353915559048328,
        0.08653394343527804,
        0.07320117574991751,
        0.07221429300444067,
        0.07519979177950284,
        0.06697600918883011,
        0.06899709491181237,
        0.06306417017081951,
        0.06433868837778985,
        0.06608551752851735,
        0.05879362355227821,
        0.05065807244711237,
        0.06003175545855296,
        0.054883197964861616,
        0.05634579710009643,
        0.04778044570324958,
        0.04830351223548257,
        0.047460938898045216
    ],
    "valid_losses": [
        1.2776551365852356,
        1.1203261882066724,
        0.9870481997728348,
        0.8680358603596685,
        0.8289982244372366,
        0.7769475534558294,
        0.6504685118794441,
        0.6290243878960609,
        0.5571645207703113,
        0.5368135489523411,
        0.43569132685661316,
        0.39823314771056184,
        0.3767714992165565,
        0.350725432485342,
        0.2870040532201529,
        0.26888285987079147,
        0.25533291976898914,
        0.23020008504390715,
        0.22884179903194304,
        0.18391831187764185,
        0.1914211169350893,
        0.2092751437798143,
        0.17827988881617787,
        0.17217124950839205,
        0.17453135607065637,
        0.15869038435630495,
        0.1691331070382148,
        0.15223053656518457,
        0.14270864410464126,
        0.150212671328336,
        0.14774680122500286,
        0.14658615744556303,
        0.13756033191457392,
        0.1654682212705666,
        0.15690052509307864,
        0.1274809249953251,
        0.13117768375086597,
        0.13646422666497535,
        0.14241387299261987,
        0.12579065841564446,
        0.15917601234759785,
        0.16270627095982493,
        0.12316187628312035,
        0.1559044671244919,
        0.13717901225318202,
        0.12970834979787466,
        0.11321172987809403,
        0.13666303313220854,
        0.1351243486183421,
        0.15719552610535173
    ],
    "train_accs": [
        0.41662215099715105,
        0.5622774216524218,
        0.6208823005697999,
        0.6648860398860399,
        0.691795762108262,
        0.7151219729344724,
        0.7353988603988598,
        0.7550747863247863,
        0.7728142806267801,
        0.7908876424501432,
        0.8101851851851845,
        0.8263443732193729,
        0.8430377492877484,
        0.8602430555555547,
        0.8775596509971508,
        0.8933404558404568,
        0.9086315883190886,
        0.9197605056980036,
        0.9286858974358954,
        0.935363247863246,
        0.9425747863247858,
        0.9472489316239316,
        0.9496082621082625,
        0.9551504629629655,
        0.9588675213675244,
        0.9612936253561282,
        0.9624510327635356,
        0.9656784188034229,
        0.9671251780626822,
        0.9683271011396054,
        0.9681935541310583,
        0.973023504273509,
        0.9711983618233663,
        0.9703303062678107,
        0.974982193732199,
        0.9747818732193784,
        0.9738693019943067,
        0.9771857193732243,
        0.9762508903133954,
        0.9785657051282104,
        0.9775641025641079,
        0.9767850783475832,
        0.9799679487179539,
        0.9828614672364724,
        0.9790998931623984,
        0.9810363247863303,
        0.981325676638182,
        0.9834624287749338,
        0.9831730769230831,
        0.9839966168091221
    ],
    "valid_accs": [
        0.5429687499999999,
        0.603515625,
        0.6568359375000001,
        0.6886718750000004,
        0.71328125,
        0.7248046875,
        0.7773437500000001,
        0.7769531250000002,
        0.8080078125000002,
        0.8171875000000001,
        0.8435546875000002,
        0.8642578124999999,
        0.8658203125000001,
        0.875390625,
        0.9001953125000001,
        0.9099609375,
        0.9136718749999998,
        0.9236328125000001,
        0.9306640625000001,
        0.9447265625000001,
        0.9392578125000001,
        0.9349609374999999,
        0.9443359375,
        0.9482421874999999,
        0.949609375,
        0.9558593750000004,
        0.953515625,
        0.9593750000000001,
        0.9589843750000001,
        0.9593750000000003,
        0.95859375,
        0.9587890624999998,
        0.9658203125,
        0.9552734374999999,
        0.9585937499999999,
        0.9683593750000002,
        0.9669921874999999,
        0.9628906250000001,
        0.9626953125000002,
        0.97109375,
        0.9572265624999999,
        0.9582031249999998,
        0.9708984374999999,
        0.9615234375000001,
        0.9660156250000002,
        0.9701171875000003,
        0.9738281249999999,
        0.965234375,
        0.9689453125000002,
        0.9603515625000001
    ],
    "test_loss": 1.3472903453851048,
    "test_acc": 0.7423852848101269
}