{
    "train_losses": [
        2.593636871403101,
        2.3125626069528087,
        2.2322582091361376,
        2.1858307235261307,
        2.1522852280880307,
        2.119670933128422,
        2.093293613857694,
        2.0671951434551117,
        2.0401748619188265,
        2.0191604945055097,
        1.9971742093393268,
        1.976954677505711,
        1.958864079920994,
        1.9398322743907608,
        1.9243959205442684
    ],
    "valid_losses": [
        2.397561419010162,
        2.262379598617554,
        2.2050312697887415,
        2.1674367606639864,
        2.1332626879215235,
        2.1087130665779115,
        2.082475104928016,
        2.0637016326189035,
        2.036353650689125,
        2.017229628562928,
        1.99668280184269,
        1.9824266463518139,
        1.9638405233621599,
        1.9501147210597993,
        1.9347576618194577
    ],
    "train_accs": [
        0.1048789173789171,
        0.150418447293447,
        0.1764823717948713,
        0.1952902421652417,
        0.2106704059829056,
        0.22393607549857514,
        0.23571047008546955,
        0.24461360398860338,
        0.25442930911680856,
        0.2639779202279199,
        0.26894141737891697,
        0.27891292735042705,
        0.2859018874643873,
        0.29451566951566915,
        0.2983217592592592
    ],
    "valid_accs": [
        0.1337890625,
        0.167578125,
        0.18984375,
        0.20917968750000002,
        0.228515625,
        0.23339843749999997,
        0.24511718749999997,
        0.24550781249999998,
        0.26249999999999996,
        0.27070312500000004,
        0.273828125,
        0.28066406250000003,
        0.28710937500000006,
        0.2949218750000001,
        0.29375
    ],
    "test_loss": 1.9177275262301476,
    "test_acc": 0.300929588607595
}