{
    "train_losses": [
        2.593638438444871,
        2.312575008794453,
        2.2322818057829172,
        2.1858353675940076,
        2.1522743124567887,
        2.1196590733324356,
        2.0932841314549466,
        2.0673232683089373,
        2.040179811991179,
        2.0193324296223127,
        1.9973743532457924,
        1.9771304891320023,
        1.9589959488295419,
        1.9400795348349464,
        1.9243888213084293,
        1.9079187880893735,
        1.8975650167193492,
        1.880027888507245,
        1.8679447398226492,
        1.8554276604937676,
        1.8415815375129723,
        1.8283140717068977,
        1.8179266873927544,
        1.80958835453729,
        1.7973488402842117,
        1.784502789505527,
        1.7777619446784343,
        1.7658752613937063,
        1.7611679100243096,
        1.750055633718812,
        1.741802226444257,
        1.7336412253882465,
        1.7245049079259236,
        1.715920871818845,
        1.7089328555300032,
        1.699711101686851,
        1.697050049094393,
        1.6886920633479063,
        1.6788391312982287,
        1.6744226767466617
    ],
    "valid_losses": [
        2.3975294113159182,
        2.2623391211032864,
        2.205024290084839,
        2.167568075656891,
        2.1332119524478914,
        2.1088282763957973,
        2.0825933456420898,
        2.064052864909172,
        2.036559739708901,
        2.0173482000827794,
        1.9966430485248565,
        1.9824308335781096,
        1.9640645593404775,
        1.950170826911927,
        1.9350050002336503,
        1.9169446796178824,
        1.9077781170606611,
        1.8931407868862156,
        1.8794056117534634,
        1.8649162262678145,
        1.8557471573352813,
        1.8450023502111434,
        1.831519088149071,
        1.8236115038394924,
        1.8077068209648128,
        1.7970207780599594,
        1.7915626078844071,
        1.7832390666007996,
        1.7708204418420792,
        1.7622920989990227,
        1.7539341270923614,
        1.740332454442978,
        1.7343079447746277,
        1.7267233252525336,
        1.7178358048200613,
        1.7135285586118694,
        1.7063092678785328,
        1.6916910827159883,
        1.688500908017158,
        1.6825857847928998
    ],
    "train_accs": [
        0.10494569088319061,
        0.15055199430199398,
        0.17641559829059789,
        0.19540153133903085,
        0.21113782051282015,
        0.22462606837606802,
        0.23566595441595403,
        0.24416844729344692,
        0.2541844729344725,
        0.2646011396011392,
        0.26860754985754964,
        0.2799145299145298,
        0.2862134971509967,
        0.2934472934472934,
        0.29914529914529925,
        0.30281784188034166,
        0.30751424501424496,
        0.31503739316239315,
        0.31534900284900275,
        0.3219595797720797,
        0.3257656695156693,
        0.330194978632478,
        0.3361823361823359,
        0.33662749287749255,
        0.34239227207977185,
        0.34871349715099703,
        0.34748931623931567,
        0.3542334401709396,
        0.35354344729344706,
        0.3599091880341882,
        0.36282496438746376,
        0.3627136752136753,
        0.36643073361823325,
        0.368255876068376,
        0.37482193732193725,
        0.3756009615384617,
        0.3778490028490028,
        0.3811876780626778,
        0.3820779914529916,
        0.3830795940170939
    ],
    "valid_accs": [
        0.1333984375,
        0.16738281249999998,
        0.19062500000000002,
        0.2087890625,
        0.22734375,
        0.23398437499999997,
        0.244921875,
        0.24765625,
        0.2603515625,
        0.27089843750000003,
        0.27578125000000003,
        0.28105468750000007,
        0.2880859375000001,
        0.294140625,
        0.2937500000000001,
        0.29999999999999993,
        0.30078125,
        0.3076171874999999,
        0.31035156249999996,
        0.31718750000000007,
        0.32207031249999996,
        0.3294921875,
        0.33046875000000014,
        0.33574218749999996,
        0.34140624999999997,
        0.3433593750000001,
        0.3462890625000001,
        0.34902343750000003,
        0.3517578125000001,
        0.35625,
        0.36015624999999996,
        0.36269531250000014,
        0.36621093750000006,
        0.3712890625,
        0.37128906250000004,
        0.37246093750000003,
        0.37656249999999997,
        0.38203124999999993,
        0.38593749999999993,
        0.3828125000000001
    ],
    "test_loss": 1.672477043127712,
    "test_acc": 0.38399920886075933,
    "gradient_flows": [
        {
            "hidden_layers": [
                0.0209319107234478,
                0.008880853885784745,
                0.0033715670579113066,
                0.0015468259225599468,
                0.000763337651733309
            ],
            "output_layer": 0.03144769370555878
        },
        {
            "hidden_layers": [
                0.021017486229538918,
                0.008735325187444687,
                0.0033860395196825266,
                0.0015399428957607597,
                0.0007549851579824463
            ],
            "output_layer": 0.013214479200541973
        },
        {
            "hidden_layers": [
                0.018199294805526733,
                0.009065217687748373,
                0.003421269415412098,
                0.0015592506679240614,
                0.0007591027679154649
            ],
            "output_layer": 0.026770351454615593
        },
        {
            "hidden_layers": [
                0.01797247864305973,
                0.00880399311427027,
                0.0033864768920466304,
                0.0015463507443200797,
                0.0007425083022098988
            ],
            "output_layer": 0.019943568855524063
        },
        {
            "hidden_layers": [
                0.018135488033294678,
                0.008315898478031158,
                0.0032712945831008255,
                0.0014857738860882819,
                0.0007018290343694389
            ],
            "output_layer": 0.013524931855499744
        },
        {
            "hidden_layers": [
                0.014975677244365215,
                0.008169380598701537,
                0.0032399592455476522,
                0.0014858796494081616,
                0.000739786060876213
            ],
            "output_layer": 0.0233505517244339
        },
        {
            "hidden_layers": [
                0.016610313206911087,
                0.008078435668721795,
                0.0032263034372590482,
                0.001479845232097432,
                0.0007188263698481023
            ],
            "output_layer": 0.013257816433906555
        },
        {
            "hidden_layers": [
                0.016800079494714737,
                0.00797902513295412,
                0.003110587189439684,
                0.0014515626535285264,
                0.0007072953158058226
            ],
            "output_layer": 0.023599592968821526
        },
        {
            "hidden_layers": [
                0.0197367575019598,
                0.008668936439789832,
                0.0031834376277402043,
                0.0014620821457356215,
                0.0006977176817599684
            ],
            "output_layer": 0.014801685698330402
        },
        {
            "hidden_layers": [
                0.01653122529387474,
                0.0080233319895342,
                0.003181994310580194,
                0.0014762755890842527,
                0.0007159865344874561
            ],
            "output_layer": 0.015722792595624924
        },
        {
            "hidden_layers": [
                0.01867637410759926,
                0.00835966074373573,
                0.003225104883313179,
                0.0015117607836145908,
                0.0007310255023185164
            ],