{
    "train_losses": [
        1.5123990278298347,
        1.192148637907458,
        1.0653192558859153,
        0.9738371294108549,
        0.898458241737127,
        0.8288313595318051,
        0.7699574960602652,
        0.7153361658764703,
        0.6672141368572532,
        0.6160095558207256,
        0.572086947341251,
        0.5170847659776693,
        0.47131651487105936,
        0.4291118948887559,
        0.38580530177154443,
        0.34496562289036947,
        0.3055488352167641,
        0.27688141256316096,
        0.2508877288879153,
        0.22150740046531717,
        0.2017245661584061,
        0.19117864550348715,
        0.17861926980168075,
        0.15478396617364337,
        0.15497519884608751,
        0.14325520076770393,
        0.13476825283675803,
        0.12674870004511288,
        0.12254737366383568,
        0.11510807590988957,
        0.11378422426192504,
        0.11033546835969486,
        0.10715331293196771,
        0.09765080936210618,
        0.09181176716106221,
        0.09436139797903277,
        0.08921201801474103,
        0.0897748144104695,
        0.08410887916882832,
        0.07783681916821203
    ],
    "valid_losses": [
        1.2616774201393128,
        1.0852186948060991,
        1.0176830857992172,
        0.9758719936013223,
        0.8052557706832888,
        0.8617414638400078,
        0.8065193295478822,
        0.7177144125103952,
        0.6449011474847792,
        0.575583540648222,
        0.5197738900780678,
        0.48111757785081843,
        0.4073917165398598,
        0.3755948387086391,
        0.3450494524091482,
        0.32733225449919706,
        0.28197979740798473,
        0.2856271784752608,
        0.27752036973834043,
        0.24919142220169302,
        0.2366779178380966,
        0.22376666441559798,
        0.2194982072338461,
        0.24013072550296788,
        0.20463430546224112,
        0.20576774403452874,
        0.20378751233220102,
        0.20946974251419306,
        0.17799457684159276,
        0.20412210170179607,
        0.21644655857235193,
        0.2340932536870241,
        0.21871181521564725,
        0.19154233327135442,
        0.21184880398213868,
        0.1803213331848383,
        0.17311917045153674,
        0.1866168436594308,
        0.1807307572104037,
        0.20619142320938405
    ],
    "train_accs": [
        0.4550836894586896,
        0.5715811965811968,
        0.6214164886039878,
        0.6532451923076921,
        0.6816461894586893,
        0.7075097934472931,
        0.7284321581196569,
        0.746216168091168,
        0.7655359686609687,
        0.7813167735042731,
        0.7989004629629625,
        0.8147480413105401,
        0.8311743233618224,
        0.8469106125356118,
        0.8624910968660966,
        0.8756009615384617,
        0.8913149928774933,
        0.9009081196581206,
        0.9101006054131052,
        0.9205172720797702,
        0.9299100783475767,
        0.9318242521367506,
        0.9367432336182324,
        0.9464031339031334,
        0.944600249287749,
        0.9491853632478638,
        0.9520566239316249,
        0.9554175569800584,
        0.9576655982906007,
        0.9593571937321959,
        0.9605813746438774,
        0.9620058760683792,
        0.9624510327635356,
        0.9659009971510011,
        0.9677483974359017,
        0.9682380698005736,
        0.9690838675213719,
        0.9680154914529954,
        0.9710202991453035,
        0.972645121082626
    ],
    "valid_accs": [
        0.5417968749999997,
        0.6124999999999999,
        0.6373046874999999,
        0.6474609375,
        0.71796875,
        0.7005859375,
        0.7166015625000001,
        0.7542968750000001,
        0.7822265625,
        0.7982421875000001,
        0.815625,
        0.8333984375000001,
        0.8613281249999999,
        0.8707031250000001,
        0.8859375000000002,
        0.8867187500000002,
        0.9078124999999999,
        0.9082031250000002,
        0.9169921875000001,
        0.92265625,
        0.9236328125000001,
        0.93046875,
        0.9359375000000001,
        0.9326171875,
        0.9384765625,
        0.9423828124999999,
        0.9392578124999998,
        0.9390625000000001,
        0.9537109374999998,
        0.946875,
        0.9449218749999998,
        0.9412109375,
        0.9392578124999997,
        0.9501953125000001,
        0.9468749999999999,
        0.9550781249999998,
        0.9574218749999999,
        0.9564453124999999,
        0.95625,
        0.9490234375000001
    ],
    "test_loss": 1.2901791130440141,
    "test_acc": 0.731408227848101,
    "gradient_flows": [
        {
            "hidden_layers": [
                0.002028700429946184,
                0.0013461654889397323,
                0.0005760838685091585,
                0.00045362231685430743,
                0.00033626199001446366
            ],
            "output_layer": 0.007795307319611311
        },
        {
            "hidden_layers": [
                0.0014500385150313377,
                0.0012163571009295993,
                0.0004725931466964539,
                0.0003662301751319319,
                0.00025951434872695245
            ],
            "output_layer": 0.006661661900579929
        },
        {
            "hidden_layers": [
                0.0017523830756545067,
                0.0013466592426993884,
                0.0005132744263391942,
                0.00041973405313910916,
                0.0003073050065722782
            ],
            "output_layer": 0.007895301096141338
        },
        {
            "hidden_layers": [
                0.002143727382645011,
                0.0012208487605676055,
                0.0004527943456196226,
                0.0003308252380520571,
                0.0002369421363255242
            ],
            "output_layer": 0.0063820527866482735
        },
        {
            "hidden_layers": [
                0.0019075449090451002,
                0.0011242479631619062,
                0.0004627059097401798,
                0.0003493595177133102,
                0.000249244571023155
            ],
            "output_layer": 0.006975245662033558
        },
        {
            "hidden_layers": [
                0.0024393810890614986,
                0.001208527733979281,
                0.0005233364572632127,
                0.00039423700582119636,
                0.0002930815899162553
            ],
            "output_layer": 0.007368291262537241
        },
        {
            "hidden_layers": [
                0.0028867810033261776,
                0.0011586841865209863,
                0.00048570241779088974,
                0.0004208072859910317,
                0.0002590737658465514
            ],
            "output_layer": 0.0068672108463943005
        },
        {
            "hidden_layers": [
                0.002689000917598605,
                0.0010769659420475364,
                0.0005502250351128168,
                0.00038720386146451347,
                0.0002518886358302552
            ],
            "output_layer": 0.00724449148401618
        },
        {
            "hidden_layers": [
                0.0028272324707359076,
                0.001175163622974651,
                0.0005481716507347301,
                0.0004086880981049035,
                0.0002990907341882121
            ],
            "output_layer": 0.007913838140666485
        },
        {
            "hidden_layers": [
                0.0023429766297340393,
                0.0009688335267128423,
                0.0004581911089189816,
                0.0003616480935306754,
                0.0002339441743970383
            ],
            "output_layer": 0.00585388857871294
        },
        {
            "hidden_layers": [
                0.0029036530759185553,
                0.0011040557365049608,
                0.0005656460307363886,
                0.0004602933222486172,
                0.0003525341453496367
            ],