{
    "train_losses": [
        1.512399110359344,
        1.1921525724932682,
        1.0653048952420547,
        0.9732449404534455,
        0.8975479850741865,
        0.8284837837912079,
        0.7700595451556037,
        0.7153034288319425,
        0.6644748742254366,
        0.6157904908358204,
        0.5707359371701539,
        0.5142975469939728,
        0.4713709772142589,
        0.4304632267721013,
        0.38370090587186706
    ],
    "valid_losses": [
        1.2616793364286427,
        1.0850629851222038,
        1.0173685178160667,
        0.9722686499357222,
        0.8052328392863274,
        0.8499747648835182,
        0.7984921127557755,
        0.711446614563465,
        0.6402553267776968,
        0.576770233362913,
        0.5354268878698348,
        0.4819432511925697,
        0.40327323302626605,
        0.3562848068773746,
        0.3449103560298682
    ],
    "train_accs": [
        0.4550836894586896,
        0.5715589387464388,
        0.6216835826210817,
        0.6538016381766373,
        0.6819132834757832,
        0.7076433404558401,
        0.727430555555555,
        0.7455484330484325,
        0.7669159544159536,
        0.7816061253561243,
        0.7980769230769222,
        0.8158386752136739,
        0.8317307692307678,
        0.8473557692307687,
        0.8626691595441595
    ],
    "valid_accs": [
        0.5417968749999997,
        0.6109374999999999,
        0.6363281250000001,
        0.6490234375,
        0.7177734374999998,
        0.7027343749999999,
        0.7189453125000003,
        0.75625,
        0.7785156250000002,
        0.7986328125000001,
        0.812890625,
        0.8298828124999998,
        0.8642578125000001,
        0.8791015625,
        0.8814453125
    ],
    "test_loss": 0.8345998427535912,
    "test_acc": 0.7379351265822788
}