{
    "train_losses": [
        1.5896123695237674,
        1.262989462950291,
        1.1469831320634924,
        1.0531821610920793,
        0.9656106758321448,
        0.9028390206163085,
        0.836827615047792,
        0.7780933996551056,
        0.7333165249253949,
        0.6826972716893907,
        0.6389780773905948,
        0.582813085059495,
        0.5462756509285026,
        0.5007698096101441,
        0.455037828991216,
        0.4136699215639013,
        0.3764739521803002,
        0.33937935692462473,
        0.29729172723245706,
        0.27292550730909054,
        0.23778248274767844,
        0.21748897961826405,
        0.19342436938628846,
        0.1810423816710796,
        0.16515703984347846,
        0.1566458561184401,
        0.14655660250969765,
        0.1339955317689652,
        0.12786666484300227,
        0.12342986117443477
    ],
    "valid_losses": [
        1.3725104689598087,
        1.147873814404011,
        1.0965608030557634,
        0.9940757811069488,
        0.8978156030178069,
        0.8775896593928337,
        0.8873629495501517,
        0.7665635839104652,
        0.6669750541448594,
        0.6009546235203743,
        0.6319152116775513,
        0.5774705000221728,
        0.4999150171875953,
        0.4763628937304021,
        0.4362044077366592,
        0.4121783133596183,
        0.38333010114729393,
        0.3642420956864953,
        0.3194444604218006,
        0.29450105018913747,
        0.23391543440520762,
        0.26967507861554624,
        0.26738509275019157,
        0.22628644555807112,
        0.22361574452370397,
        0.22531707417219882,
        0.2125342860817909,
        0.20496333260089156,
        0.19175720419734713,
        0.20858006719499825
    ],
    "train_accs": [
        0.41900373931623913,
        0.5482104700854704,
        0.5925035612535612,
        0.6266693376068372,
        0.6586761039886037,
        0.6836716524216513,
        0.7055956196581188,
        0.7258502492877487,
        0.7409855769230763,
        0.7582799145299131,
        0.7738381410256409,
        0.7899750712250715,
        0.8033965455840449,
        0.8203347578347562,
        0.8385416666666655,
        0.8528979700854694,
        0.8672320156695158,
        0.8794070512820509,
        0.8935407763532777,
        0.9026664886039888,
        0.9168224715099702,
        0.9220753205128198,
        0.9315349002848987,
        0.9360087250712235,
        0.9408831908831902,
        0.9443776709401709,
        0.9489405270655273,
        0.9528133903133916,
        0.9538817663817681,
        0.9567530270655289
    ],
    "valid_accs": [
        0.5023437500000001,
        0.5933593750000001,
        0.6105468749999999,
        0.6525390625000002,
        0.6849609375,
        0.6970703125,
        0.6904296874999999,
        0.7337890625000001,
        0.7708984375000002,
        0.7857421874999999,
        0.783203125,
        0.7884765625,
        0.8234375000000002,
        0.8335937500000001,
        0.8474609375,
        0.8611328125,
        0.8679687500000001,
        0.878125,
        0.8966796874999998,
        0.9025390625000003,
        0.9279296874999999,
        0.9125000000000001,
        0.9142578125000002,
        0.9294921875,
        0.9306640625,
        0.9330078125000002,
        0.9359374999999998,
        0.9441406249999998,
        0.9392578125,
        0.9408203125000002
    ],
    "test_loss": 1.1087486102611206,
    "test_acc": 0.7410007911392409,
    "gradient_flows": [
        {
            "hidden_layers": [
                0.0017217433778569102,
                0.0010186766085098498,
                0.0004022868706670124,
                0.00026337263989262283,
                0.00027319118089508265
            ],
            "output_layer": 0.007353900466114283
        },
        {
            "hidden_layers": [
                0.0016947686672210693,
                0.0011060180986532941,
                0.00040043008266366087,
                0.00025637346698204055,
                0.00020522341947071254
            ],
            "output_layer": 0.006845944561064243
        },
        {
            "hidden_layers": [
                0.0016719673294574022,
                0.0010785557242343202,
                0.0004254132873029448,
                0.0003406253599678166,
                0.00023096572840586305
            ],
            "output_layer": 0.007597755175083876
        },
        {
            "hidden_layers": [
                0.0024507693015038967,
                0.0011188353382749483,
                0.00045814783516107127,
                0.000276442273388966,
                0.00019442560187599156
            ],
            "output_layer": 0.007131500635296106
        },
        {
            "hidden_layers": [
                0.0018048302736133337,
                0.001053654501447454,
                0.00041319532829220407,
                0.00025766902399482206,
                0.00018167512826039456
            ],
            "output_layer": 0.006331038661301136
        },
        {
            "hidden_layers": [
                0.002612521406263113,
                0.0011721256305463612,
                0.0005217149919189978,
                0.0003404293238418177,
                0.00019992603301943745
            ],
            "output_layer": 0.007430318742990494
        },
        {
            "hidden_layers": [
                0.0021649375557899475,
                0.0009353761051897891,
                0.0004504232892941218,
                0.0002693664664548123,
                0.00015359733515651897
            ],
            "output_layer": 0.00598825654014945
        },
        {
            "hidden_layers": [
                0.0019131992012262344,
                0.0011297866949462332,
                0.0006051697600923944,
                0.0003619215785874985,
                0.0002086724889522884
            ],
            "output_layer": 0.007601965218782425
        },
        {
            "hidden_layers": [
                0.003346821991726756,
                0.0011348242478561588,
                0.0005920049406995531,
                0.0003881865595758427,
                0.0002324017696082592
            ],
            "output_layer": 0.008077412843704224
        },
        {
            "hidden_layers": [
                0.002651154063642025,
                0.0009500889500486664,
                0.0004971374000888318,
                0.00032688083592802286,
                0.00017930048488778993
            ],
            "output_layer": 0.005934869404882193
        },
        {
            "hidden_layers": [
                0.0033252546563744545,
                0.001121187822718639,
                0.0006076119170757011,
                0.00037459722079802305,
                0.0001884003540908452
            ],
            "output_layer": 0.007904479280114174
        },
        {
            "hidden_layers": [
                0.0037898067384958267,
                0.0010005574731621891,
                0.0006099996535340324,
                0.0004102223247173242,
                0.0002203129042754881
            ],
            "output_layer": 0.007862973026931286
        },
        {
            "hidden_layers": [
                0.0036168494261801243,
                0.0010911229328485206,
                0.0006789405306335539,
                0.00042672496783779934,
                0.00022907444508746266
            ],
            "output_layer": 0.008266495540738106
        },
        {
            "hidden_layers": [
                0.0036333929747343063,
                0.0008807283666101284,
                0.0005381603186833672,
                0.00033481053833384067,
                0.00019641883227450307
            ],