{
    "train_losses": [
        1.3418226756601253,
        0.8403917535757408,
        0.6582616620253977,
        0.5502824450490139,
        0.48284733516198614,
        0.43776041957048295,
        0.38377496375147796,
        0.35229461820546726,
        0.3214205472897259,
        0.2912837178194286,
        0.26922758331156227,
        0.2429228984137886,
        0.2300394208215581,
        0.20447483283077555,
        0.18712843820834782,
        0.17630360835892545,
        0.1644513576140261,
        0.14945485878024692,
        0.13582157022571809,
        0.1292281575033978,
        0.12274718120099809,
        0.11295849090691473,
        0.10212236930459648,
        0.10092562236464939,
        0.09275874232825558,
        0.08881367026082644,
        0.08448782661913803,
        0.07697949715574234,
        0.0801327604789849,
        0.07311904918338757,
        0.06696702928635216,
        0.06640207409816255,
        0.06612627164187423,
        0.059978869873658934,
        0.059050298248155,
        0.053492573344618315,
        0.05298419336740596,
        0.054836646571458245,
        0.051905227718911935,
        0.04901195042355361
    ],
    "valid_losses": [
        1.0550415933132171,
        0.781178791075945,
        0.6328011550009249,
        0.5206938065588474,
        0.6598224513232707,
        0.541679188609123,
        0.3513963647186756,
        0.3159998446702957,
        0.4363474249839783,
        0.250919846072793,
        0.25585341304540643,
        0.2674645882099867,
        0.2349756371229887,
        0.21955652609467505,
        0.18266013208776707,
        0.16495655924081806,
        0.17949039349332452,
        0.12649608206702395,
        0.11410070229321717,
        0.17366679236292842,
        0.13864649832248685,
        0.12055297382175922,
        0.1437489625066519,
        0.09927479157049675,
        0.08440015859087001,
        0.09486001529730857,
        0.12081450880505144,
        0.08412582431919874,
        0.08925168593414129,
        0.07347888880758548,
        0.09527583448216316,
        0.10180935170501469,
        0.07657994893379508,
        0.07182466758677038,
        0.06957050119526684,
        0.08097354824276409,
        0.06751525331637823,
        0.10923069640994071,
        0.06780318923338201,
        0.09263421026989818
    ],
    "train_accs": [
        0.5206330128205128,
        0.703525641025641,
        0.769965277777777,
        0.8087161680911675,
        0.8318643162393151,
        0.8493589743589738,
        0.8683003917378914,
        0.8791622150997159,
        0.8884214743589739,
        0.8990607193732201,
        0.9051371082621074,
        0.9163105413105401,
        0.9190037393162378,
        0.928285256410254,
        0.9335158475783464,
        0.9392806267806256,
        0.942129629629629,
        0.9482060185185193,
        0.9518117877492888,
        0.9538372507122519,
        0.9569310897435919,
        0.9612936253561287,
        0.9639868233618266,
        0.9655448717948758,
        0.9682158119658159,
        0.9686609686609727,
        0.9700409544159591,
        0.972511574074079,
        0.9722667378917427,
        0.9742031695156742,
        0.9770299145299197,
        0.9765847578347632,
        0.9764512108262163,
        0.9794782763532817,
        0.979099893162398,
        0.9820824430199478,
        0.9819711538461589,
        0.981236645299151,
        0.981325676638182,
        0.9830840455840512
    ],
    "valid_accs": [
        0.6394531250000001,
        0.7259765624999999,
        0.78125,
        0.8271484375,
        0.7847656249999999,
        0.8230468750000001,
        0.884375,
        0.8863281249999997,
        0.8580078125,
        0.9152343749999998,
        0.9152343749999999,
        0.9126953124999999,
        0.9222656249999998,
        0.9240234375,
        0.9398437500000001,
        0.94296875,
        0.9355468749999999,
        0.9562499999999998,
        0.9601562500000002,
        0.9410156249999999,
        0.9517578125000001,
        0.9626953125000001,
        0.9503906249999999,
        0.9666015625,
        0.9726562499999998,
        0.9675781249999997,
        0.96171875,
        0.9791015625000001,
        0.974609375,
        0.9794921874999999,
        0.9708984374999999,
        0.9677734375000001,
        0.9789062499999999,
        0.9820312499999999,
        0.9808593750000004,
        0.9726562500000001,
        0.9822265625,
        0.9640625000000002,
        0.9814453125000001,
        0.976171875
    ],
    "test_loss": 0.5195456724378127,
    "test_acc": 0.8879549050632909,
    "gradient_flows": [
        {
            "hidden_layers": [
                0.007813084870576859,
                0.0018822814745362848,
                0.0006467274215538055,
                0.00027582179609453306,
                8.067319595284062e-05
            ],
            "output_layer": 0.0157968457788229
        },
        {
            "hidden_layers": [
                0.00906742550432682,
                0.0012896563275717199,
                0.0005428583608590998,
                0.00023441880694008432,
                6.672107883787248e-05
            ],
            "output_layer": 0.014438698068261147
        },
        {
            "hidden_layers": [
                0.006424004212021828,
                0.0010954843601211905,
                0.0004728292624349706,
                0.00019246395822847262,
                5.1352346417843364e-05
            ],
            "output_layer": 0.011374360881745815
        },
        {
            "hidden_layers": [
                0.005942924413830042,
                0.0007524626125814393,
                0.00034487528319004923,
                0.00014238448238756973,
                3.8791654787928564e-05
            ],
            "output_layer": 0.010650391690433025
        },
        {
            "hidden_layers": [
                0.009123901836574078,
                0.0009624555095797405,
                0.0004127596694161184,
                0.00016845721256686375,
                4.4155956857139245e-05
            ],
            "output_layer": 0.01237112283706665
        },
        {
            "hidden_layers": [
                0.00791128445416689,
                0.0007777997670928016,
                0.0003706758070620708,
                0.00015889264977886342,
                4.302915613152436e-05
            ],
            "output_layer": 0.012800300493836403
        },
        {
            "hidden_layers": [
                0.00741454865783453,
                0.0007118396897567436,
                0.00030928131309337914,
                0.00013775435945717618,
                3.666937027446693e-05
            ],
            "output_layer": 0.00857909768819809
        },
        {
            "hidden_layers": [
                0.006943070329725742,
                0.0008049976313486695,
                0.0003706113129737787,
                0.00016146120469784364,
                4.502502633840777e-05
            ],
            "output_layer": 0.013235660269856453
        },
        {
            "hidden_layers": [
                0.0064051286317408085,
                0.0007229276234284043,
                0.00034262834378750995,
                0.00014874781663820613,
                3.859859953081468e-05
            ],
            "output_layer": 0.005714114755392075
        },
        {
            "hidden_layers": [
                0.007567283697426319,
                0.0006190460408106446,
                0.0002993345042341389,
                0.00012958001752849668,
                3.3019541660905816e-05
            ],