{
    "train_losses": [
        1.3380091587702432,
        0.8406778270023162,
        0.6609541573415797,
        0.5524000196035771,
        0.48602513684506443,
        0.4397015336826656,
        0.3851834899000294,
        0.35749790378105933,
        0.3233492941598272,
        0.2958713995340542,
        0.2734233466987934,
        0.2442458716467914,
        0.22904470329440896,
        0.2060591692895632,
        0.18560688442781453
    ],
    "valid_losses": [
        1.2625773131847382,
        0.8872027292847631,
        0.612317467480898,
        0.457591824233532,
        0.5888327389955521,
        0.45901006013154977,
        0.3758900552988052,
        0.38249411582946774,
        0.39953053072094913,
        0.2342878036201,
        0.2376147877424956,
        0.2704725466668606,
        0.19943192899227138,
        0.24604409560561172,
        0.20080509874969726
    ],
    "train_accs": [
        0.5209001068376068,
        0.7034366096866095,
        0.7709223646723646,
        0.807358440170939,
        0.8312188390313379,
        0.8475115740740734,
        0.8664307336182342,
        0.8747551638176639,
        0.8878427706552704,
        0.8977475071225078,
        0.9040687321937317,
        0.9142628205128204,
        0.9197159900284878,
        0.9269720441595425,
        0.9350516381766366
    ],
    "valid_accs": [
        0.6019531249999999,
        0.6947265624999999,
        0.7878906250000002,
        0.8429687499999999,
        0.8041015625000002,
        0.8425781250000002,
        0.8730468750000002,
        0.8654296874999997,
        0.8697265624999999,
        0.9191406249999999,
        0.9208984375000001,
        0.9111328124999999,
        0.9322265625,
        0.9177734374999998,
        0.93515625
    ],
    "test_loss": 0.4600237321250045,
    "test_acc": 0.8664952531645568
}