{
    "train_losses": [
        1.9842554004783308,
        1.5737440565712424,
        1.4525554866193022,
        1.371711838618983,
        1.3109370813070886,
        1.2636303269965012,
        1.2187350465361555,
        1.1767163901587165,
        1.1392044149912326,
        1.110635236287729,
        1.0747914789748672,
        1.0479823031656423,
        1.019521831107615,
        0.9966103330976266,
        0.9728581200637713,
        0.946493700189129,
        0.9279381320347468,
        0.9086617880057744,
        0.8839590067197801,
        0.8687961449650282,
        0.8498789550911673,
        0.8295037140194168,
        0.8123927904330086,
        0.794636052388412,
        0.7802878793148579,
        0.7623524069786067,
        0.748904729840423,
        0.7349611536899531,
        0.7178136940695273,
        0.7096638647239771,
        0.6897942799958066,
        0.6779360100414675,
        0.6657379944609777,
        0.6521974247575143,
        0.6395334108942257,
        0.6265306480419945,
        0.6129623778864869,
        0.6028080335539628,
        0.5900958100615064,
        0.5765912790923375
    ],
    "valid_losses": [
        1.669738876819611,
        1.4884912073612209,
        1.416634893417358,
        1.3464107006788253,
        1.2794563800096517,
        1.2344626605510711,
        1.1622207224369048,
        1.1413411661982538,
        1.0980998426675799,
        1.0771747648715972,
        1.0287598907947537,
        1.0055372983217241,
        0.9607945263385771,
        0.9460702165961267,
        0.9414417445659636,
        0.8988707512617109,
        0.8806128486990928,
        0.8512189209461211,
        0.835684797167778,
        0.826032204926014,
        0.7891318693757057,
        0.7900749325752258,
        0.7716388083994391,
        0.7499623849987984,
        0.71879575997591,
        0.7061200261116028,
        0.6998955525457857,
        0.6742316462099551,
        0.6620932638645174,
        0.6386736050248146,
        0.6286897689104081,
        0.6166792266070842,
        0.5896408602595329,
        0.5839658282697201,
        0.5673072531819343,
        0.5747398801147937,
        0.5695019617676735,
        0.5349615953862666,
        0.5288292653858662,
        0.5130160644650459
    ],
    "train_accs": [
        0.29580662393162366,
        0.42679398148148145,
        0.4715099715099716,
        0.5046964031339031,
        0.5269097222222223,
        0.5473424145299147,
        0.5637241809116811,
        0.5805511039886045,
        0.5926593660968661,
        0.6028311965811963,
        0.6183894230769235,
        0.6290954415954413,
        0.6388443732193732,
        0.6461449430199434,
        0.6544471153846146,
        0.6651086182336173,
        0.6712740384615369,
        0.6775507478632474,
        0.6900373931623929,
        0.6950454059829064,
        0.7024795227920217,
        0.708823005698005,
        0.7159455128205123,
        0.7221999643874639,
        0.7247373575498571,
        0.7333956552706551,
        0.7389155982905974,
        0.7436787749287748,
        0.7494435541310535,
        0.7526931980056978,
        0.7598157051282044,
        0.764111467236467,
        0.7667824074074069,
        0.7714342948717937,
        0.7761306980056972,
        0.7800035612535605,
        0.7881276709401702,
        0.7905982905982898,
        0.7954059829059819,
        0.8005698005698006
    ],
    "valid_accs": [
        0.3962890624999999,
        0.45605468749999994,
        0.4837890625000001,
        0.5197265624999999,
        0.5378906250000001,
        0.5542968750000001,
        0.577734375,
        0.5958984375,
        0.6109375,
        0.6197265625,
        0.641015625,
        0.6523437499999999,
        0.6656249999999999,
        0.6708984375,
        0.667578125,
        0.6853515625,
        0.688671875,
        0.7017578125000001,
        0.7076171874999998,
        0.7109375000000001,
        0.7236328124999998,
        0.7248046875,
        0.7328125000000001,
        0.7365234375000002,
        0.759375,
        0.7585937500000001,
        0.7607421875,
        0.7718750000000001,
        0.7767578124999999,
        0.7861328124999999,
        0.7933593750000001,
        0.7914062499999999,
        0.8048828125000002,
        0.8066406250000001,
        0.8095703124999997,
        0.8046875000000002,
        0.8064453125000002,
        0.8224609374999999,
        0.8193359374999999,
        0.8251953125000001
    ],
    "test_loss": 0.862865211842935,
    "test_acc": 0.7051028481012658,
    "gradient_flows": [
        {
            "hidden_layers": [
                0.01505416538566351,
                0.007599811302497983,
                0.00297168199904263,
                0.0013503065274562687,
                0.0006454561807913706
            ],
            "output_layer": 0.014380712993443012
        },
        {
            "hidden_layers": [
                0.018076324835419655,
                0.00826745352242142,
                0.003283783618826419,
                0.0014633706596214324,
                0.0006802312418585643
            ],
            "output_layer": 0.009546595625579357
        },
        {
            "hidden_layers": [
                0.01556732039898634,
                0.00796097400598228,
                0.0032216572435572743,
                0.001470888062613085,
                0.0006630444840993732
            ],
            "output_layer": 0.021929362788796425
        },
        {
            "hidden_layers": [
                0.01646728441119194,
                0.008317969623021781,
                0.003204040229320526,
                0.001453898410545662,
                0.0006633056764258072
            ],
            "output_layer": 0.014092928729951382
        },
        {
            "hidden_layers": [
                0.02110561542212963,
                0.00844288687221706,
                0.0034103208454325795,
                0.0015212816360872239,
                0.0006666357221547514
            ],
            "output_layer": 0.015740172937512398
        },
        {
            "hidden_layers": [
                0.01782565377652645,
                0.009642036515288055,
                0.0039037998067215085,
                0.001774127536918968,
                0.000774861648096703
            ],
            "output_layer": 0.020538344979286194
        },
        {
            "hidden_layers": [
                0.015173301100730896,
                0.007756702718324959,
                0.003190020041074604,
                0.001443599263438955,
                0.0006107600274845026
            ],
            "output_layer": 0.0140942158177495
        },
        {
            "hidden_layers": [
                0.014908392913639545,
                0.008579560206271708,
                0.0035530239692889154,
                0.0016948786505963653,
                0.0007192049379227683
            ],
            "output_layer": 0.016634201630949974
        },
        {
            "hidden_layers": [
                0.01928393542766571,
                0.008654531324282289,
                0.0035361925256438553,
                0.0016261422715615481,
                0.0006892761375638656
            ],
            "output_layer": 0.009611043147742748
        },
        {
            "hidden_layers": [
                0.015704093500971794,
                0.008383771404623985,
                0.003457683778833598,
                0.0016422814223915339,
                0.0007366520439973101
            ],
            "output_layer": 0.012830224819481373
        },
        {
            "hidden_layers": [
                0.016080046072602272,
                0.008514933986589313,
                0.0033230575500056148,
                0.0015591568080708385,
                0.0006585414812434465
            ],