{
    "train_losses": [
        1.9842430709773662,
        1.573683054019243,
        1.4527545963597097,
        1.371483254296827,
        1.3113556543306746,
        1.2632607934821354,
        1.2183071405459671,
        1.1766540396247496,
        1.13895703143204,
        1.1111358081513325,
        1.0751604065935831,
        1.0483605790342019,
        1.0191516057718177,
        0.9968871268791354,
        0.9732476150208391,
        0.946265588798413,
        0.9280871677602467,
        0.9079746468114717,
        0.8849939221670148,
        0.8696514132016065,
        0.8502681160244838,
        0.8304533078799563,
        0.8123847711459862,
        0.7948714370741129,
        0.7799110888076302,
        0.7626046011930179,
        0.7487506392674574,
        0.7354000718505294,
        0.7176079579398156,
        0.7096728848935533,
        0.6908021350192212,
        0.6778699521325591,
        0.6655459132289608,
        0.6514829794565837,
        0.6405662093576883,
        0.6266044685643624,
        0.613390516436678,
        0.6044710851632632,
        0.5904595923219987,
        0.5753213010961857
    ],
    "valid_losses": [
        1.6695605099201207,
        1.488726001977921,
        1.4200708776712412,
        1.3469701170921327,
        1.2799250960350033,
        1.2363245040178301,
        1.1620732843875887,
        1.1411893576383592,
        1.0978644669055941,
        1.0771035492420196,
        1.027366903424263,
        1.0050547420978546,
        0.9593587547540666,
        0.9472752526402471,
        0.9440851017832755,
        0.9023615077137949,
        0.8839377135038377,
        0.8495617389678954,
        0.8357092410326005,
        0.8242336139082909,
        0.7883302688598631,
        0.7872969850897787,
        0.7727343201637268,
        0.7496782496571541,
        0.7203613154590129,
        0.7073923841118812,
        0.7013337954878807,
        0.6734128631651402,
        0.661319974809885,
        0.6403110891580581,
        0.6287439867854121,
        0.6151785612106323,
        0.5889076925814151,
        0.5830042771995066,
        0.5653044763952493,
        0.5710792258381844,
        0.5686538994312287,
        0.5327186524868012,
        0.5276718340814116,
        0.510045725852251
    ],
    "train_accs": [
        0.29533920940170894,
        0.42568108974358937,
        0.47135416666666713,
        0.5035389957264959,
        0.528133903133903,
        0.5478988603988603,
        0.5629896723646725,
        0.5791711182336186,
        0.5909232549857545,
        0.6034544159544158,
        0.6193242521367512,
        0.629273504273504,
        0.6379763176638178,
        0.6460781695156693,
        0.6544916310541304,
        0.6649750712250708,
        0.6707398504273501,
        0.6781517094017092,
        0.6891470797720803,
        0.6950231481481479,
        0.70301371082621,
        0.7072426994301985,
        0.7152555199430203,
        0.721643518518518,
        0.7239138176638177,
        0.7342859686609683,
        0.7369791666666653,
        0.743901353276353,
        0.7485754985754982,
        0.7527377136752135,
        0.7582576566951565,
        0.7631543803418797,
        0.7674501424501425,
        0.7730146011396003,
        0.7759748931623929,
        0.7805822649572646,
        0.7876157407407404,
        0.7894631410256404,
        0.793536324786324,
        0.802372685185185
    ],
    "valid_accs": [
        0.39199218750000003,
        0.4585937500000001,
        0.47871093749999993,
        0.5185546875,
        0.5380859375,
        0.55703125,
        0.5783203124999999,
        0.5968749999999999,
        0.616796875,
        0.6255859375,
        0.6435546875,
        0.64609375,
        0.665234375,
        0.6730468749999998,
        0.6677734374999998,
        0.6835937500000001,
        0.6896484375,
        0.703515625,
        0.7041015625,
        0.7121093749999999,
        0.7234375000000001,
        0.7273437500000002,
        0.7330078124999997,
        0.7414062499999999,
        0.7537109375,
        0.7591796874999999,
        0.7603515624999998,
        0.7712890625000002,
        0.77421875,
        0.7855468750000001,
        0.7917968749999998,
        0.7892578124999999,
        0.8039062500000002,
        0.803125,
        0.8095703124999997,
        0.8054687499999998,
        0.806640625,
        0.8232421875,
        0.8205078125000002,
        0.8291015625000001
    ],
    "test_loss": 0.864231720755372,
    "test_acc": 0.7046083860759493
}