{
    "train_losses": [
        1.98425652804198,
        1.5739604961498501,
        1.4525191468051364,
        1.3717469044899997,
        1.3110372242424917,
        1.2631803438534424,
        1.2181354761123653,
        1.1762166568356691,
        1.1398054758707685,
        1.11079436693436,
        1.0746294623426564,
        1.048541704813639,
        1.01974940843392,
        0.9969681017419207,
        0.9730725882739416
    ],
    "valid_losses": [
        1.6690452724695206,
        1.4877209693193436,
        1.4178408503532411,
        1.344248706102371,
        1.2779360085725782,
        1.2360701829195022,
        1.1618967562913896,
        1.1439961701631545,
        1.0978172242641446,
        1.079078654944897,
        1.0320376276969911,
        1.0089032396674154,
        0.9621269047260287,
        0.9488258644938466,
        0.944570654630661
    ],
    "train_accs": [
        0.29542824074074053,
        0.4258146367521365,
        0.47153222934472955,
        0.5034722222222223,
        0.5275774572649577,
        0.548254985754986,
        0.562856125356125,
        0.5793936965811967,
        0.5907674501424499,
        0.6028311965811964,
        0.6197471509971506,
        0.6285612535612533,
        0.638888888888889,
        0.6447649572649572,
        0.6527555199430202
    ],
    "valid_accs": [
        0.39511718749999997,
        0.45683593749999996,
        0.48437499999999994,
        0.5181640625,
        0.534765625,
        0.547265625,
        0.5769531250000001,
        0.5921875000000001,
        0.61171875,
        0.6228515624999998,
        0.6384765624999998,
        0.644921875,
        0.6658203124999998,
        0.6736328125,
        0.6693359375
    ],
    "test_loss": 1.0799894212167471,
    "test_acc": 0.6143196202531648
}