{
    "train_losses": [
        2.974846971680298,
        2.8078176173729084,
        2.701220501522056,
        2.624185430358278,
        2.5680287638281123,
        2.5181723408549606,
        2.482538892332986,
        2.4505762707473875,
        2.4199772030539646,
        2.397535055790872,
        2.374995411631049,
        2.3581582168568227,
        2.340213670350207,
        2.323162478259484,
        2.312706228674646
    ],
    "valid_losses": [
        2.9758823335170734,
        2.8179601430892944,
        2.700735259056092,
        2.625439602136612,
        2.563022494316101,
        2.519234359264374,
        2.4797984719276425,
        2.4472098112106315,
        2.4188633382320406,
        2.392832291126251,
        2.3716525375843043,
        2.355139881372452,
        2.335662531852722,
        2.3226337850093843,
        2.3103980362415317
    ],
    "train_accs": [
        0.0996260683760682,
        0.09944800569800552,
        0.09926994301994273,
        0.09742254273504253,
        0.1022302350427349,
        0.10421118233618222,
        0.10706018518518493,
        0.11200142450142439,
        0.11513977920227896,
        0.12317485754985731,
        0.13034188034188016,
        0.1325676638176636,
        0.14017984330484315,
        0.14460915242165218,
        0.14843749999999978
    ],
    "valid_accs": [
        0.1052734375,
        0.103515625,
        0.10449218750000001,
        0.10214843750000004,
        0.10429687500000002,
        0.11093750000000002,
        0.11445312500000003,
        0.12226562499999999,
        0.12890625,
        0.13671875,
        0.13730468749999997,
        0.14218749999999997,
        0.1486328125,
        0.15429687499999997,
        0.1564453125
    ],
    "test_loss": 2.315865978409972,
    "test_acc": 0.1487341772151898
}