{
    "train_losses": [
        2.9748473174211947,
        2.8078179699063615,
        2.701219960155652,
        2.624183670408029,
        2.5680284683520993,
        2.518170038859051,
        2.4825370671742313,
        2.450570350358968,
        2.4199712880995876,
        2.397527085410223,
        2.374986012097439,
        2.3581493498592985,
        2.3402026881519538,
        2.3231446410176444,
        2.312690754561682,
        2.2993066331260246,
        2.2911475913816703,
        2.2796337366783397,
        2.272247052939869,
        2.2689329205754802,
        2.254831746093229,
        2.248698718187817,
        2.2453547841802943,
        2.2398185947342144,
        2.2321518662987945,
        2.2277353068022956,
        2.2225125786925317,
        2.2154662738158843,
        2.213258238599511,
        2.2076387160863615,
        2.2045345116205017,
        2.2019524071630943,
        2.193916581634782,
        2.1911055831148447,
        2.1876378174860602,
        2.1818892195014175,
        2.1790749293107248,
        2.176998300090474,
        2.17121018167914,
        2.1685652094349224
    ],
    "valid_losses": [
        2.9758836507797244,
        2.8179605185985563,
        2.7007363975048078,
        2.6254387676715845,
        2.5630233108997347,
        2.519231098890305,
        2.4797932565212246,
        2.447207623720169,
        2.4188511192798616,
        2.3928144454956057,
        2.371634954214096,
        2.355124151706695,
        2.3356467366218565,
        2.3226201295852658,
        2.310379463434219,
        2.2967723429203026,
        2.2889384508132937,
        2.2786223948001862,
        2.2679140329360967,
        2.260341668128967,
        2.2533519387245176,
        2.2473170697689056,
        2.2404658794403076,
        2.235902643203735,
        2.2268358111381525,
        2.2211112320423125,
        2.217180567979813,
        2.213728070259094,
        2.207408481836319,
        2.203732645511627,
        2.1989951848983766,
        2.1947395980358126,
        2.192060965299606,
        2.18665235042572,
        2.1824730038642888,
        2.1806516051292415,
        2.1762892842292785,
        2.1725210726261137,
        2.171610927581787,
        2.164638441801072
    ],
    "train_accs": [
        0.0996260683760682,
        0.09944800569800552,
        0.09926994301994273,
        0.0974002849002847,
        0.10227475071225058,
        0.10418892450142439,
        0.10706018518518493,
        0.11195690883190872,
        0.11513977920227893,
        0.12319711538461513,
        0.13051994301994285,
        0.13252314814814792,
        0.14015758547008533,
        0.14474269943019918,
        0.14834846866096846,
        0.1516871438746436,
        0.15415776353276334,
        0.15976673789173768,
        0.15918803418803382,
        0.1587873931623929,
        0.16777955840455813,
        0.16993856837606805,
        0.17410078347578312,
        0.17347756410256387,
        0.1771501068376066,
        0.17721688034188013,
        0.18124554843304827,
        0.18522970085470056,
        0.1842948717948714,
        0.18707710113960094,
        0.18863514957264924,
        0.1882122507122505,
        0.19488960113960072,
        0.1957576566951564,
        0.19629184472934422,
        0.2017450142450139,
        0.20092147435897412,
        0.19954148860398851,
        0.20267984330484298,
        0.20405982905982856
    ],
    "valid_accs": [
        0.1052734375,
        0.103515625,
        0.10449218750000001,
        0.10214843750000004,
        0.10429687500000002,
        0.11093750000000002,
        0.11464843750000002,
        0.12226562499999999,
        0.12890625,
        0.1369140625,
        0.13730468749999997,
        0.14238281249999998,
        0.14863281250000002,
        0.15468749999999998,
        0.1564453125,
        0.15839843750000002,
        0.16132812500000004,
        0.16660156250000002,
        0.16757812499999997,
        0.1716796875,
        0.1703125,
        0.17460937499999998,
        0.17578124999999994,
        0.17714843749999995,
        0.178125,
        0.1833984375,
        0.1845703125,
        0.18496093749999992,
        0.18828124999999998,
        0.19082031249999998,
        0.19335937500000003,
        0.19570312499999998,
        0.19765625,
        0.196875,
        0.20195312499999998,
        0.203125,
        0.20117187500000003,
        0.2068359375,
        0.20742187499999998,
        0.21171875
    ],
    "test_loss": 2.1657687893396695,
    "test_acc": 0.20490506329113922,
    "gradient_flows": [
        {
            "hidden_layers": [
                0.021134372800588608,
                0.009511802112683654,
                0.0035492602037265897,
                0.001629735343158245,
                0.0008164960891008377
            ],
            "output_layer": 0.06292162090539932
        },
        {
            "hidden_layers": [
                0.019532905891537666,
                0.008855660329572856,
                0.003549226268660277,
                0.0016302311269100755,
                0.0008281939517473802
            ],
            "output_layer": 0.05233267694711685
        },
        {
            "hidden_layers": [
                0.01658468507230282,
                0.009013784117996693,
                0.0035309254890307784,
                0.0016422698681708425,
                0.0008297438762383536
            ],
            "output_layer": 0.0691331997513771
        },
        {
            "hidden_layers": [
                0.016326045617461205,
                0.009170317789539695,
                0.003496802586596459,
                0.0016094279126264155,
                0.0007661013805773109
            ],
            "output_layer": 0.04386914148926735
        },
        {
            "hidden_layers": [
                0.018299749121069908,
                0.009078880655579269,
                0.0034548676921986043,
                0.0016021259070839733,
                0.0007876064773881808
            ],
            "output_layer": 0.03666580840945244
        },
        {
            "hidden_layers": [
                0.019289055839180946,
                0.008477586903609335,
                0.0034322202554903924,
                0.0015934678667690605,
                0.0008266727818408981
            ],
            "output_layer": 0.03338273987174034
        },
        {
            "hidden_layers": [
                0.01826692372560501,
                0.00896281807217747,
                0.0034319243859499693,
                0.001581754069775343,
                0.0007793769182171673
            ],
            "output_layer": 0.032428402453660965
        },
        {
            "hidden_layers": [
                0.017710529267787933,
                0.008638625498861074,
                0.0034076565643772483,
                0.0015695159381721169,
                0.0007833045820007101
            ],
            "output_layer": 0.035906221717596054
        },
        {
            "hidden_layers": [
                0.020370423793792725,
                0.008706468972377479,
                0.0034129295381717384,
                0.0015665869286749512,
                0.0007524943794123828
            ],
            "output_layer": 0.03160523995757103
        },
        {
            "hidden_layers": [
                0.02043713442981243,
                0.00865079287905246,
                0.0034075008588843048,
                0.001578793948283419,
                0.0007749782671453431
            ],
            "output_layer": 0.03559289500117302
        },
        {
            "hidden_layers": [
                0.019446419551968575,
                0.009297743788920343,
                0.003435662540141493,
                0.0015812725469004363,
                0.0007705644966335967
            ],