{
    "train_losses": [
        1.5081678567788537,
        1.1424593400751417,
        0.9886453374158963,
        0.9010708642821033,
        0.8282564739216431,
        0.7644837055450834,
        0.707502412150728,
        0.6612878664266694,
        0.6121691967177598,
        0.5703325747085093,
        0.5245722413402679,
        0.47885353434459443,
        0.43690816523172893,
        0.3974583601510083,
        0.3620676648752642,
        0.32268698004066454,
        0.29050148802774906,
        0.26108070484168877,
        0.23746422831064626,
        0.21139317050448853,
        0.20043961446933936,
        0.18345036211176832,
        0.1679996298546466,
        0.15015857131817406,
        0.1563603263613676,
        0.13849456067013952,
        0.13160678405749837,
        0.12683528077992964,
        0.1197628156942689,
        0.11249459515779438,
        0.10989920003737651,
        0.10728350357600933,
        0.10140477836216966,
        0.10040750186306628,
        0.09542660712877403,
        0.09196378527331206,
        0.09254853902888778,
        0.08295691371006499,
        0.08416176126192608,
        0.08966337806118008
    ],
    "valid_losses": [
        1.2295220792293544,
        1.0117484599351882,
        0.9041657105088232,
        0.8374156251549721,
        0.7922459036111831,
        0.6733416371047496,
        0.670895065367222,
        0.6048099748790265,
        0.5557936534285546,
        0.4994966693222522,
        0.4644049540162087,
        0.42255121618509284,
        0.35802561044693,
        0.35607113353908065,
        0.3147748738527297,
        0.29455941058695323,
        0.25040868651121856,
        0.26305021643638615,
        0.21736657966393977,
        0.20162759069353342,
        0.22178656198084354,
        0.25443946905434134,
        0.20048473608912895,
        0.20064987626392397,
        0.18597053346456965,
        0.20468651186674833,
        0.22058074083179235,
        0.17036848925054068,
        0.18201566701754926,
        0.1933855759445578,
        0.16444965358823538,
        0.1510670619085431,
        0.16610594112426041,
        0.1469065109035,
        0.18351713307201864,
        0.16211102735251184,
        0.1513430022634566,
        0.154455336695537,
        0.17438846270088107,
        0.1703666862449609
    ],
    "train_accs": [
        0.45555110398860404,
        0.5925925925925919,
        0.6515535968660972,
        0.6786191239316234,
        0.7085559116809114,
        0.7303685897435892,
        0.7509348290598288,
        0.7656027421652418,
        0.782808048433048,
        0.7979878917378903,
        0.8122774216524203,
        0.8308181980056961,
        0.8447293447293439,
        0.8579059829059825,
        0.8706597222222221,
        0.8846153846153856,
        0.8961226851851858,
        0.9063167735042736,
        0.9168002136752126,
        0.9251469017094008,
        0.9288417022792005,
        0.9340055199430193,
        0.9401041666666659,
        0.9475382834757841,
        0.9447337962962965,
        0.9513443732193742,
        0.9544382122507137,
        0.9555288461538474,
        0.9575988247863271,
        0.9606258903133934,
        0.9618055555555585,
        0.963296830484333,
        0.9647658475783509,
        0.965589387464391,
        0.9676371082621128,
        0.967481303418807,
        0.9672587250712292,
        0.9704193376068417,
        0.970374821937326,
        0.9691283831908872
    ],
    "valid_accs": [
        0.5548828124999998,
        0.6408203124999999,
        0.6826171874999999,
        0.70625,
        0.721484375,
        0.7648437499999996,
        0.76875,
        0.7974609375000002,
        0.8130859374999999,
        0.8287109375000001,
        0.8357421875000001,
        0.8546875,
        0.8792968749999998,
        0.8791015625000002,
        0.8966796875,
        0.9005859375000002,
        0.9205078124999998,
        0.9119140625,
        0.9310546875000003,
        0.9361328125,
        0.9318359375,
        0.9183593750000001,
        0.9417968750000002,
        0.9390625000000004,
        0.9460937500000002,
        0.9429687499999998,
        0.933984375,
        0.9496093750000001,
        0.9498046874999999,
        0.9455078124999999,
        0.9546875,
        0.9628906249999998,
        0.9513671875,
        0.958984375,
        0.9507812499999998,
        0.955859375,
        0.9597656250000003,
        0.9603515625000001,
        0.9521484374999999,
        0.95390625
    ],
    "test_loss": 1.2374195343331444,
    "test_acc": 0.738429588607595,
    "gradient_flows": [
        {
            "hidden_layers": [
                0.0015167058445513248,
                0.002011638309340924,
                0.0009945750862243585,
                0.0010383409462519921,
                0.0008261502298410051
            ],
            "output_layer": 0.005756365600973368
        },
        {
            "hidden_layers": [
                0.0026906561106443405,
                0.0026464773545740172,
                0.001293455447012093,
                0.0010564537078607827,
                0.0010296365435351618
            ],
            "output_layer": 0.008346667513251305
        },
        {
            "hidden_layers": [
                0.0025354656390845776,
                0.0024176621082006022,
                0.0010324195900466293,
                0.0008767382532823831,
                0.000591727344726678
            ],
            "output_layer": 0.006670679431408644
        },
        {
            "hidden_layers": [
                0.0031404769979417324,
                0.0020012833265354857,
                0.001040244780597277,
                0.0008297949098050594,
                0.0005987289187032729
            ],
            "output_layer": 0.006805512588471174
        },
        {
            "hidden_layers": [
                0.0024140533059835434,
                0.001965686235052999,
                0.0010426121589262038,
                0.0008754610316827893,
                0.0006090585593483411
            ],
            "output_layer": 0.006947970483452082
        },
        {
            "hidden_layers": [
                0.0026499636005610228,
                0.0018611959458212368,
                0.0009844931337283924,
                0.0008249665625044145,
                0.000547448500583414
            ],
            "output_layer": 0.006906799506396055
        },
        {
            "hidden_layers": [
                0.002793333027511835,
                0.002240115594759118,
                0.001165223824500572,
                0.0009144244904746301,
                0.0007269581910804845
            ],
            "output_layer": 0.007494018413126469
        },
        {
            "hidden_layers": [
                0.0029936458449810743,
                0.0021266479161567986,
                0.001170469869975932,
                0.0010264486700179987,
                0.0005979754860163666
            ],
            "output_layer": 0.007162767928093672
        },
        {
            "hidden_layers": [
                0.0026769861578941345,
                0.0019153932880726643,
                0.0010341266461182386,
                0.0009428141347598284,
                0.0006277214888541494
            ],
            "output_layer": 0.007630250882357359
        },
        {
            "hidden_layers": [
                0.0022408757358789444,
                0.0017420683871023357,
                0.0012091410826542415,
                0.0009304031991632655,
                0.0005367312078305986
            ],
            "output_layer": 0.0061347596347332
        },
        {
            "hidden_layers": [
                0.0030193906277418137,
                0.0023325887304963544,
                0.0012988502130610868,
                0.0010884088842431083,
                0.0007392649713438004
            ],