{
    "train_losses": [
        1.5081678605147584,
        1.1424593478865765,
        0.9886453459065857,
        0.901070872772793,
        0.8282564661102078,
        0.7644836634312598,
        0.7075024174998629,
        0.6612878296619807,
        0.6121692035103113,
        0.5703324789335246,
        0.5245722871899949,
        0.4788534906175399,
        0.4369079354312008,
        0.39745846216665076,
        0.3620680431355098
    ],
    "valid_losses": [
        1.2295220971107486,
        1.01174845546484,
        0.9041659876704216,
        0.837415511906147,
        0.7922457814216615,
        0.6733417928218842,
        0.6708950400352477,
        0.6048101276159285,
        0.5557931989431383,
        0.4994960002601146,
        0.4644051626324654,
        0.4225503921508788,
        0.35802513808012004,
        0.35607162117958074,
        0.31477748714387416
    ],
    "train_accs": [
        0.45555110398860404,
        0.5925925925925919,
        0.6515535968660972,
        0.6786191239316234,
        0.7085559116809114,
        0.7303685897435892,
        0.7509348290598288,
        0.7656027421652418,
        0.782808048433048,
        0.7979878917378903,
        0.8122774216524203,
        0.8308181980056961,
        0.8447293447293439,
        0.8579059829059825,
        0.8706597222222221
    ],
    "valid_accs": [
        0.5548828124999998,
        0.6408203124999999,
        0.6826171874999999,
        0.70625,
        0.721484375,
        0.7648437499999996,
        0.76875,
        0.7974609375000002,
        0.8130859374999999,
        0.8287109375000001,
        0.8357421875000001,
        0.8546875,
        0.8792968749999998,
        0.8791015625000002,
        0.8966796875
    ],
    "test_loss": 0.8140781491617611,
    "test_acc": 0.7498022151898734
}