{
    "train_losses": [
        1.590567633636996,
        1.2227208459818801,
        1.067386482176278,
        0.9666668373635015,
        0.8902158090192032,
        0.8265206944568878,
        0.7667353008887023,
        0.7205039622776876,
        0.6772086625425221,
        0.6341184799657589,
        0.5930593255748096,
        0.5570060379824407,
        0.5190528714419093,
        0.48049131299016096,
        0.43761782921277526,
        0.40160926658543433,
        0.37330131203021066,
        0.33513027663074674,
        0.30597744712292974,
        0.277539628565821,
        0.2515458431933342,
        0.23542885059899404,
        0.2134746339203965,
        0.19625203910037003,
        0.18448277354834772,
        0.1661594991288294,
        0.16134946854875293,
        0.14513613300615566,
        0.14441716196572676,
        0.13187167694808072
    ],
    "valid_losses": [
        1.3177851349115368,
        1.1008550211787225,
        0.9986700028181076,
        0.8782955363392829,
        0.8842997819185257,
        0.8059066087007521,
        0.7303753182291983,
        0.669857534766197,
        0.6371884644031528,
        0.5940840758383275,
        0.5329318813979627,
        0.4984234020113946,
        0.4734353862702846,
        0.42904475629329697,
        0.3808075800538064,
        0.36604265347123144,
        0.31134836338460437,
        0.3309168234467506,
        0.3013644855469465,
        0.2770729459822178,
        0.23339755497872824,
        0.23192176837474104,
        0.18713275678455826,
        0.21296043302863835,
        0.17839656323194503,
        0.19391273073852056,
        0.1800777962896973,
        0.17159348744899033,
        0.16142217162996528,
        0.1786712655797601
    ],
    "train_accs": [
        0.4206508190883191,
        0.5614761396011396,
        0.6197471509971508,
        0.6561832264957266,
        0.6860532407407403,
        0.7081330128205128,
        0.7293669871794868,
        0.7461716524216518,
        0.7594373219373214,
        0.7759526353276346,
        0.7892628205128197,
        0.8013488247863242,
        0.8158386752136744,
        0.8295940170940163,
        0.844506766381766,
        0.8552573005698,
        0.8674991096866097,
        0.880386396011396,
        0.890157585470086,
        0.9011084401709398,
        0.9102564102564094,
        0.9156428062678056,
        0.9232327279202256,
        0.931468126780626,
        0.9352964743589729,
        0.9403267450142438,
        0.942663817663817,
        0.9483618233618235,
        0.9486511752136757,
        0.9535033831908847
    ],
    "valid_accs": [
        0.522265625,
        0.6099609375000001,
        0.6494140625,
        0.6904296874999999,
        0.691796875,
        0.7195312500000001,
        0.7455078124999999,
        0.7714843750000002,
        0.7787109375,
        0.793359375,
        0.8173828125,
        0.8306640624999999,
        0.8328124999999998,
        0.8439453124999999,
        0.86484375,
        0.869140625,
        0.8884765625000001,
        0.8888671874999999,
        0.8951171875000001,
        0.9050781250000003,
        0.9277343750000001,
        0.9257812500000001,
        0.9408203125,
        0.9267578125000001,
        0.9476562500000001,
        0.9400390624999999,
        0.945703125,
        0.9511718750000001,
        0.9537109375000001,
        0.9441406250000001
    ],
    "test_loss": 0.9896614181844499,
    "test_acc": 0.7591969936708861,
    "gradient_flows": [
        {
            "hidden_layers": [
                0.002243208698928356,
                0.0016352368984371424,
                0.0007183681191236246,
                0.0005644005614158232,
                0.0004761614873132203
            ],
            "output_layer": 0.00590326776728034
        },
        {
            "hidden_layers": [
                0.0029972861520946026,
                0.0026917712384602055,
                0.001215656811837107,
                0.0007968998615979217,
                0.0005510854316526093
            ],
            "output_layer": 0.009844628162682056
        },
        {
            "hidden_layers": [
                0.002460569143295288,
                0.002026664609729778,
                0.0008568027260480449,
                0.0004572177494992502,
                0.0003423021662456449
            ],
            "output_layer": 0.007420441601425409
        },
        {
            "hidden_layers": [
                0.003156058955937624,
                0.0021549612501985393,
                0.0009694397886050865,
                0.0004608719318639487,
                0.0003376459098944906
            ],
            "output_layer": 0.006953512318432331
        },
        {
            "hidden_layers": [
                0.0029762741178274155,
                0.0019404657796258107,
                0.0007424243558489252,
                0.00047129036829574034,
                0.00033211610571015626
            ],
            "output_layer": 0.00759933004155755
        },
        {
            "hidden_layers": [
                0.00370008940808475,
                0.0019209777965443209,
                0.0007845524814911187,
                0.0005158482763363281,
                0.0004172354638285469
            ],
            "output_layer": 0.0069536785595119
        },
        {
            "hidden_layers": [
                0.004622038919478655,
                0.002109254986862652,
                0.0009249559007002972,
                0.0005777219957963098,
                0.00041549560955900233
            ],
            "output_layer": 0.008220713585615158
        },
        {
            "hidden_layers": [
                0.0033444564323872328,
                0.001942165159562137,
                0.0008860284797265194,
                0.0005423408147180453,
                0.0003912874290108448
            ],
            "output_layer": 0.006913580000400543
        },
        {
            "hidden_layers": [
                0.0035292699467390776,
                0.0022053659704397433,
                0.000976442541286815,
                0.0007157560794439632,
                0.0005953707404842135
            ],
            "output_layer": 0.008079582825303078
        },
        {
            "hidden_layers": [
                0.003054281696677208,
                0.0019784557152888738,
                0.0009230053328792565,
                0.0006396416101779323,
                0.0005102673385408707
            ],
            "output_layer": 0.007422975730150938
        },
        {
            "hidden_layers": [
                0.0022066428791731596,
                0.0019169391962350346,
                0.0009240823856089264,
                0.0006017069390509278,
                0.0003417242260184139
            ],
            "output_layer": 0.006078395526856184
        },
        {
            "hidden_layers": [
                0.004208914935588837,
                0.002039668193901889,
                0.0010251175990561023,
                0.0006415927491616458,
                0.0003417108364374144
            ],
            "output_layer": 0.008346263319253922
        },
        {
            "hidden_layers": [
                0.004262564703822136,
                0.0020341013005236164,
                0.0010930889111477882,
                0.0006491232488770038,
                0.000402969351853244
            ],
            "output_layer": 0.00786507036536932
        },
        {
            "hidden_layers": [
                0.0024891176726669073,
                0.0014902598995831795,
                0.0007818573212716728,
                0.0004874006044701673,
                0.00027548710932023823
            ],