{
    "train_losses": [
        1.984342019782107,
        1.5740717099263113,
        1.452679549866592,
        1.3711192315799905,
        1.3102372643614777,
        1.2629283975671841,
        1.2178304472200554,
        1.1754544095436057,
        1.1387310615631923,
        1.1098614166944465,
        1.074228691239642,
        1.047664686315758,
        1.0189704305765648,
        0.9963069211723458,
        0.9726606744986316,
        0.9452328737984359,
        0.9261292360107445,
        0.9067482034704968,
        0.8832505122888461,
        0.8671026875150843,
        0.8488894913271281,
        0.8278328869757147,
        0.8113979529111812,
        0.7936635732311128,
        0.7791349105006273,
        0.7615825586509158,
        0.7472384210325719,
        0.7330964333311454,
        0.7167483243847161,
        0.7078907048260724,
        0.6895690183354242,
        0.6767286887535686,
        0.6631683155342383,
        0.6514161212152231,
        0.6382886924465161,
        0.6255043295883388,
        0.6118959140064375,
        0.6018437105536123,
        0.5886638993211623,
        0.5739324717779781
    ],
    "valid_losses": [
        1.670677962899208,
        1.4889548063278195,
        1.4161259084939957,
        1.3438920170068742,
        1.2801627635955812,
        1.2342214435338972,
        1.1620987743139268,
        1.1427147179841994,
        1.0971652597188948,
        1.0766108721494674,
        1.0287506222724916,
        1.0032297894358635,
        0.9632587894797326,
        0.9442847952246667,
        0.9409039855003358,
        0.8960558161139488,
        0.8795457318425179,
        0.8499865502119064,
        0.8351411804556848,
        0.8209232449531556,
        0.7921751439571381,
        0.7878505945205689,
        0.7675257176160812,
        0.7483914874494079,
        0.7172759331762794,
        0.7011236160993576,
        0.6936799488961697,
        0.6697114266455173,
        0.6579308040440083,
        0.6336806766688824,
        0.6238769665360452,
        0.6084684781730176,
        0.5873968109488488,
        0.579658602923155,
        0.5655499998480082,
        0.5699355553835631,
        0.5688440687954425,
        0.5312410231679677,
        0.5271013196557761,
        0.5109888583421708
    ],
    "train_accs": [
        0.29553952991452925,
        0.4263043091168088,
        0.4716657763532765,
        0.5048299501424504,
        0.528400997150998,
        0.5462962962962963,
        0.5640135327635329,
        0.5802617521367525,
        0.5913906695156695,
        0.6039218304843302,
        0.6179442663817659,
        0.6294070512820508,
        0.6377537393162394,
        0.6448985042735043,
        0.6546474358974349,
        0.6647524928774924,
        0.6701611467236457,
        0.6790420227920221,
        0.6889690170940171,
        0.6957131410256411,
        0.702435007122507,
        0.70897881054131,
        0.7163906695156692,
        0.7222889957264952,
        0.7247150997150992,
        0.7339521011396012,
        0.7391381766381753,
        0.7441907051282046,
        0.7509125712250707,
        0.752737713675213,
        0.7599715099715091,
        0.7638888888888884,
        0.76778400997151,
        0.7731036324786326,
        0.7765535968660966,
        0.7820512820512817,
        0.7886618589743585,
        0.7895966880341866,
        0.7956508190883188,
        0.8027288105413093
    ],
    "valid_accs": [
        0.39550781250000006,
        0.4589843749999998,
        0.48574218750000003,
        0.5179687499999999,
        0.5375000000000001,
        0.5546874999999999,
        0.57734375,
        0.5953124999999999,
        0.6162109374999999,
        0.6205078125,
        0.6441406249999998,
        0.6521484375,
        0.6685546874999998,
        0.6728515625000002,
        0.6697265625,
        0.6845703125,
        0.6910156250000001,
        0.7005859374999999,
        0.7054687499999999,
        0.7130859374999998,
        0.7220703125000001,
        0.7248046875,
        0.7373046875000001,
        0.7390624999999998,
        0.7568359374999999,
        0.7597656249999999,
        0.7626953125,
        0.7746093749999999,
        0.776171875,
        0.78515625,
        0.792578125,
        0.7894531249999999,
        0.8041015624999999,
        0.8083984374999997,
        0.8146484374999998,
        0.8019531250000002,
        0.8048828124999998,
        0.8232421875000001,
        0.8218749999999999,
        0.8310546875000001
    ],
    "test_loss": 0.8589590659624411,
    "test_acc": 0.7065862341772152,
    "gradient_flows": [
        {
            "hidden_layers": [
                0.015157188288867474,
                0.007449569413438439,
                0.00297647895058617,
                0.0013510483840946108,
                0.0006458595744334161
            ],
            "output_layer": 0.014324354939162731
        },
        {
            "hidden_layers": [
                0.017728960141539574,
                0.008303905837237835,
                0.003297262010164559,
                0.0014704427740070969,
                0.0006870612851344049
            ],
            "output_layer": 0.009703601710498333
        },
        {
            "hidden_layers": [
                0.016689153388142586,
                0.007937717367894948,
                0.0032100023818202317,
                0.001475911820307374,
                0.0006600886990781873
            ],
            "output_layer": 0.021708598360419273
        },
        {
            "hidden_layers": [
                0.017510399222373962,
                0.008131054579280317,
                0.00328590942081064,
                0.001466154179070145,
                0.0006635217869188637
            ],
            "output_layer": 0.013852146454155445
        },
        {
            "hidden_layers": [
                0.02046867273747921,
                0.008345994050614536,
                0.003326600417494774,
                0.001498508034273982,
                0.0006627452239627019
            ],
            "output_layer": 0.015551762655377388
        },
        {
            "hidden_layers": [
                0.017597515136003494,
                0.009344177669845521,
                0.003933201660402119,
                0.001769328722730279,
                0.0007779112929711118
            ],
            "output_layer": 0.020606590434908867
        },
        {
            "hidden_layers": [
                0.016000457108020782,
                0.007873457972891629,
                0.0031710683833807707,
                0.0014485723513644189,
                0.0006125295622041449
            ],
            "output_layer": 0.013962297700345516
        },
        {
            "hidden_layers": [
                0.01466536894440651,
                0.008594175451435149,
                0.0035741046303883195,
                0.0016815417038742453,
                0.0007164023991208524
            ],
            "output_layer": 0.01689271628856659
        },
        {
            "hidden_layers": [
                0.015941888093948364,
                0.008793479297310114,
                0.0035103156697005033,
                0.0016127876297105104,
                0.0006856316176708788
            ],
            "output_layer": 0.009610192850232124
        },
        {
            "hidden_layers": [
                0.01671999879181385,
                0.008665331872180104,
                0.0035175058874301612,
                0.0016617309011053294,
                0.0007464212249033153
            ],
            "output_layer": 0.012906578369438648
        },
        {
            "hidden_layers": [
                0.018867863342165947,
                0.008906921255402267,
                0.003409183758776635,
                0.001566638529766351,
                0.0006655401448369958
            ],