{
    "train_losses": [
        1.98426859874671,
        1.573406384541438,
        1.4524551837192978,
        1.3714896824285174,
        1.311146816297134,
        1.2628576371744478,
        1.2180993748865916,
        1.1772716334063111,
        1.1386699605191877,
        1.1105673411632866,
        1.074817340598147,
        1.048381688588026,
        1.0191530809443223,
        0.9966905071185179,
        0.9727725459639502
    ],
    "valid_losses": [
        1.6691737830638889,
        1.4875575989484786,
        1.4185066610574724,
        1.3462735950946807,
        1.2799318939447402,
        1.2381513744592672,
        1.1630786985158916,
        1.1443249434232714,
        1.0974325954914095,
        1.079133315384388,
        1.0327120855450629,
        1.0046103432774542,
        0.9644300401210786,
        0.9466589465737341,
        0.946050837635994
    ],
    "train_accs": [
        0.29549501424501384,
        0.42652688746438755,
        0.4717548076923081,
        0.5038728632478634,
        0.5268429487179488,
        0.5480991809116806,
        0.5636574074074077,
        0.5799056267806267,
        0.5920361467236466,
        0.6033653846153845,
        0.6188123219373219,
        0.6301415598290598,
        0.6373976139601141,
        0.646612357549857,
        0.6538461538461537
    ],
    "valid_accs": [
        0.39746093750000006,
        0.46113281249999993,
        0.4832031249999999,
        0.5181640624999999,
        0.539453125,
        0.5501953125,
        0.5759765625,
        0.5925781250000001,
        0.6158203125,
        0.6216796874999999,
        0.6408203124999999,
        0.6480468750000002,
        0.6644531250000001,
        0.6757812499999998,
        0.6673828124999999
    ],
    "test_loss": 1.0855627746521674,
    "test_acc": 0.6135284810126582
}