{
    "train_losses": [
        1.3426843839153604,
        0.8406721516552133,
        0.6630833121786092,
        0.5536424169513235,
        0.48430019022732385,
        0.4369935229463114,
        0.38306462136428915,
        0.3550178475699198,
        0.32059704174852777,
        0.29232409808710424,
        0.2714691138335441,
        0.24286729848792427,
        0.22887664237338257,
        0.2054627314209938,
        0.19084421802110488,
        0.1765621209628561,
        0.1630912103034833,
        0.1481742325352977,
        0.13714349965042194,
        0.132383233403251,
        0.125126180676823,
        0.1112912110347523,
        0.10444998249485885,
        0.0980218963649792,
        0.09408166413155626,
        0.09002830180209502,
        0.08100925681003483,
        0.07698012110206733,
        0.07412954063772996,
        0.07287549240212156,
        0.06995332508780419,
        0.06722820719884459,
        0.06182811376333569,
        0.06183436199322213,
        0.06125026811551079,
        0.05403559946553235,
        0.05117741761400108,
        0.05576280521844485,
        0.05351167705515002,
        0.0443452573275231
    ],
    "valid_losses": [
        1.2740831032395366,
        0.7510425746440887,
        0.6054314978420735,
        0.43078661039471616,
        0.6892926253378389,
        0.5784126080572605,
        0.36430817693471895,
        0.35154980532824986,
        0.3596626229584217,
        0.26021786592900753,
        0.21033497117459773,
        0.2627626150846481,
        0.2215202605351806,
        0.22100725965574378,
        0.18163167675957087,
        0.12709084895905107,
        0.1769124610349536,
        0.11006328933872278,
        0.1055642458144575,
        0.11884176526218651,
        0.10202197646722196,
        0.10558290267363192,
        0.17050499208271505,
        0.11509021967649459,
        0.09532034145668149,
        0.10364703563973303,
        0.08933750183787195,
        0.08295755933504552,
        0.07073706573573872,
        0.08824646197026594,
        0.07037249846544,
        0.10791177269129548,
        0.0808573375456035,
        0.08154821404023097,
        0.08714671470224858,
        0.07527471582870932,
        0.08316383188939654,
        0.0802786835738516,
        0.07087501543574036,
        0.07267082805046811
    ],
    "train_accs": [
        0.521478810541311,
        0.7038372507122503,
        0.7685852920227917,
        0.8072026353276347,
        0.8322649572649563,
        0.8486912393162391,
        0.8668981481481479,
        0.8762019230769231,
        0.8884882478632478,
        0.898927172364672,
        0.9060719373219364,
        0.9155537749287744,
        0.9196937321937306,
        0.9282852564102555,
        0.9332487535612523,
        0.9379451566951564,
        0.944021545584045,
        0.9483395655270659,
        0.9523237179487193,
        0.9532140313390322,
        0.9564859330484352,
        0.9610265313390348,
        0.9629407051282082,
        0.9655448717948752,
        0.966791310541315,
        0.9685274216524263,
        0.9713319088319133,
        0.9724002849002896,
        0.9747150997151053,
        0.9748041310541361,
        0.9759615384615437,
        0.9768741096866141,
        0.9783653846153899,
        0.9782318376068428,
        0.9788550569800617,
        0.981436965811971,
        0.9826834045584099,
        0.9805911680911732,
        0.9813701923076976,
        0.9847311253561304
    ],
    "valid_accs": [
        0.5974609375000001,
        0.730078125,
        0.7968749999999999,
        0.8587890624999999,
        0.7822265625000001,
        0.8044921875,
        0.8761718750000002,
        0.8765624999999999,
        0.8757812499999998,
        0.912890625,
        0.9279296875,
        0.9119140625,
        0.9263671875000001,
        0.9267578125000001,
        0.9392578124999998,
        0.9595703125,
        0.9365234375,
        0.9648437500000001,
        0.9652343750000001,
        0.9605468750000001,
        0.9693359375,
        0.9687500000000001,
        0.9404296874999999,
        0.9605468749999998,
        0.969140625,
        0.9642578125000001,
        0.9720703125000001,
        0.9744140625000003,
        0.9798828124999998,
        0.9755859375,
        0.9810546875000001,
        0.9671875000000001,
        0.9781249999999997,
        0.9769531249999999,
        0.9736328125000001,
        0.9798828125,
        0.9773437500000004,
        0.9765625,
        0.9775390625,
        0.9800781249999999
    ],
    "test_loss": 0.4731255884789213,
    "test_acc": 0.8903283227848099,
    "gradient_flows": [
        {
            "hidden_layers": [
                0.00896377768367529,
                0.0017928391753230244,
                0.0006441054429160431,
                0.00026364986115368083,
                7.431176345562562e-05
            ],
            "output_layer": 0.01606489159166813
        },
        {
            "hidden_layers": [
                0.00875052623450756,
                0.0013171937607694417,
                0.0005472962802741677,
                0.0002287320494360756,
                6.333147030090913e-05
            ],
            "output_layer": 0.01221378706395626
        },
        {
            "hidden_layers": [
                0.005755493883043528,
                0.0009824921435210854,
                0.0004357936486485414,
                0.0001805774591048248,
                4.802328021469293e-05
            ],
            "output_layer": 0.012761506251990795
        },
        {
            "hidden_layers": [
                0.006636967416852713,
                0.0008580864960094914,
                0.0004030090931337327,
                0.00016111053992062807,
                4.144365902902791e-05
            ],
            "output_layer": 0.009514587000012398
        },
        {
            "hidden_layers": [
                0.008010705932974815,
                0.000910860748263076,
                0.00039590299275005236,
                0.0001648599536565598,
                4.368518330011284e-05
            ],
            "output_layer": 0.011439288966357708
        },
        {
            "hidden_layers": [
                0.00978961493819952,
                0.000907593421288766,
                0.0004183619312243536,
                0.00017523617498227395,
                4.658299849324976e-05
            ],
            "output_layer": 0.013169273734092712
        },
        {
            "hidden_layers": [
                0.009527628310024738,
                0.0007761882443446666,
                0.00034427872742526233,
                0.00014680902677355334,
                3.784818500207621e-05
            ],
            "output_layer": 0.00875758659094572
        },
        {
            "hidden_layers": [
                0.008403894491493702,
                0.0009139729663729668,
                0.00039655688306083903,
                0.00017407834820915014,
                4.665459618991008e-05
            ],
            "output_layer": 0.011011205613613129
        },
        {
            "hidden_layers": [
                0.0063365912064909935,
                0.0007995528576429933,
                0.00037552275898633525,
                0.0001547479369037319,
                3.92052836559742e-05
            ],
            "output_layer": 0.006370869465172291
        },
        {
            "hidden_layers": [
                0.00820122193545103,
                0.0008216869609896094,
                0.0003896278503816575,
                0.00016615419735899195,
                4.140260216445313e-05
            ],
            "output_layer": 0.005813393276184797
        },
        {
            "hidden_layers": [
                0.0053941309452056885,
                0.0006330057221930474,
                0.00029007882403675467,
                0.00013666727681993507,
                3.393012548258412e-05
            ],