{
    "train_losses": [
        1.3374379557422098,
        0.8351457042571829,
        0.6584807555390213,
        0.5529540722866004,
        0.4822882949626683,
        0.4366605456738051,
        0.38612899090829406,
        0.3515914971502419,
        0.32345110152521717,
        0.29550450524458516,
        0.2690710027800324,
        0.24455945641651458,
        0.2253611454384619,
        0.20886242884261658,
        0.18740558596672846
    ],
    "valid_losses": [
        1.0488037958741185,
        0.7731753766536715,
        0.5827209457755087,
        0.5369365341961384,
        0.5552468560636044,
        0.43101659566164013,
        0.3788578938692809,
        0.3264141347259283,
        0.32663515768945217,
        0.23161558955907827,
        0.25947453826665867,
        0.21742943301796913,
        0.26582651212811464,
        0.24299909137189393,
        0.18082450558431445
    ],
    "train_accs": [
        0.5209891381766382,
        0.7065972222222225,
        0.771523326210826,
        0.8068019943019927,
        0.8342459045584026,
        0.8489805911680911,
        0.8667423433048436,
        0.8785389957264972,
        0.8866853632478637,
        0.8970352564102563,
        0.90613871082621,
        0.913728632478631,
        0.9212072649572633,
        0.9263710826210816,
        0.9336493945868937
    ],
    "valid_accs": [
        0.6275390624999999,
        0.7302734375000002,
        0.8085937499999999,
        0.8142578124999998,
        0.8175781249999999,
        0.85390625,
        0.8720703124999999,
        0.8841796875,
        0.8906249999999999,
        0.9195312500000001,
        0.9121093749999999,
        0.9251953125000002,
        0.9164062499999999,
        0.9150390625000001,
        0.938671875
    ],
    "test_loss": 0.43215962829469134,
    "test_acc": 0.8703520569620251
}