{
    "train_losses": [
        1.4904677749019744,
        1.1404785279534817,
        0.9479896833753996,
        0.8218348982327345,
        0.7304480935094023,
        0.6531604637107954,
        0.5908987536559416,
        0.5387555052582016,
        0.48853226095183294,
        0.44959687847017854,
        0.4057525545358658,
        0.3707247805221811,
        0.3423821261295905,
        0.31334688720370274,
        0.28631064856154276
    ],
    "valid_losses": [
        1.2364019006490707,
        0.9781570523977279,
        0.9308759942650796,
        0.8115409538149834,
        0.7389940053224565,
        0.5391369007527828,
        0.4905646272003651,
        0.4611029557883739,
        0.43298081941902644,
        0.449711735546589,
        0.3271909382194281,
        0.3353276051580906,
        0.2934648364782333,
        0.26462166123092173,
        0.292835483700037
    ],
    "train_accs": [
        0.46138265669515677,
        0.5893429487179485,
        0.6632612179487176,
        0.7110042735042721,
        0.741542022792022,
        0.7730591168091161,
        0.792267628205128,
        0.8113425925925911,
        0.8295272435897427,
        0.8419248575498569,
        0.8591524216524219,
        0.8706374643874645,
        0.8805422008547021,
        0.8910256410256417,
        0.9000178062678068
    ],
    "valid_accs": [
        0.5507812500000001,
        0.6542968749999999,
        0.6802734375000004,
        0.7228515625,
        0.7460937500000001,
        0.8111328124999998,
        0.82890625,
        0.8314453125,
        0.8498046874999999,
        0.8359374999999998,
        0.8876953124999999,
        0.8875,
        0.8998046875000001,
        0.9080078124999996,
        0.8947265624999999
    ],
    "test_loss": 0.6816145615487159,
    "test_acc": 0.7862935126582276
}