{
    "train_losses": [
        1.49054074525154,
        1.1367768052636402,
        0.9536143831717666,
        0.8263367263340199,
        0.7384059872382722,
        0.6617332094075676,
        0.5955423228761065,
        0.5434652491342649,
        0.4945297986693529,
        0.4543086801499045,
        0.4149091879272055,
        0.3740223253044985,
        0.3465095898534496,
        0.31516159068994715,
        0.29005469492188196,
        0.26781443071331396,
        0.2463293806822211,
        0.23061720211791165,
        0.2088866574939159,
        0.19395790198165133,
        0.1808302967976301,
        0.1630900894899314,
        0.15357068440003954,
        0.14699312522370592,
        0.14267244196345674,
        0.13254072387673582,
        0.12561787174552935,
        0.11833222723032666,
        0.11114403080099675,
        0.11016493193550489,
        0.09575725530945506,
        0.1031423496278772,
        0.09726731712661925,
        0.08765077188695937,
        0.08797239688917607,
        0.08738171912071713,
        0.08146346002774703,
        0.07747652140204553,
        0.08067248776512609,
        0.07372197977391912
    ],
    "valid_losses": [
        1.2162538379430772,
        0.9689033582806585,
        0.8836532995104791,
        0.8760970473289489,
        0.7343614161014556,
        0.5842680603265763,
        0.5009016521275043,
        0.4695781879127027,
        0.44554840624332426,
        0.4698444560170174,
        0.3534592363983392,
        0.338156147301197,
        0.2800530076026917,
        0.2896576419472695,
        0.2667707048356533,
        0.22514787521213295,
        0.2633003497496248,
        0.19880851358175275,
        0.17088704267516733,
        0.14808895010501147,
        0.1543842094950378,
        0.20058963634073737,
        0.1439571030437946,
        0.12604752574115993,
        0.12851635057013483,
        0.14413504283875228,
        0.1289006462320685,
        0.12449251394718883,
        0.13654515575617554,
        0.10067738741636273,
        0.12420582287013533,
        0.11394200875656682,
        0.10303847501054404,
        0.09980986090376977,
        0.08707090681418778,
        0.0995260856114328,
        0.0899670660845004,
        0.08972238181158904,
        0.09334456748329102,
        0.08777102162130174
    ],
    "train_accs": [
        0.4632968304843303,
        0.589365206552706,
        0.6607238247863243,
        0.7084668803418798,
        0.7397613960113955,
        0.7688078703703701,
        0.7917556980056975,
        0.8106080840455832,
        0.8272346866096851,
        0.8402777777777772,
        0.8564592236467233,
        0.869123931623932,
        0.8786280270655278,
        0.8905137108262109,
        0.8991497507122499,
        0.9068509615384609,
        0.9141737891737882,
        0.9203614672364662,
        0.9289084757834741,
        0.9326477920227906,
        0.9382345085470076,
        0.9438212250712246,
        0.946714743589744,
        0.949140847578348,
        0.9508547008547018,
        0.9553507834757853,
        0.956619480056982,
        0.9594907407407435,
        0.9612713675213705,
        0.9619391025641056,
        0.9671696937321977,
        0.9642316595441632,
        0.9671029202279248,
        0.9697961182336228,
        0.9693732193732235,
        0.9702857905982951,
        0.9716880341880383,
        0.973201566951572,
        0.9719996438746487,
        0.9749599358974408
    ],
    "valid_accs": [
        0.5640624999999998,
        0.6548828125,
        0.6937500000000002,
        0.7083984375000001,
        0.7443359375,
        0.793359375,
        0.8244140624999999,
        0.8406249999999997,
        0.849609375,
        0.8326171875000001,
        0.8763671875000001,
        0.8839843749999999,
        0.9048828125,
        0.90234375,
        0.9078125000000001,
        0.9234375000000001,
        0.9125,
        0.9361328125,
        0.9457031250000002,
        0.9503906249999998,
        0.9511718750000001,
        0.9318359375,
        0.951953125,
        0.9603515625,
        0.9599609374999999,
        0.9517578124999999,
        0.9572265624999998,
        0.9619140625,
        0.9539062500000001,
        0.9722656250000001,
        0.9599609375,
        0.9648437499999998,
        0.9689453125,
        0.9714843750000002,
        0.9746093750000004,
        0.9666015625,
        0.975390625,
        0.9720703125000001,
        0.9732421874999998,
        0.9722656249999999
    ],
    "test_loss": 0.723169320746313,
    "test_acc": 0.8283227848101264,
    "gradient_flows": [
        {
            "hidden_layers": [
                0.010823583230376244,
                0.006126460037194192,
                0.002637406811118126,
                0.0011526823946041986,
                0.0004602466869982891
            ],
            "output_layer": 0.011592556722462177
        },
        {
            "hidden_layers": [
                0.014583801850676537,
                0.006354820565320551,
                0.0025848575169220567,
                0.0011792694422183558,
                0.0004579733722493984
            ],
            "output_layer": 0.009272318333387375
        },
        {
            "hidden_layers": [
                0.015661893412470818,
                0.005504762986674905,
                0.0023094412172213197,
                0.001070221172994934,
                0.00042285245581297204
            ],
            "output_layer": 0.014647561125457287
        },
        {
            "hidden_layers": [
                0.012840032577514648,
                0.005011667613871396,
                0.002002742694457993,
                0.0009756782092154026,
                0.0003964520656154491
            ],
            "output_layer": 0.01261149998754263
        },
        {
            "hidden_layers": [
                0.01565738022327423,
                0.006432628841139376,
                0.002351535076741129,
                0.001119255437515676,
                0.0004576785722747445
            ],
            "output_layer": 0.015755975618958473
        },
        {
            "hidden_layers": [
                0.017218444496393204,
                0.005415199673734605,
                0.002148416795535013,
                0.0010599129745969549,
                0.00045762668742099777
            ],
            "output_layer": 0.020701851695775986
        },
        {
            "hidden_layers": [
                0.012123703956604004,
                0.004426224448252469,
                0.0018372961203567684,
                0.0009117610170505941,
                0.00038281327215372585
            ],
            "output_layer": 0.010193672962486744
        },
        {
            "hidden_layers": [
                0.013673985376954079,
                0.004844625655096024,
                0.002064827102003619,
                0.0010490410204511136,
                0.0004564700029732194
            ],
            "output_layer": 0.016058102250099182
        },
        {
            "hidden_layers": [
                0.011114180088043213,
                0.0049229973228648305,
                0.0019822550239041448,
                0.0010408597445348278,
                0.00044603468268178403
            ],
            "output_layer": 0.006931914482265711
        },
        {
            "hidden_layers": [
                0.011976636946201324,
                0.004599911393597722,
                0.0019180867238901556,
                0.0010288695193594322,
                0.000453618005849421
            ],
            "output_layer": 0.007912401109933853
        },
        {
            "hidden_layers": [
                0.0145229147747159,
                0.0047632838832214475,
                0.0019629192538559437,
                0.0010525215329835191,
                0.0004505126635194756
            ],