{
    "train_losses": [
        1.3424163844510686,
        0.8402357959000133,
        0.661269291004224,
        0.548559140785467,
        0.479571555839305,
        0.4348278302073141,
        0.38013279038956355,
        0.35439203034269146,
        0.317441096672645,
        0.29093073752106435,
        0.26829224905566945,
        0.24263603736956915,
        0.22738458093075323,
        0.20375089835577204,
        0.18910970485787784
    ],
    "valid_losses": [
        1.428603529930115,
        0.7939064443111421,
        0.5836145080626013,
        0.48747339621186264,
        0.7318539381027221,
        0.45847154632210735,
        0.3699554406106471,
        0.33108667060732844,
        0.36046728454530236,
        0.24316820837557312,
        0.2334345802664757,
        0.2545858580619096,
        0.23522744420915845,
        0.18457461670041084,
        0.1859425285831094
    ],
    "train_accs": [
        0.5241052350427349,
        0.7048611111111112,
        0.770543981481481,
        0.8093839031339018,
        0.8316417378917369,
        0.849025106837607,
        0.8685229700854703,
        0.8760683760683764,
        0.8908030626780638,
        0.8989271723646715,
        0.9058716168091164,
        0.9160879629629626,
        0.9214743589743579,
        0.929175569800568,
        0.9349180911680892
    ],
    "valid_accs": [
        0.5671875000000002,
        0.7218750000000003,
        0.8056640625,
        0.8318359375000002,
        0.7611328125000002,
        0.847265625,
        0.8775390624999999,
        0.8890625000000003,
        0.8775390624999998,
        0.91015625,
        0.9195312499999998,
        0.9134765625,
        0.9232421874999998,
        0.9353515625000001,
        0.9388671875000001
    ],
    "test_loss": 0.4216494552696808,
    "test_acc": 0.870154272151899
}