{
    "train_losses": [
        1.3391962190638929,
        0.8358597252783272,
        0.659170300447703,
        0.5494883615746459,
        0.4828149330751844,
        0.4367060027910433,
        0.38618114998197967,
        0.35643905851236424,
        0.3214951802437798,
        0.2952916949477966,
        0.2691681098479491,
        0.24374584802704982,
        0.22590284635368588,
        0.2056101882389809,
        0.19203867682619297,
        0.17517590949423298,
        0.1631766740137186,
        0.1516108266542271,
        0.137535254478964,
        0.12974888702955345,
        0.12556469954146957,
        0.11550854100312428,
        0.10769645096017769,
        0.09615257087872062,
        0.09651538601776646,
        0.09356589865820363,
        0.08716039932691133,
        0.0789096052851262,
        0.07645208199914456,
        0.07234937949716373,
        0.06672358557985207,
        0.07125943645362626,
        0.06571353107499772,
        0.059825693417680126,
        0.057340770033838244,
        0.0593773210752872,
        0.054098535356300215,
        0.05646326055185089,
        0.04893397656733707,
        0.050165074909281036
    ],
    "valid_losses": [
        1.2078307107090949,
        0.7880641311407091,
        0.7074331782758237,
        0.4666605055332184,
        0.5517408140003681,
        0.4732054941356182,
        0.34652935862541195,
        0.3775554403662682,
        0.36289254017174255,
        0.23659404274076223,
        0.27374665662646297,
        0.23705267272889613,
        0.19629927240312092,
        0.25278143063187597,
        0.18244556169956927,
        0.15298694400116797,
        0.1721638038754463,
        0.1436118844896555,
        0.12456711931154132,
        0.11334216073155404,
        0.09890327909961345,
        0.10389118322636934,
        0.12362754317000507,
        0.1195059083402157,
        0.1294309524761047,
        0.11852870220318437,
        0.11250583585351706,
        0.11130141224712134,
        0.08355398778803647,
        0.06456144035328182,
        0.08341611310606822,
        0.07064892201524345,
        0.07629540329799056,
        0.08071278829593209,
        0.09158276331727394,
        0.08456475515558849,
        0.08208581369835882,
        0.06939993307460098,
        0.0949105749605224,
        0.06656787496467584
    ],
    "train_accs": [
        0.5213675213675214,
        0.7052617521367517,
        0.7704104344729334,
        0.8087829415954404,
        0.8325765669515659,
        0.8480235042735039,
        0.8664084757834758,
        0.8765803062678071,
        0.8884659900284905,
        0.8972133190883195,
        0.9050035612535604,
        0.9149528133903132,
        0.9208733974358959,
        0.9285078347578335,
        0.9318910256410242,
        0.9386574074074068,
        0.9422186609686602,
        0.947716346153846,
        0.9518785612535626,
        0.9533920940170952,
        0.9566194800569823,
        0.958867521367524,
        0.9617165242165273,
        0.9667913105413148,
        0.9661680911680953,
        0.9670361467236509,
        0.9676371082621121,
        0.973290598290603,
        0.9727341524216573,
        0.974670584045589,
        0.9774973290598344,
        0.9746260683760724,
        0.9766070156695208,
        0.9796785968661016,
        0.9795895655270705,
        0.9793669871794919,
        0.980613425925931,
        0.9800792378917427,
        0.982305021367527,
        0.9824163105413158
    ],
    "valid_accs": [
        0.6107421875,
        0.72578125,
        0.7710937499999997,
        0.8374999999999999,
        0.812890625,
        0.8378906250000001,
        0.8857421875000002,
        0.8662109375,
        0.8720703124999999,
        0.9152343750000002,
        0.9080078124999998,
        0.9189453125000001,
        0.9306640625,
        0.9132812499999998,
        0.9427734374999999,
        0.946484375,
        0.9394531250000001,
        0.9476562500000001,
        0.9578125,
        0.9605468749999999,
        0.9666015625,
        0.9667968750000001,
        0.96015625,
        0.9607421874999998,
        0.96015625,
        0.9644531250000001,
        0.9658203125000001,
        0.9681640625,
        0.9748046875000002,
        0.981640625,
        0.9755859375000002,
        0.9794921875000001,
        0.9763671875,
        0.9787109375000002,
        0.9765624999999999,
        0.976171875,
        0.9787109374999999,
        0.9816406249999998,
        0.9701171875000001,
        0.9830078125
    ],
    "test_loss": 0.4573879827615581,
    "test_acc": 0.8936906645569619,
    "gradient_flows": [
        {
            "hidden_layers": [
                0.007216358557343483,
                0.0016899300971999764,
                0.0006282628601184115,
                0.0002683957754925359,
                7.739654483884806e-05
            ],
            "output_layer": 0.01614072360098362
        },
        {
            "hidden_layers": [
                0.007578850723803043,
                0.001198070531245321,
                0.0005369053615140729,
                0.0002250382021884434,
                6.242276413104264e-05
            ],
            "output_layer": 0.01141874399036169
        },
        {
            "hidden_layers": [
                0.00659793708473444,
                0.0009289261215599254,
                0.00042756008042488247,
                0.00016714663070160896,
                4.6279341404442675e-05
            ],
            "output_layer": 0.012381828390061855
        },
        {
            "hidden_layers": [
                0.005251547321677208,
                0.0007640791445737705,
                0.00036836198705714196,
                0.0001542614700156264,
                4.00785866077058e-05
            ],
            "output_layer": 0.00839890819042921
        },
        {
            "hidden_layers": [
                0.010466376319527626,
                0.0009803029388422146,
                0.0004268197590135969,
                0.00017148878032458015,
                4.5247943944559665e-05
            ],
            "output_layer": 0.011502988636493683
        },
        {
            "hidden_layers": [
                0.008271345868706703,
                0.0008434397459495813,
                0.0004107839922653511,
                0.0001689162709226366,
                4.436492145032389e-05
            ],
            "output_layer": 0.01396506279706955
        },
        {
            "hidden_layers": [
                0.007178539410233498,
                0.000679719727486372,
                0.000318231679557357,
                0.0001415500846633222,
                3.704638675117167e-05
            ],
            "output_layer": 0.010026196017861366
        },
        {
            "hidden_layers": [
                0.010745243169367313,
                0.0008660435560159385,
                0.00039568851207150146,
                0.000171787578437943,
                4.454476129467366e-05
            ],
            "output_layer": 0.011773412115871906
        },
        {
            "hidden_layers": [
                0.007369648665189743,
                0.0007073836750350893,
                0.00033279391209362075,
                0.00014946082774258684,
                3.799411570071243e-05
            ],
            "output_layer": 0.005397468339651823
        },
        {
            "hidden_layers": [
                0.009271142072975636,
                0.0007581704267067835,
                0.00036589316732715815,
                0.0001614857064851094,
                3.984097793363617e-05
            ],
            "output_layer": 0.00574712036177516
        },
        {
            "hidden_layers": [
                0.006744139827787876,
                0.0006523886986542493,
                0.0002947008906630799,
                0.00013482916619977914,
                3.267763872827345e-05
            ],