{
    "train_losses": [
        1.7269805129776674,
        1.385693117763922,
        1.254222123711198,
        1.1687836088346277,
        1.1062037761394794,
        1.0565612837459966,
        1.0131055816286307,
        0.9685140663062745,
        0.937997648518989,
        0.9131441911061603,
        0.8813635058212816,
        0.86275746968397,
        0.843559359723007,
        0.8188110292806927,
        0.8032509482484262,
        0.7785808731008458,
        0.7611328808330744,
        0.7491407723847956,
        0.7303144648204162,
        0.7135708024698783,
        0.7060052043522185,
        0.6912365459818447,
        0.676746430814776,
        0.6585291900016642,
        0.6487547670334499,
        0.6366255444678824,
        0.6211853527445402,
        0.6050126371730088,
        0.5939284044283407,
        0.5857375146147192
    ],
    "valid_losses": [
        1.5769470691680905,
        1.4499701827764513,
        1.2326471209526064,
        1.260731345415115,
        1.2200098991394042,
        1.0642874598503111,
        1.0436651244759563,
        0.967877250909805,
        0.9336487278342244,
        0.9283162593841551,
        0.8918143868446352,
        0.8665904983878135,
        0.8721544563770292,
        0.9158410474658011,
        0.7886450454592705,
        0.8055265530943873,
        0.8709133252501489,
        0.8068600535392764,
        0.8224384739995007,
        0.715930089354515,
        0.7223286934196946,
        0.7239176258444787,
        0.6110586144030095,
        0.6394135214388371,
        0.7155382871627807,
        0.6581915318965911,
        0.631995712965727,
        0.6192032709717749,
        0.64260213971138,
        0.5636693678796293
    ],
    "train_accs": [
        0.36781071937321885,
        0.49548165954415957,
        0.5508368945868944,
        0.5827991452991453,
        0.6030537749287757,
        0.6216168091168088,
        0.6426282051282048,
        0.6598780270655271,
        0.6679798789173782,
        0.6770388176638175,
        0.6899483618233616,
        0.6957799145299138,
        0.7055511039886038,
        0.7118723290598282,
        0.7148103632478623,
        0.7255386396011394,
        0.7310140669515672,
        0.7331285612535606,
        0.7401175213675203,
        0.7458600427350416,
        0.7495325854700845,
        0.7542957621082614,
        0.7603944088319083,
        0.7670049857549855,
        0.7681846509971507,
        0.7721910612535614,
        0.7814058048433041,
        0.7840990028490027,
        0.7894186253561247,
        0.7916444088319081
    ],
    "valid_accs": [
        0.46679687500000006,
        0.5343749999999999,
        0.5933593749999999,
        0.6070312500000001,
        0.6240234375,
        0.65390625,
        0.6632812499999997,
        0.6898437500000001,
        0.700390625,
        0.7093750000000001,
        0.7125,
        0.7181640625,
        0.7296875000000002,
        0.72265625,
        0.7476562499999999,
        0.7509765625000001,
        0.7328125000000001,
        0.75390625,
        0.758984375,
        0.7689453125000002,
        0.7740234375,
        0.7679687500000002,
        0.7994140625000001,
        0.7958984375000001,
        0.7876953125,
        0.8001953125,
        0.8068359374999997,
        0.809765625,
        0.8023437500000002,
        0.8216796875
    ],
    "test_loss": 0.8704374553282044,
    "test_acc": 0.7622626582278484,
    "gradient_flows": [
        {
            "hidden_layers": [
                0.0012504998594522476,
                0.001110060307837557,
                0.0002315528181497939,
                0.00016445466553705046,
                0.0002091146325255977
            ],
            "output_layer": 0.004405115731060505
        },
        {
            "hidden_layers": [
                0.0011259119492024183,
                0.0013298153899086174,
                0.0002174319015466608,
                0.00016817836876725778,
                0.00023130030604079366
            ],
            "output_layer": 0.0058680931106209755
        },
        {
            "hidden_layers": [
                0.0012555996654555202,
                0.0013074433227302507,
                0.0002234525027233758,
                0.00017938127530214842,
                0.00024769567062321585
            ],
            "output_layer": 0.00434440141543746
        },
        {
            "hidden_layers": [
                0.0011476289946585894,
                0.0012729115169349825,
                0.00021935307995590847,
                0.00015419415012729587,
                0.00019649419527922873
            ],
            "output_layer": 0.004517216235399246
        },
        {
            "hidden_layers": [
                0.0012296712957322598,
                0.0013054672308498994,
                0.0002043457279796712,
                0.00014338795335788745,
                0.00018263616766489577
            ],
            "output_layer": 0.004954001400619745
        },
        {
            "hidden_layers": [
                0.0020221667364239693,
                0.0015313079857151024,
                0.0002809731631714385,
                0.00019384269398869947,
                0.00019395826984691666
            ],
            "output_layer": 0.005559463985264301
        },
        {
            "hidden_layers": [
                0.0019085519015789032,
                0.0015791954720043577,
                0.0002906374393205624,
                0.00017658861725067254,
                0.00016781403428467456
            ],
            "output_layer": 0.005259576253592968
        },
        {
            "hidden_layers": [
                0.001869225176051259,
                0.0015081765268405434,
                0.00025296634794358397,
                0.00015759986399643822,
                0.00017784237024898175
            ],
            "output_layer": 0.004612992983311415
        },
        {
            "hidden_layers": [
                0.002074048388749361,
                0.0016583183351031039,
                0.00031923117421683855,
                0.00020352014053059975,
                0.00018959800399898086
            ],
            "output_layer": 0.00585213303565979
        },
        {
            "hidden_layers": [
                0.0018089324003085494,
                0.0014458299920079298,
                0.00024419306828349363,
                0.00017329465299553704,
                0.0001781462860890315
            ],
            "output_layer": 0.005383813288062811
        },
        {
            "hidden_layers": [
                0.0016525241080671549,
                0.0015050598594825715,
                0.0002621645835461095,
                0.00018046861077891663,
                0.00017830547267294605
            ],
            "output_layer": 0.005070090759545565
        },
        {
            "hidden_layers": [
                0.001497628865763545,
                0.0011852237912535202,
                0.00025469551746937213,
                0.0001402723364662961,
                0.00014263091998145683
            ],
            "output_layer": 0.004455296788364649
        },
        {
            "hidden_layers": [
                0.0016315281391143799,
                0.0013444131145661231,
                0.0002373864945184323,
                0.0001495630931458436,
                0.00014868369362375233
            ],
            "output_layer": 0.004120936151593924
        },
        {
            "hidden_layers": [
                0.0019243801943957806,
                0.0013389986961556133,
                0.0002687586611500592,
                0.0001953215014509624,
                0.0001565196580486372
            ],