{
    "train_losses": [
        2.184685253010177,
        1.9234969255931027,
        1.7960549959769632,
        1.709672715589191,
        1.6456806119690588,
        1.599877829904909,
        1.5603225390795636,
        1.5246046669462812,
        1.4940893554959191,
        1.4742250904398422,
        1.4435639751602778,
        1.4220973501178276,
        1.4022603164031635,
        1.3814928979955166,
        1.3613397460377796
    ],
    "valid_losses": [
        2.018588835000992,
        1.8683788895606988,
        1.7645781934261326,
        1.6837851643562314,
        1.6228563129901885,
        1.577929311990738,
        1.5268045634031295,
        1.4991634726524357,
        1.4782368510961534,
        1.4530096590518953,
        1.4279133886098865,
        1.406971523165703,
        1.3874567806720732,
        1.370325967669487,
        1.3556922405958176
    ],
    "train_accs": [
        0.20470530626780592,
        0.29718660968660937,
        0.3423477564102561,
        0.37241809116809077,
        0.3952101139601134,
        0.4126379985754985,
        0.4298878205128205,
        0.4419960826210824,
        0.45479433760683746,
        0.46432069088319106,
        0.47288995726495686,
        0.48170405982906,
        0.4904513888888889,
        0.5008012820512824,
        0.5088586182336184
    ],
    "valid_accs": [
        0.26601562500000003,
        0.31914062500000007,
        0.35625,
        0.3845703125,
        0.40429687500000006,
        0.43046875,
        0.44882812499999997,
        0.4500000000000001,
        0.46113281249999993,
        0.46972656250000006,
        0.4746093750000001,
        0.4841796875,
        0.49824218750000016,
        0.5052734375,
        0.5119140625000002
    ],
    "test_loss": 1.3705810474444038,
    "test_acc": 0.4937697784810126
}