{
    "train_losses": [
        2.1850199879404495,
        1.9244217434500006,
        1.7967350085576381,
        1.7088212562762082,
        1.6459982490267866,
        1.6004058329807742,
        1.560115086726654,
        1.5262984288723727,
        1.495294619489599,
        1.4741279097364155,
        1.4428787706923971,
        1.4219082607502957,
        1.4015738447846855,
        1.380366848404931,
        1.361301591593315,
        1.3413633210027311,
        1.3263829257073902,
        1.3094028886566815,
        1.2943674719911005,
        1.2774922630386132,
        1.2642083409165388,
        1.2474080076244816,
        1.2341913124095352,
        1.2229902886936808,
        1.2113940175781903,
        1.1977275032603165,
        1.182759570090519,
        1.1704438323648558,
        1.1608670685026359,
        1.152400840891053,
        1.1420230580191322,
        1.131027747762849,
        1.119309738490657,
        1.1051446904144402,
        1.096324410194005,
        1.0868286344400495,
        1.0812962766726129,
        1.069122394435427,
        1.0593767279912947,
        1.047239761916321
    ],
    "valid_losses": [
        2.0180417507886887,
        1.8690749555826183,
        1.7644253224134445,
        1.6839825421571737,
        1.6182435870170597,
        1.5772879004478455,
        1.5291677981615073,
        1.5017079263925548,
        1.4777771204710002,
        1.4535778552293774,
        1.4253587931394578,
        1.406496864557266,
        1.3876026153564456,
        1.3743494778871534,
        1.358983016014099,
        1.3444835424423214,
        1.3204548686742783,
        1.327083003520965,
        1.2871229082345965,
        1.2795659422874448,
        1.2538434773683547,
        1.2475533366203306,
        1.239003086090088,
        1.225628542900085,
        1.2006994307041168,
        1.1956605553627015,
        1.1896878063678744,
        1.171419209241867,
        1.1784444838762287,
        1.1520202919840814,
        1.126177181303501,
        1.121632358431816,
        1.1088367834687234,
        1.1107866793870924,
        1.0984759375452993,
        1.1046960800886154,
        1.0713504195213317,
        1.070581705868244,
        1.0613366961479187,
        1.0439014688134192
    ],
    "train_accs": [
        0.20454950142450123,
        0.29698628917378944,
        0.3434161324786321,
        0.371861645299145,
        0.39376335470085444,
        0.4125267094017088,
        0.4291755698005697,
        0.4417067307692307,
        0.45434918091168086,
        0.46380876068376076,
        0.47471509971509995,
        0.48397435897435886,
        0.49049590455840425,
        0.501891915954416,
        0.5089253917378916,
        0.5151130698005699,
        0.5225917022792025,
        0.529001958689459,
        0.534388354700855,
        0.5408208689458689,
        0.5456285612535614,
        0.5505030270655275,
        0.5574697293447298,
        0.5612090455840456,
        0.5655715811965816,
        0.5749421296296292,
        0.5756098646723645,
        0.5817530270655272,
        0.5849804131054134,
        0.587873931623931,
        0.5897881054131057,
        0.5963096509971509,
        0.5985354344729346,
        0.6074163105413101,
        0.6071714743589743,
        0.6140714031339032,
        0.6122907763532762,
        0.619012642450142,
        0.6218616452991447,
        0.6283386752136754
    ],
    "valid_accs": [
        0.26250000000000007,
        0.31660156250000004,
        0.3548828124999999,
        0.37910156249999993,
        0.40820312499999994,
        0.42421875,
        0.43828125000000007,
        0.4447265625,
        0.4593750000000001,
        0.4669921875000001,
        0.4765625000000001,
        0.48457031250000004,
        0.4917968750000001,
        0.49433593749999993,
        0.5029296875,
        0.5128906250000002,
        0.522265625,
        0.5236328125,
        0.5376953125,
        0.5451171875,
        0.5533203125,
        0.5544921875000001,
        0.558203125,
        0.5654296874999999,
        0.5740234375000001,
        0.5722656250000001,
        0.5736328125,
        0.5841796875,
        0.5828125000000001,
        0.5955078125,
        0.5982421875000001,
        0.6005859375000001,
        0.606640625,
        0.6019531250000001,
        0.6095703124999998,
        0.6109375,
        0.6166015624999999,
        0.6181640625,
        0.6242187499999999,
        0.6238281249999998
    ],
    "test_loss": 1.0996940852720527,
    "test_acc": 0.6062104430379751,
    "gradient_flows": [
        {
            "hidden_layers": [
                0.016449131071567535,
                0.008223861921578646,
                0.003124635841231793,
                0.0014245312486309558,
                0.000682495316141285
            ],
            "output_layer": 0.014191764406859875
        },
        {
            "hidden_layers": [
                0.015114414505660534,
                0.007635979913175106,
                0.003099363762885332,
                0.001438562961993739,
                0.000680139652104117
            ],
            "output_layer": 0.008089015260338783
        },
        {
            "hidden_layers": [
                0.016277778893709183,
                0.007873941329307854,
                0.0030891491915099323,
                0.0014383945381268859,
                0.000685556762618944
            ],
            "output_layer": 0.020348284393548965
        },
        {
            "hidden_layers": [
                0.013390490785241127,
                0.007432968122884631,
                0.0029863694217056036,
                0.00141053632250987,
                0.0006988154927967116
            ],
            "output_layer": 0.018921932205557823
        },
        {
            "hidden_layers": [
                0.015366422943770885,
                0.0074400519952178,
                0.0029544499702751637,
                0.001365469564916566,
                0.0006404721061699092
            ],
            "output_layer": 0.015101312659680843
        },
        {
            "hidden_layers": [
                0.014350811950862408,
                0.007493000710383058,
                0.0030456180684268475,
                0.001450630254112184,
                0.0007198246894404292
            ],
            "output_layer": 0.024016117677092552
        },
        {
            "hidden_layers": [
                0.014498661272227764,
                0.006826918572187424,
                0.0028071850538253784,
                0.0013070894638076425,
                0.0006092697731219232
            ],
            "output_layer": 0.014632738195359707
        },
        {
            "hidden_layers": [
                0.015393550507724285,
                0.006950817652978003,
                0.0027885003364644945,
                0.0013246754533611238,
                0.0006342658598441631
            ],
            "output_layer": 0.020154202356934547
        },
        {
            "hidden_layers": [
                0.013750690035521984,
                0.007190623553469777,
                0.002998932613991201,
                0.0013715194654650986,
                0.000634077747236006
            ],
            "output_layer": 0.010455109179019928
        },
        {
            "hidden_layers": [
                0.013861024752259254,
                0.007141264388337731,
                0.0029650163487531245,
                0.0013889350811950862,
                0.0006634192250203341
            ],
            "output_layer": 0.012670089490711689
        },
        {
            "hidden_layers": [
                0.014884257689118385,
                0.007036891533061862,
                0.002837075444404036,
                0.0013050056004431099,
                0.0005968209443381056
            ],