{
    "train_losses": [
        1.4912576335787433,
        1.1366577722408144,
        0.9512902932968578,
        0.8254581835874473,
        0.7331401214979993,
        0.6593499588660698,
        0.592704709523763,
        0.5422769008878292,
        0.49275990539466585,
        0.4506648550515843,
        0.40740039121051813,
        0.37263252847215045,
        0.3456723405594841,
        0.3192000840379298,
        0.2874416441489488
    ],
    "valid_losses": [
        1.2203410416841505,
        0.9955843687057493,
        0.8945513680577277,
        0.8285169079899789,
        0.669460467249155,
        0.576347468420863,
        0.4823870852589607,
        0.47660725042223934,
        0.43327535614371293,
        0.42723645493388185,
        0.3279987439513207,
        0.33991009481251244,
        0.31697163619101043,
        0.25607102364301676,
        0.23378277719020843
    ],
    "train_accs": [
        0.4644097222222225,
        0.5899439102564104,
        0.6623486467236466,
        0.7049278846153839,
        0.7399172008546996,
        0.7690972222222228,
        0.7908876424501415,
        0.8099403490028485,
        0.8266337250712238,
        0.8429042022792014,
        0.8588853276353277,
        0.8713942307692307,
        0.8803196225071229,
        0.88897792022792,
        0.9011306980056977
    ],
    "valid_accs": [
        0.5589843750000001,
        0.6464843749999999,
        0.6929687499999999,
        0.7130859375,
        0.7693359375,
        0.8000000000000002,
        0.83203125,
        0.8296874999999997,
        0.8521484374999999,
        0.8496093750000001,
        0.8820312500000003,
        0.8839843749999997,
        0.89453125,
        0.9113281250000003,
        0.926171875
    ],
    "test_loss": 0.653892032707794,
    "test_acc": 0.7952927215189872
}