{
    "train_losses": [
        1.4909892031270218,
        1.138691939859309,
        0.9497270431274023,
        0.8254207848144046,
        0.7350280604131535,
        0.6613688761861917,
        0.5899710267187864,
        0.5452988608780072,
        0.4937526187156338,
        0.45284860897437795,
        0.41056705905161667,
        0.37563791989940526,
        0.3431994871281489,
        0.32058729222866883,
        0.2918879855477233,
        0.2677764592219962,
        0.24509186906862115,
        0.22574038826926823,
        0.20511209879845305,
        0.19417853127008147,
        0.18350734062853685,
        0.16561462691961198,
        0.1547222859584368,
        0.1463675790193075,
        0.14056529739388718,
        0.12975438705451817,
        0.1254480470003735,
        0.11745129350010307,
        0.11041909651008251,
        0.11591124942690725,
        0.09746352233459629,
        0.10283318473997285,
        0.09639795016274488,
        0.08734136057269379,
        0.08850231556556161,
        0.08526195668511917,
        0.07918479444825242,
        0.07819737337444754,
        0.07953709456008295,
        0.07511648333013227
    ],
    "valid_losses": [
        1.2291637688875197,
        0.9805774345993997,
        0.8567577064037324,
        0.8354907825589181,
        0.7291216492652894,
        0.6021872907876968,
        0.49435119740664957,
        0.45655909553170204,
        0.4301125086843967,
        0.47518097236752516,
        0.3663362924009561,
        0.3331220373511314,
        0.312221985310316,
        0.3003904335200786,
        0.2937347773462535,
        0.22597434939816602,
        0.2209426870569587,
        0.19791504759341474,
        0.15706419106572864,
        0.14594166483730076,
        0.1910092938691378,
        0.20966640170663592,
        0.1424025668762624,
        0.15922440942376853,
        0.13818679340183734,
        0.1553171169944107,
        0.16944599188864234,
        0.138516993727535,
        0.13067113012075424,
        0.14036181746050713,
        0.13863337128423153,
        0.0915264498442411,
        0.1080976697616279,
        0.13551979842595757,
        0.11447999964002521,
        0.10691263950429859,
        0.09383536181412637,
        0.09728942977963011,
        0.10549329518398733,
        0.10145948759745806
    ],
    "train_accs": [
        0.46271812678062674,
        0.5912793803418802,
        0.6612357549857545,
        0.7095797720797712,
        0.7403178418803409,
        0.7690081908831906,
        0.7937811609686608,
        0.8113648504273496,
        0.8276130698005684,
        0.8405671296296288,
        0.8593750000000003,
        0.8689681267806268,
        0.8812099358974378,
        0.888755341880343,
        0.8981036324786326,
        0.9079638532763527,
        0.9145076566951559,
        0.9218304843304832,
        0.9302216880341864,
        0.9324474715099699,
        0.9382567663817654,
        0.9428196225071223,
        0.9462473290598296,
        0.9502092236467243,
        0.9512553418803427,
        0.9551504629629654,
        0.9560407763532786,
        0.9598246082621112,
        0.9625400641025674,
        0.960024928774932,
        0.9663238960113998,
        0.9649884259259295,
        0.9663461538461584,
        0.9699964387464436,
        0.9694845085470128,
        0.970552884615389,
        0.9725560897435943,
        0.9726451210826261,
        0.9730235042735091,
        0.9746260683760738
    ],
    "valid_accs": [
        0.5580078125,
        0.6499999999999999,
        0.7046874999999999,
        0.7097656250000002,
        0.75625,
        0.7908203124999998,
        0.8304687500000001,
        0.8402343749999998,
        0.85546875,
        0.83125,
        0.8691406249999997,
        0.8847656250000001,
        0.8968750000000001,
        0.8964843750000001,
        0.8976562500000002,
        0.9283203125,
        0.9259765624999999,
        0.9361328125,
        0.9501953125,
        0.9560546875000001,
        0.9363281250000002,
        0.9306640624999999,
        0.9529296875000002,
        0.9490234375,
        0.9570312500000002,
        0.9529296874999998,
        0.9460937500000003,
        0.9560546874999998,
        0.96015625,
        0.959765625,
        0.9601562499999999,
        0.9744140624999998,
        0.9683593749999998,
        0.9593750000000002,
        0.9662109375000002,
        0.9697265624999999,
        0.9726562500000002,
        0.9701171875000002,
        0.9679687500000002,
        0.9718749999999997
    ],
    "test_loss": 0.7080886933622479,
    "test_acc": 0.8330696202531642,
    "gradient_flows": [
        {
            "hidden_layers": [
                0.011064785532653332,
                0.0064944117330014706,
                0.0027064860332757235,
                0.0011744373332476243,
                0.0004773137261508964
            ],
            "output_layer": 0.014173693023622036
        },
        {
            "hidden_layers": [
                0.015478978864848614,
                0.006314050289802253,
                0.002474264649208635,
                0.0011219256703043357,
                0.00044104323751525953
            ],
            "output_layer": 0.00828473549336195
        },
        {
            "hidden_layers": [
                0.013891403563320637,
                0.005580249591730535,
                0.002265574352350086,
                0.0010642957204254344,
                0.0004213223000988364
            ],
            "output_layer": 0.013654145412147045
        },
        {
            "hidden_layers": [
                0.01311606913805008,
                0.004684775019995868,
                0.0019073037256021053,
                0.0009307502332376316,
                0.0003888575665769167
            ],
            "output_layer": 0.012946302071213722
        },
        {
            "hidden_layers": [
                0.016409968957304955,
                0.006509881583042443,
                0.0025349296047352254,
                0.001250992703717202,
                0.0005160842556506395
            ],
            "output_layer": 0.019243432208895683
        },
        {
            "hidden_layers": [
                0.016248388215899467,
                0.0061814007349312305,
                0.0021751700260210782,
                0.0011008344299625605,
                0.00047699749120511115
            ],
            "output_layer": 0.022528892382979393
        },
        {
            "hidden_layers": [
                0.01108695287257433,
                0.0044553650659509,
                0.0017583542503416538,
                0.0009256677876692265,
                0.0004006235976703465
            ],
            "output_layer": 0.01012593787163496
        },
        {
            "hidden_layers": [
                0.01591302827000618,
                0.004763474687933922,
                0.0019377114076633006,
                0.0010005878284573555,
                0.00042456686423975043
            ],
            "output_layer": 0.013138226233422756
        },
        {
            "hidden_layers": [
                0.011125377379357815,
                0.004764437966514379,
                0.001981335721211508,
                0.001047358789946884,
                0.00045190575474407524
            ],
            "output_layer": 0.007996032014489174
        },
        {
            "hidden_layers": [
                0.015301874838769436,
                0.004694596282206476,
                0.0019615216297097504,
                0.0010775671689771116,
                0.00048214138951152563
            ],
            "output_layer": 0.006605010014027357
        },
        {
            "hidden_layers": [
                0.015141604468226433,
                0.004608102899510413,
                0.001881831733044237,
                0.0010344537877244875,
                0.0004552132013486698
            ],