{
    "train_losses": [
        1.4897378261951983,
        1.1388601387328228,
        0.9546794949094114,
        0.8310846100505604,
        0.738968752218448,
        0.6646906261430506,
        0.5981680442634814,
        0.5449945377318609,
        0.49848056798986545,
        0.4547384621156249,
        0.4100410858025921,
        0.37582171816601684,
        0.3498069699588325,
        0.3161990579291968,
        0.2943761621700053,
        0.26671749862850236,
        0.2500448665472857,
        0.22755695998329034,
        0.2060828769521157,
        0.19167452751316566,
        0.18431311107089368,
        0.16597267885578335,
        0.1559754211105343,
        0.1432863463703383,
        0.13688080516933035,
        0.1337500694406849,
        0.123129963906657,
        0.12024185184039106,
        0.11156150454554466,
        0.10650432803946683,
        0.0998862313844285,
        0.09889688680845274,
        0.09508032567714189,
        0.09562411528621986,
        0.08907893535673116,
        0.08434358137816277,
        0.08261813076897565,
        0.07719879447511713,
        0.0801697867176896,
        0.07266801254998922
    ],
    "valid_losses": [
        1.2728973120450973,
        0.9707829728722572,
        0.8922209024429323,
        0.8355652019381523,
        0.7345757111907002,
        0.6080239474773408,
        0.4946066092699766,
        0.47683911249041555,
        0.4237657520920038,
        0.45166851170361033,
        0.3523206435143947,
        0.3248393356800079,
        0.286730520427227,
        0.28663460649549966,
        0.2481204435229302,
        0.22933121453970676,
        0.211619339697063,
        0.1982269812375307,
        0.1507997391745448,
        0.15011719632893802,
        0.1674466021358967,
        0.15527206072583796,
        0.15718429293483496,
        0.12686887662857774,
        0.11233492912724612,
        0.17691950574517257,
        0.1284283785149455,
        0.16000954452902072,
        0.11453832266852261,
        0.17575466968119147,
        0.11602443000301721,
        0.11397925359196961,
        0.11448384025134148,
        0.10260337011422963,
        0.1317261826130562,
        0.09682531524449588,
        0.09020068133249878,
        0.11170663342345506,
        0.09580589911201969,
        0.09527616114355625
    ],
    "train_accs": [
        0.46216168091168114,
        0.5897435897435891,
        0.6599670584045583,
        0.7063746438746433,
        0.737157229344729,
        0.7671830484330487,
        0.7904202279202275,
        0.8107861467236458,
        0.8253427706552703,
        0.8399216524216516,
        0.8593082264957265,
        0.8700587606837613,
        0.8786948005698005,
        0.8908920940170945,
        0.8978810541310536,
        0.9078970797720792,
        0.9121928418803404,
        0.9215188746438729,
        0.9285746082621069,
        0.9333600427350416,
        0.9350516381766368,
        0.9421073717948714,
        0.9461360398860399,
        0.9504095441595453,
        0.9530359686609697,
        0.9548165954415976,
        0.958177528490031,
        0.9585113960113983,
        0.9613158831908868,
        0.9632968304843337,
        0.9661458333333376,
        0.965900997151001,
        0.9678151709401751,
        0.9664797008547049,
        0.9686164529914572,
        0.9709980413105458,
        0.9712206196581248,
        0.9735799501424551,
        0.9717548076923124,
        0.9752270299145352
    ],
    "valid_accs": [
        0.541015625,
        0.6537109375,
        0.6945312500000002,
        0.7140625,
        0.7496093749999997,
        0.7863281249999999,
        0.8300781250000001,
        0.8328125,
        0.8535156249999999,
        0.8341796874999998,
        0.8792968750000001,
        0.8923828125000001,
        0.9044921875,
        0.9009765624999998,
        0.9183593749999998,
        0.9201171875,
        0.927734375,
        0.9353515624999998,
        0.9556640624999996,
        0.9480468750000003,
        0.9470703125,
        0.9472656249999998,
        0.9519531250000002,
        0.9609375,
        0.9666015625,
        0.9447265624999998,
        0.9621093749999999,
        0.946875,
        0.9689453124999999,
        0.9441406249999997,
        0.9648437500000002,
        0.9685546875000001,
        0.9679687499999999,
        0.971875,
        0.962109375,
        0.9732421875,
        0.9746093750000001,
        0.969140625,
        0.969921875,
        0.973828125
    ],
    "test_loss": 0.6796561256994174,
    "test_acc": 0.8363330696202534
}