{
    "train_losses": [
        1.6592099955278934,
        1.3650644209310192,
        1.2513635347032144,
        1.1738960063695225,
        1.1201921482371475,
        1.0742086328332578,
        1.044329866724476,
        1.0171123165690317,
        0.9962580519863674,
        0.9691883814640528,
        0.9516200255125002,
        0.9259860957110372,
        0.9076251329859437,
        0.897796407044783,
        0.8776574634079243,
        0.8610625705148416,
        0.851181978513712,
        0.834932069832783,
        0.8253638836053698,
        0.8141227619260807,
        0.7943728294467655,
        0.7932126520366067,
        0.7815435705361543,
        0.7692394361876351,
        0.7598077029923767,
        0.7522691258168294,
        0.7372135285638337,
        0.7319142000797476,
        0.7192560044618759,
        0.7091482239231425,
        0.7073840750248678,
        0.6956924677234773,
        0.6892852893582094,
        0.6747182761332245,
        0.6723285748748016,
        0.6647301552302476,
        0.6554292774947612,
        0.6506471689100615,
        0.6409827448703628,
        0.634190853080179
    ],
    "valid_losses": [
        1.6679200977087023,
        1.4113968461751938,
        1.3454996168613436,
        1.3094898104667665,
        1.1997749373316762,
        1.2061307027935981,
        1.212502984702587,
        1.0612228810787205,
        1.0810088545083998,
        1.0705127701163293,
        1.0197524845600128,
        1.0223268538713455,
        0.9589652329683305,
        0.9754658848047257,
        0.8920188456773758,
        0.8758441388607024,
        0.9121025651693344,
        0.9089538112282753,
        0.9024931132793426,
        0.8333819165825845,
        0.9467082113027573,
        0.7680343806743622,
        0.7777053222060203,
        0.8954046934843062,
        0.9214254841208458,
        0.8053602248430253,
        0.7244826883077622,
        0.8315581589937208,
        0.7283351004123687,
        0.7719724953174592,
        0.6868649348616601,
        0.7027767062187193,
        0.7453431487083436,
        0.7563520424067971,
        0.7244378238916397,
        0.7013787403702736,
        0.7162703305482867,
        0.6864009425044059,
        0.672387746721506,
        0.6451936230063436
    ],
    "train_accs": [
        0.39561075498575454,
        0.5075899216524218,
        0.5481436965811965,
        0.5782140313390312,
        0.6010505698005697,
        0.6162749287749291,
        0.6277599715099718,
        0.637308582621082,
        0.647213319088319,
        0.65685096153846,
        0.6640624999999991,
        0.6729878917378919,
        0.6791310541310537,
        0.6826923076923076,
        0.6907496438746435,
        0.6945779914529913,
        0.6974937678062669,
        0.7041933760683762,
        0.7084001068376066,
        0.713141025641025,
        0.7193732193732189,
        0.7190393518518513,
        0.7228454415954415,
        0.7271857193732183,
        0.7305021367521359,
        0.7333733974358968,
        0.73960559116809,
        0.7371127136752131,
        0.7454816595441595,
        0.7481303418803418,
        0.749154202279202,
        0.7526709401709399,
        0.7548076923076911,
        0.7599492521367514,
        0.7625534188034186,
        0.763911146723646,
        0.7668046652421645,
        0.7687633547008544,
        0.7725471866096862,
        0.7743723290598282
    ],
    "valid_accs": [
        0.4634765625,
        0.53828125,
        0.5712890625,
        0.5986328124999998,
        0.6220703124999999,
        0.6292968750000001,
        0.6376953125000001,
        0.6710937499999999,
        0.675,
        0.66796875,
        0.6906250000000002,
        0.6847656249999999,
        0.7091796874999998,
        0.7031250000000001,
        0.7246093750000001,
        0.7322265625,
        0.7244140625,
        0.7281249999999999,
        0.7228515625,
        0.7517578125000001,
        0.7195312500000001,
        0.7625,
        0.748046875,
        0.7394531249999998,
        0.7384765625000002,
        0.7580078124999999,
        0.7798828125000001,
        0.75859375,
        0.771875,
        0.7720703124999999,
        0.7841796875,
        0.7773437500000001,
        0.7785156250000002,
        0.7744140625000001,
        0.7749999999999999,
        0.78359375,
        0.7892578125,
        0.7935546874999999,
        0.7904296874999999,
        0.8078124999999999
    ],
    "test_loss": 0.9800348764733424,
    "test_acc": 0.7358583860759493,
    "gradient_flows": [
        {
            "hidden_layers": [
                0.001226897118613124,
                0.0012760301469825208,
                0.0005652425170410424
            ],
            "output_layer": 0.0046791499480605125
        },
        {
            "hidden_layers": [
                0.0013361850287765265,
                0.0013629613313241862,
                0.00041764505658647977
            ],
            "output_layer": 0.004769199062138796
        },
        {
            "hidden_layers": [
                0.0012233678717166185,
                0.001129068772570463,
                0.0003423761372687295
            ],
            "output_layer": 0.004311233293265104
        },
        {
            "hidden_layers": [
                0.0016086034011095762,
                0.0013362771642277949,
                0.0004057028600072954
            ],
            "output_layer": 0.004899637307971716
        },
        {
            "hidden_layers": [
                0.0015931588131934404,
                0.0014054876191949006,
                0.0004148102962062694
            ],
            "output_layer": 0.004518299829214811
        },
        {
            "hidden_layers": [
                0.001543980441056192,
                0.0013511008000932634,
                0.00035899374961445574
            ],
            "output_layer": 0.00470228074118495
        },
        {
            "hidden_layers": [
                0.0015308121219277382,
                0.0013775600964436308,
                0.0003829813558695605
            ],
            "output_layer": 0.004610131029039621
        },
        {
            "hidden_layers": [
                0.0014081594999879599,
                0.0013626916224893648,
                0.00036564472247846425
            ],
            "output_layer": 0.004581734072417021
        },
        {
            "hidden_layers": [
                0.001633540727198124,
                0.0016087426083686296,
                0.0003620276474975981
            ],
            "output_layer": 0.005007067229598761
        },
        {
            "hidden_layers": [
                0.0016455649165436625,
                0.0014222726204025093,
                0.000422566796260071
            ],
            "output_layer": 0.004841870162636042
        },
        {
            "hidden_layers": [
                0.0016532549634575844,
                0.0014013389372848906,
                0.0003534300903993426
            ],
            "output_layer": 0.005172667559236288
        },
        {
            "hidden_layers": [
                0.001699461485259235,
                0.001454200733860489,
                0.0003579578969947761
            ],
            "output_layer": 0.005029955413192511
        },
        {
            "hidden_layers": [
                0.0014345011441037059,
                0.0012546936432045186,
                0.0003036104972125031
            ],
            "output_layer": 0.003972010221332312
        },
        {
            "hidden_layers": [
                0.0016165667911991477,
                0.001245258048584219,
                0.0003185257210134296
            ],
            "output_layer": 0.0038474162574857473
        },
        {
            "hidden_layers": [
                0.0020915823988616467,
                0.0018370668512943666,
                0.0005350024257495534
            ],