{
    "train_losses": [
        1.6592099955278916,
        1.3650644331576134,
        1.2513632940770554,
        1.1738968607027649,
        1.1201819420879715,
        1.0742142146129563,
        1.0443687265754755,
        1.0169599550402069,
        0.9963656938993022,
        0.9700788595737558,
        0.9511535741664742,
        0.9258215746648634,
        0.9077527988330591,
        0.8981843032048982,
        0.8777816614873734
    ],
    "valid_losses": [
        1.6679200708866124,
        1.4113964587450032,
        1.3454957753419874,
        1.3094939783215522,
        1.1997236371040343,
        1.208316598832607,
        1.2240732029080394,
        1.0587902799248696,
        1.0810674324631693,
        1.075586622953415,
        1.0271652221679688,
        1.0185969606041907,
        0.9584325850009919,
        0.9709599599242209,
        0.892470270395279
    ],
    "train_accs": [
        0.39561075498575454,
        0.5075899216524218,
        0.5481659544159544,
        0.578236289173789,
        0.6008947649572649,
        0.6162081552706553,
        0.6274928774928774,
        0.6372195512820504,
        0.6475917022792017,
        0.6568509615384607,
        0.6644408831908825,
        0.672676282051282,
        0.6793758903133899,
        0.6822471509971506,
        0.69068287037037
    ],
    "valid_accs": [
        0.4634765625,
        0.53828125,
        0.5712890625,
        0.5986328124999998,
        0.6216796874999999,
        0.6285156249999999,
        0.6341796874999999,
        0.6697265625000001,
        0.6724609375,
        0.6656250000000001,
        0.6904296875000003,
        0.6785156249999998,
        0.7103515625000002,
        0.7039062500000002,
        0.72109375
    ],
    "test_loss": 0.9877135134950468,
    "test_acc": 0.699367088607595
}