{
    "train_losses": [
        1.8890867763095436,
        1.4932744930952027,
        1.3464289485898788,
        1.2553668035740861,
        1.20299437378886,
        1.1435038939840092,
        1.0902046043309055,
        1.035555832746023,
        0.9995554125207108,
        0.9598763340558759,
        0.9209944953945625,
        0.8819692717318521,
        0.8442968276151563,
        0.8172140588447915,
        0.7780660575950935
    ],
    "valid_losses": [
        1.5994373351335527,
        1.3866317480802532,
        1.2724544048309325,
        1.1859099715948105,
        1.162647680938244,
        1.0976068213582038,
        1.0239527881145478,
        1.0044864475727082,
        0.9517054244875909,
        0.8665978938341143,
        0.8286645263433456,
        0.8640034019947052,
        0.8462877720594406,
        0.7801829278469087,
        0.7141407608985901
    ],
    "train_accs": [
        0.3230279558404556,
        0.4543936965811965,
        0.5134882478632478,
        0.5476317663817664,
        0.5686209045584053,
        0.5918580840455838,
        0.6113336894586885,
        0.6299857549857544,
        0.6438301282051276,
        0.6587206196581192,
        0.6738114316239313,
        0.6855190527065527,
        0.7015669515669516,
        0.709134615384615,
        0.7243812321937318
    ],
    "valid_accs": [
        0.41113281250000006,
        0.512109375,
        0.5408203125,
        0.5773437499999999,
        0.5888671874999999,
        0.6060546874999999,
        0.6337890625000001,
        0.6435546875,
        0.6677734374999998,
        0.6957031250000002,
        0.7099609374999999,
        0.7001953125000003,
        0.7138671874999999,
        0.716015625,
        0.7455078125000003
    ],
    "test_loss": 0.8497820881348619,
    "test_acc": 0.706190664556962
}