{
    "train_losses": [
        1.6148074009479627,
        1.2585206778980047,
        1.127311673768905,
        1.0375555123698672,
        0.9678837711315214,
        0.9133422454537833,
        0.860626187589434,
        0.8181600667472569,
        0.781369425292708,
        0.7350237575012061,
        0.7026416829168964,
        0.6561733785687689,
        0.6193604493073245,
        0.5829820025850226,
        0.5372875450003856,
        0.5026848930918594,
        0.4632429149415756,
        0.4261184314801819,
        0.385425911245183,
        0.3586213519090943,
        0.30904638818186586,
        0.284304433865765,
        0.2609083164706187,
        0.23744458408012703,
        0.22509996414694003,
        0.20105331567277945,
        0.18736211378180392,
        0.17218886473961714,
        0.1609991946578705,
        0.15833078937185807
    ],
    "valid_losses": [
        1.3544155836105347,
        1.1584865033626555,
        1.072085516154766,
        0.9694635853171348,
        0.9073482632637022,
        0.90219104886055,
        0.8192322820425033,
        0.7539336487650872,
        0.8222770482301711,
        0.7244779363274575,
        0.6511097565293313,
        0.6299584850668907,
        0.5796312622725964,
        0.5421851485967635,
        0.49143827855587013,
        0.4846001401543617,
        0.4359518997371196,
        0.37306864112615595,
        0.35270922742784033,
        0.3281104568392039,
        0.32111507877707485,
        0.2695703496225178,
        0.2653522022068501,
        0.28634788990020754,
        0.25830114688724276,
        0.21251025628298517,
        0.24192151026800268,
        0.22390829045325522,
        0.17735403943806885,
        0.18730482347309588
    ],
    "train_accs": [
        0.4164440883190882,
        0.547832086894587,
        0.5978009259259256,
        0.6321892806267805,
        0.6580083689458684,
        0.6778178418803413,
        0.6964253917378913,
        0.7118723290598277,
        0.7223557692307689,
        0.7404513888888885,
        0.7518028846153835,
        0.7669604700854694,
        0.7806267806267801,
        0.793113425925925,
        0.8077368233618233,
        0.8221376424501418,
        0.8345797720797703,
        0.849403490028489,
        0.8605769230769224,
        0.8724180911680918,
        0.8901575854700859,
        0.8993945868945872,
        0.9076745014245016,
        0.9167556980056969,
        0.9194043803418793,
        0.9301771723646713,
        0.9333377849002839,
        0.9403712606837599,
        0.9431980056980044,
        0.9446447649572647
    ],
    "valid_accs": [
        0.5226562499999999,
        0.5830078125,
        0.6205078125000001,
        0.6677734375,
        0.6865234374999998,
        0.6802734375000001,
        0.730078125,
        0.7447265624999999,
        0.7185546875,
        0.7535156249999999,
        0.7785156249999997,
        0.7757812500000001,
        0.7988281249999999,
        0.8103515625000001,
        0.8263671874999998,
        0.8326171874999997,
        0.8533203124999998,
        0.8730468750000002,
        0.8816406250000001,
        0.88984375,
        0.8875000000000001,
        0.9060546875,
        0.9138671875,
        0.9083984374999998,
        0.9162109375,
        0.9322265625,
        0.9236328125000002,
        0.9310546874999999,
        0.9470703125000002,
        0.9441406250000002
    ],
    "test_loss": 1.008866256550897,
    "test_acc": 0.7460443037974681,
    "gradient_flows": [
        {
            "hidden_layers": [
                0.0006744749844074249,
                0.0010758409807749558,
                0.0004875561826338526
            ],
            "output_layer": 0.004017572849988937
        },
        {
            "hidden_layers": [
                0.0009490548982284963,
                0.0013607610962935723,
                0.00044803499258705415
            ],
            "output_layer": 0.004725978244096041
        },
        {
            "hidden_layers": [
                0.0011480421526357532,
                0.001315427234658273,
                0.0004518190853559645
            ],
            "output_layer": 0.004761554766446352
        },
        {
            "hidden_layers": [
                0.0013901498168706894,
                0.0014525862025038805,
                0.0005211282586969901
            ],
            "output_layer": 0.004996457137167454
        },
        {
            "hidden_layers": [
                0.001553450245410204,
                0.0016710925046936609,
                0.0006451800345530501
            ],
            "output_layer": 0.006057914346456528
        },
        {
            "hidden_layers": [
                0.001339789479970932,
                0.0013442037779896054,
                0.0005300252269080374
            ],
            "output_layer": 0.004826904274523258
        },
        {
            "hidden_layers": [
                0.0011477884836494923,
                0.0011359882410033606,
                0.00041034663445316255
            ],
            "output_layer": 0.004128358326852322
        },
        {
            "hidden_layers": [
                0.0017196781700477004,
                0.0013459227957355324,
                0.0004836014450120274
            ],
            "output_layer": 0.005449141841381788
        },
        {
            "hidden_layers": [
                0.001586748636327684,
                0.0014963940084271599,
                0.0004764972982229665
            ],
            "output_layer": 0.0049152011051774025
        },
        {
            "hidden_layers": [
                0.0015957866562530398,
                0.0014132164724287577,
                0.00047429330879822373
            ],
            "output_layer": 0.004890006966888905
        },
        {
            "hidden_layers": [
                0.0027490516658872366,
                0.0016036930173868313,
                0.0006144416838651523
            ],
            "output_layer": 0.006063587497919798
        },
        {
            "hidden_layers": [
                0.0015868585323914886,
                0.0013773040773230605,
                0.0005557631675401353
            ],
            "output_layer": 0.005237114615738392
        },
        {
            "hidden_layers": [
                0.001810136716812849,
                0.001292143340833718,
                0.00048537991096964106
            ],
            "output_layer": 0.004405851010233164
        },
        {
            "hidden_layers": [
                0.002037802478298545,
                0.0014446701934502926,
                0.00044751045061275363
            ],
            "output_layer": 0.004286456387490034
        },
        {
            "hidden_layers": [
                0.0021949864458292723,
                0.0014401096595975105,
                0.0004618628800017177
            ],
            "output_layer": 0.004374620039016008
        },
        {
            "hidden_layers": [
                0.001538147684186697,
                0.0013186000323912594,
                0.0005112940634717233
            ],
            "output_layer": 0.004155322909355164
        },
        {
            "hidden_layers": [
                0.0023465733975172043,
                0.001518388122349279,
                0.0006718576023558853
            ],
            "output_layer": 0.00464483629912138
        },
        {
            "hidden_layers": [
                0.002333170734345913,
                0.0016047445860749576,
                0.0005136140152899316
            ],
            "output_layer": 0.005124426446855068
        },
        {
            "hidden_layers": [
                0.0022559859789907932,
                0.001735927326080855,
                0.0005717880248994334
            ],