{
    "train_losses": [
        1.342802634605995,
        0.837398418503949,
        0.6569442062126603,
        0.5485785369180209,
        0.4782441972497519,
        0.4369281542267213,
        0.38164005434920667,
        0.3504352861659818,
        0.3159548319303071,
        0.2897811037013337,
        0.2632583738901677,
        0.24113087782747727,
        0.22572217917764964,
        0.2023326152792342,
        0.18538217847248764
    ],
    "valid_losses": [
        1.1298827871680261,
        0.7653181314468386,
        0.6702966600656509,
        0.5100062005221844,
        0.5417331852018835,
        0.469639153033495,
        0.36265489459037775,
        0.36795602962374685,
        0.3246928364038467,
        0.2521501549519598,
        0.284473567456007,
        0.2517127081751823,
        0.23008184451609848,
        0.3588465716689825,
        0.22178171826526522
    ],
    "train_accs": [
        0.5206997863247864,
        0.7060852920227915,
        0.7722800925925919,
        0.8086271367521359,
        0.8349358974358961,
        0.8488915598290591,
        0.8687455484330483,
        0.8791176994302,
        0.8909588675213681,
        0.8995949074074069,
        0.907540954415954,
        0.9152866809116813,
        0.9217414529914526,
        0.9308894230769218,
        0.9342280982905965
    ],
    "valid_accs": [
        0.6285156249999998,
        0.7292968750000001,
        0.7724609375000001,
        0.8294921875000001,
        0.817578125,
        0.8373046874999999,
        0.881640625,
        0.8679687500000001,
        0.8904296875000001,
        0.9123046875,
        0.8964843749999999,
        0.9119140625,
        0.9205078125,
        0.8845703125000001,
        0.925390625
    ],
    "test_loss": 0.4558558098123042,
    "test_acc": 0.8656052215189874
}