{
    "train_losses": [
        1.3407439275344901,
        0.8432660298130111,
        0.6591054950854032,
        0.5531726963499672,
        0.4825541219989799,
        0.43991737292702754,
        0.3832886559925867,
        0.3574052897953241,
        0.32019731279282126,
        0.29482717500028427,
        0.2666047807899637,
        0.24203887605174662,
        0.23023591428315868,
        0.2072712718124401,
        0.18778799949717997,
        0.1750572468353132,
        0.1651352938912023,
        0.15091193967267996,
        0.13575774433351306,
        0.13095064186875804,
        0.11980192017266554,
        0.11177390015702639,
        0.10679837263738495,
        0.09873642826033627,
        0.09314339346334637,
        0.08983074742610805,
        0.08570611669530719,
        0.07914830936368379,
        0.07693627159883323,
        0.06706653445152477,
        0.06753967832933126,
        0.06823059361616408,
        0.06211152734855811,
        0.05930162722674701,
        0.060887605279546134,
        0.05803115139887841,
        0.05776388875535156,
        0.05427201292968415,
        0.049973451812350946,
        0.042795695912390144
    ],
    "valid_losses": [
        1.080008539557457,
        0.7399525053799153,
        0.6076688848435879,
        0.45774260982871057,
        0.5773190356791019,
        0.431638715416193,
        0.3375518605113029,
        0.363150879740715,
        0.2872536122798921,
        0.2338946603238583,
        0.22350219935178756,
        0.26116287186741827,
        0.20752794593572618,
        0.227148830331862,
        0.18488517738878726,
        0.15495494399219747,
        0.14420536654070024,
        0.13870181702077386,
        0.13392949895933273,
        0.12868898287415503,
        0.12323801536113023,
        0.12442128472030163,
        0.13439102321863178,
        0.11717410059645773,
        0.12821426428854468,
        0.09426629575900737,
        0.08444803589954972,
        0.13625320019200443,
        0.07674976156558844,
        0.07657213807106017,
        0.06404132430907339,
        0.0838481550337747,
        0.07643651538528504,
        0.08354710154235362,
        0.07553813003469259,
        0.07927727879723533,
        0.08576463154749946,
        0.11292644981294872,
        0.06899568765220464,
        0.11651553490664815
    ],
    "train_accs": [
        0.519074964387464,
        0.7040598290598286,
        0.7703436609686602,
        0.8065349002848989,
        0.8301504629629614,
        0.8476896367521369,
        0.868300391737892,
        0.8762909544159551,
        0.8889334045584046,
        0.897769764957265,
        0.9074296652421643,
        0.9162215099715089,
        0.9193376068376048,
        0.9268384971509961,
        0.9341613247863231,
        0.9388354700854689,
        0.9419070512820507,
        0.9478498931623938,
        0.9530582264957275,
        0.9543714387464403,
        0.9585113960113989,
        0.961850071225074,
        0.9619168447293478,
        0.9654113247863284,
        0.9679264601139642,
        0.9683938746438785,
        0.9698628917378964,
        0.9722222222222268,
        0.9731793091168142,
        0.9767405626780673,
        0.9764734686609741,
        0.97671830484331,
        0.9777644230769288,
        0.9796118233618288,
        0.9792556980057032,
        0.9804798789173841,
        0.9804131054131108,
        0.980947293447298,
        0.9830617877492924,
        0.9857327279202338
    ],
    "valid_accs": [
        0.6306640625000001,
        0.7371093749999998,
        0.7974609375000002,
        0.8400390625000002,
        0.8062499999999996,
        0.85,
        0.8890625,
        0.8779296875,
        0.9064453125,
        0.9199218749999998,
        0.9232421875000001,
        0.9080078125000001,
        0.9279296874999998,
        0.9216796875000001,
        0.9353515625,
        0.9445312499999999,
        0.9503906249999999,
        0.9492187500000001,
        0.9562500000000002,
        0.9568359374999997,
        0.9611328124999999,
        0.9589843750000002,
        0.9601562500000003,
        0.9628906250000001,
        0.9585937499999999,
        0.969921875,
        0.9761718750000001,
        0.9613281250000002,
        0.9769531250000002,
        0.9775390625,
        0.981640625,
        0.9755859375,
        0.9781250000000001,
        0.9761718749999998,
        0.9814453125000001,
        0.97578125,
        0.9763671875,
        0.9677734374999999,
        0.9814453124999998,
        0.9689453125
    ],
    "test_loss": 0.5356138014717948,
    "test_acc": 0.883999208860759,
    "gradient_flows": [
        {
            "hidden_layers": [
                0.007720986381173134,
                0.0017053688352461904,
                0.0006212334701558575,
                0.00025746156461536884,
                7.400922368105967e-05
            ],
            "output_layer": 0.014195689931511879
        },
        {
            "hidden_layers": [
                0.008157946169376373,
                0.001314937515417114,
                0.0005837350981892087,
                0.00023908488583401777,
                6.569993729499402e-05
            ],
            "output_layer": 0.013369478285312653
        },
        {
            "hidden_layers": [
                0.0055593387223780155,
                0.000930317139136605,
                0.00042542090523056686,
                0.00017281749387620948,
                4.763716833622311e-05
            ],
            "output_layer": 0.012309744022786617
        },
        {
            "hidden_layers": [
                0.006863838527351618,
                0.0008466272556688637,
                0.0003906553902197629,
                0.00016197646255022846,
                4.4472646550275385e-05
            ],
            "output_layer": 0.010896741412580013
        },
        {
            "hidden_layers": [
                0.01096156146377325,
                0.0010370031232014298,
                0.00043772670323960483,
                0.000171700565260835,
                4.441013106770697e-05
            ],
            "output_layer": 0.010583908297121525
        },
        {
            "hidden_layers": [
                0.008304314687848091,
                0.0008044036076171324,
                0.0003811002097791061,
                0.00015653496302547865,
                4.237862185618724e-05
            ],
            "output_layer": 0.013431570492684841
        },
        {
            "hidden_layers": [
                0.007746333722025156,
                0.0007854189752833918,
                0.00035732519609155133,
                0.00015961061217240058,
                4.032725337310694e-05
            ],
            "output_layer": 0.00967383198440075
        },
        {
            "hidden_layers": [
                0.006028494331985712,
                0.0007788797665853053,
                0.00037301229167496786,
                0.00016654485079925507,
                4.453968676898512e-05
            ],
            "output_layer": 0.013782069087028503
        },
        {
            "hidden_layers": [
                0.009184314869344234,
                0.0008362444204976782,
                0.00038961038808338344,
                0.0001632349558349233,
                4.131190007683472e-05
            ],
            "output_layer": 0.005720756482332945
        },
        {
            "hidden_layers": [
                0.007295683491975069,
                0.0006698890938423574,
                0.00032796709274407476,
                0.00014281577932706568,
                3.5791647860605735e-05
            ],
            "output_layer": 0.005109970457851887
        },
        {
            "hidden_layers": [
                0.005727711599320173,
                0.000620176550000906,
                0.00028725547599606216,
                0.0001301189749938203,
                3.2401826274508494e-05
            ],