{
    "train_losses": [
        1.6790677156203844,
        1.3702497747209332,
        1.248832561691261,
        1.1742826837759754,
        1.1176175857201596,
        1.0743700549473452,
        1.0387515476626217,
        1.0063818896937573,
        0.9835404402170422,
        0.9500166140390596,
        0.9353929583163679,
        0.9138317317025282,
        0.8938651095088731,
        0.8763429208358811,
        0.8539961817597392,
        0.8410257943335422,
        0.8260907040022714,
        0.8137421441553664,
        0.8019627336083648,
        0.7904616239403726,
        0.7715806841340834,
        0.7660221073702191,
        0.7555909880206113,
        0.7391399489848364,
        0.7314243702976782,
        0.7200056830702342,
        0.7128446035065873,
        0.7017954000380646,
        0.6903050108852553,
        0.6791211337785096
    ],
    "valid_losses": [
        1.607566657662392,
        1.3889958262443545,
        1.2528270423412324,
        1.2562601417303085,
        1.091011676192284,
        1.1568024352192878,
        1.166999477148056,
        0.9904985114932062,
        1.0563592329621314,
        0.9435832992196085,
        0.94001185297966,
        0.9389761686325072,
        0.9589947342872618,
        0.8928653687238692,
        0.891426980495453,
        0.8447607234120369,
        0.898389746248722,
        0.8885118648409842,
        0.9045711830258367,
        0.8307390689849853,
        0.9244436144828795,
        0.7221972331404688,
        0.7309986203908919,
        0.8362418591976166,
        0.8569721370935439,
        0.8446186780929565,
        0.7177765130996703,
        0.8154137343168261,
        0.7136490009725092,
        0.7673417210578919
    ],
    "train_accs": [
        0.3842592592592592,
        0.5060986467236466,
        0.5501469017094013,
        0.5776575854700857,
        0.6023415242165238,
        0.6180332977207976,
        0.6292957621082617,
        0.6423388532763529,
        0.6504184472934473,
        0.6609686609686604,
        0.6697382478632473,
        0.6776175213675208,
        0.6836716524216521,
        0.6906606125356122,
        0.6977608618233619,
        0.7021011396011391,
        0.7059740028490024,
        0.7126736111111108,
        0.7159455128205118,
        0.7195067663817656,
        0.7276308760683754,
        0.7307247150997139,
        0.7330172720797712,
        0.7403623575498569,
        0.7402510683760675,
        0.7436120014245007,
        0.7474626068376056,
        0.7505119301994291,
        0.758101851851851,
        0.7589476495726489
    ],
    "valid_accs": [
        0.47226562499999997,
        0.5423828124999998,
        0.5890625,
        0.5990234375000002,
        0.6410156250000001,
        0.6207031250000001,
        0.63515625,
        0.6837890625,
        0.6671875,
        0.6880859375000001,
        0.6955078124999999,
        0.6960937499999998,
        0.6962890624999999,
        0.7156250000000001,
        0.7175781249999998,
        0.7330078125,
        0.7197265625,
        0.7244140625,
        0.7224609374999998,
        0.7376953125,
        0.7197265625,
        0.765234375,
        0.7640625000000002,
        0.7462890625,
        0.73203125,
        0.7542968750000001,
        0.7783203125,
        0.7617187500000001,
        0.7751953125000002,
        0.7679687499999999
    ],
    "test_loss": 0.9864071079447299,
    "test_acc": 0.725178006329114,
    "gradient_flows": [
        {
            "hidden_layers": [
                0.000947031076066196,
                0.0011573355623113457,
                0.000433508485002676
            ],
            "output_layer": 0.003945563919842243
        },
        {
            "hidden_layers": [
                0.0011136139510199428,
                0.0011922935118491296,
                0.0003635014218161814
            ],
            "output_layer": 0.004432703834027052
        },
        {
            "hidden_layers": [
                0.0012659358326345682,
                0.0012429381058609579,
                0.00034797297303157393
            ],
            "output_layer": 0.004840288311243057
        },
        {
            "hidden_layers": [
                0.0016752677038311958,
                0.00142771951504983,
                0.00043678702786564827
            ],
            "output_layer": 0.004490598104894161
        },
        {
            "hidden_layers": [
                0.0019502993673086166,
                0.0015065282714203931,
                0.00035588559512689244
            ],
            "output_layer": 0.004992746748030186
        },
        {
            "hidden_layers": [
                0.0015475002583116293,
                0.00137158335201093,
                0.0004587093208101578
            ],
            "output_layer": 0.004432033747434616
        },
        {
            "hidden_layers": [
                0.001588701969012618,
                0.0013680012489203364,
                0.00033828957566583995
            ],
            "output_layer": 0.004216366913169622
        },
        {
            "hidden_layers": [
                0.0014776590978726745,
                0.0011575697571970522,
                0.00034123519253626
            ],
            "output_layer": 0.004722794983536005
        },
        {
            "hidden_layers": [
                0.0017557790270075202,
                0.0013858239763067104,
                0.00030558506296074484
            ],
            "output_layer": 0.0048428610898554325
        },
        {
            "hidden_layers": [
                0.0018643827643245459,
                0.0014575443456124049,
                0.00030982698444859125
            ],
            "output_layer": 0.004021466244012117
        },
        {
            "hidden_layers": [
                0.001769575639627874,
                0.0014145493223622907,
                0.00032051616562966956
            ],
            "output_layer": 0.004431815352290869
        },
        {
            "hidden_layers": [
                0.0023286142386496067,
                0.0014023817639099434,
                0.00033141273524961434
            ],
            "output_layer": 0.005454676691442728
        },
        {
            "hidden_layers": [
                0.0014972565695643425,
                0.0013692639367945958,
                0.0003247017375542782
            ],
            "output_layer": 0.003746936796233058
        },
        {
            "hidden_layers": [
                0.0018420587293803692,
                0.0014660268207080662,
                0.00034032189250865486
            ],
            "output_layer": 0.004114347975701094
        },
        {
            "hidden_layers": [
                0.002098850207403302,
                0.0013610401765618008,
                0.00028561375256686006
            ],
            "output_layer": 0.004323028959333897
        },
        {
            "hidden_layers": [
                0.001999784028157592,
                0.0013514565580408089,
                0.0003028136179636931
            ],
            "output_layer": 0.004062093794345856
        },
        {
            "hidden_layers": [
                0.0017112134955823421,
                0.0012345828945399262,
                0.0002643705038281041
            ],
            "output_layer": 0.004136112984269857
        },
        {
            "hidden_layers": [
                0.0021654185838997364,
                0.0015610239061061293,
                0.0003096553564319038
            ],
            "output_layer": 0.004614022560417652
        },
        {
            "hidden_layers": [
                0.0019709367770701647,
                0.001372789960441878,
                0.0003022359405804309
            ],