{
    "train_losses": [
        2.093829176364799,
        1.3734183043156596,
        1.2039110132432054,
        1.0934266339340102,
        1.0088595396433118,
        0.9369836726419606,
        0.8859718555738445,
        0.8405212583365266,
        0.8007277776712712,
        0.7594910409205998,
        0.7289056257474787,
        0.6924399521276141,
        0.662684133929065,
        0.6343201683287606,
        0.6044429676485193
    ],
    "valid_losses": [
        1.5192046374082566,
        1.3346555590629579,
        1.1528596431016922,
        1.1471665799617765,
        0.9771007165312766,
        0.928784407675266,
        0.8367339730262757,
        0.8339267298579216,
        0.8087717920541763,
        0.7696722745895387,
        0.6476474560797215,
        0.6585194572806357,
        0.6126528717577457,
        0.6022864259779453,
        0.5464917853474617
    ],
    "train_accs": [
        0.30666844729344683,
        0.4995548433048435,
        0.5659499643874644,
        0.6080617877492873,
        0.6427617521367517,
        0.6682914886039876,
        0.6854967948717944,
        0.7026130698005697,
        0.7151219729344728,
        0.7307692307692301,
        0.7420539529914518,
        0.7541399572649565,
        0.7655804843304831,
        0.7740162037037032,
        0.7857238247863234
    ],
    "valid_accs": [
        0.45527343750000004,
        0.5455078125,
        0.6052734375000001,
        0.6109375,
        0.6697265625,
        0.6957031250000001,
        0.7162109375,
        0.7257812499999999,
        0.7376953125000001,
        0.7533203125000002,
        0.7791015625,
        0.7769531250000001,
        0.796875,
        0.8025390625000001,
        0.8175781250000004
    ],
    "test_loss": 0.8446031469333021,
    "test_acc": 0.7380340189873419
}