{
    "train_losses": [
        2.091853689603996,
        1.364016754335148,
        1.1978690683671895,
        1.0881295711905865,
        1.0101977442404488,
        0.9396629758030611,
        0.8889861312347255,
        0.8350073202722768,
        0.7974636683776504,
        0.7599185338387126,
        0.719944129981886,
        0.685676299099229,
        0.6559721109194632,
        0.624108539177821,
        0.5986572481118712,
        0.5619854859986536,
        0.5280936372246157,
        0.49904338272548465,
        0.4659161577027747,
        0.4347264749287199,
        0.4098767952362018,
        0.38073230252476503,
        0.3517164276790754,
        0.3194202420718306,
        0.2963962807529672,
        0.2702782084884127,
        0.25088378725483207,
        0.2307005732763357,
        0.21410423101183354,
        0.20042774329582863,
        0.19003194264876527,
        0.17885715753222128,
        0.16663720323956263,
        0.15887230237749558,
        0.14994121551980658,
        0.14666502827253097,
        0.13783452664090698,
        0.13474972187368955,
        0.125076469676065,
        0.12183859120746623
    ],
    "valid_losses": [
        1.4986740738153463,
        1.299954405426979,
        1.1396280944347381,
        1.1199062883853914,
        0.9975281268358231,
        0.9043119639158249,
        0.849062575399876,
        0.8456064268946646,
        0.7891304329037668,
        0.7505507215857505,
        0.6688557639718055,
        0.6576893731951714,
        0.5846942380070687,
        0.5378250136971475,
        0.5131357721984388,
        0.4583980791270733,
        0.4340904287993908,
        0.4490573696792126,
        0.3603340022265911,
        0.3165553893893958,
        0.30697830431163303,
        0.31380077451467514,
        0.23368940984364595,
        0.24507061177864667,
        0.27052114941179756,
        0.2520409861812367,
        0.17359602875076235,
        0.20403832387892173,
        0.21928750645602124,
        0.20703374164877456,
        0.18705232040956618,
        0.1652256643224973,
        0.18019929485453756,
        0.15688101116174955,
        0.17519084214291067,
        0.1722738613840193,
        0.1752039114637228,
        0.1614978409184914,
        0.14220820435102724,
        0.1516795187408206
    ],
    "train_accs": [
        0.30726940883190834,
        0.5048522079772081,
        0.568843482905984,
        0.6123798076923075,
        0.6417824074074067,
        0.6652866809116804,
        0.6818242521367514,
        0.7041933760683758,
        0.7155003561253555,
        0.7310808404558398,
        0.744413283475783,
        0.7561431623931616,
        0.768629807692307,
        0.7779558404558392,
        0.7859018874643868,
        0.7999020655270656,
        0.8112758190883175,
        0.8211360398860396,
        0.8336226851851852,
        0.8455751424501419,
        0.851161858974358,
        0.861511752136752,
        0.8731748575498575,
        0.8865073005698005,
        0.8941194800569804,
        0.9036458333333331,
        0.9101896367521363,
        0.9180243945868938,
        0.9241675569800565,
        0.9292423433048413,
        0.9335158475783463,
        0.9356303418803412,
        0.941417378917379,
        0.9440215455840454,
        0.9475382834757838,
        0.9475827991452993,
        0.9512553418803423,
        0.9526798433048447,
        0.9560630341880361,
        0.9569088319088337
    ],
    "valid_accs": [
        0.46777343750000006,
        0.5509765625,
        0.60078125,
        0.6158203125000001,
        0.6599609375000001,
        0.6984374999999999,
        0.715625,
        0.7146484374999997,
        0.7318359374999998,
        0.7638671875000003,
        0.7783203124999998,
        0.778515625,
        0.8054687500000001,
        0.8199218750000001,
        0.8255859375000001,
        0.8470703125,
        0.8593750000000002,
        0.8501953125,
        0.8738281249999998,
        0.88984375,
        0.896484375,
        0.8986328124999999,
        0.9306640625000001,
        0.9300781249999999,
        0.9166015625000002,
        0.9250000000000002,
        0.9494140625000003,
        0.943359375,
        0.9388671874999999,
        0.9439453124999999,
        0.9515625000000001,
        0.9585937500000001,
        0.9558593750000003,
        0.9632812499999999,
        0.9617187500000002,
        0.9554687500000001,
        0.9583984375000001,
        0.96484375,
        0.9654296875000001,
        0.9681640624999999
    ],
    "test_loss": 1.3865500681007963,
    "test_acc": 0.7511867088607598,
    "gradient_flows": [
        {
            "hidden_layers": [
                0.0005241798935458064,
                0.0008642543989481055,
                0.0002985965165862581,
                0.0002095208747050492,
                0.0003064712473133113
            ],
            "output_layer": 0.004872822668403387
        },
        {
            "hidden_layers": [
                0.0005343221127986908,
                0.0009399735808983678,
                0.00020708009105874225,
                0.00015983267894625897,
                0.00017809615383157507
            ],
            "output_layer": 0.004691198468208313
        },
        {
            "hidden_layers": [
                0.0006226272089406848,
                0.0009830645158217521,
                0.00020563212638080586,
                0.00016602414780209074,
                0.0001538627802801784
            ],
            "output_layer": 0.003982241731137037
        },
        {
            "hidden_layers": [
                0.0007007205276750028,
                0.0008976414337666938,
                0.00017437759470340097,
                0.00012299820218686364,
                0.0001346853514405666
            ],
            "output_layer": 0.003572822315618396
        },
        {
            "hidden_layers": [
                0.0006749638123437762,
                0.0010228231376459007,
                0.00018564573656476568,
                0.00012370230706437724,
                0.00011412138746891287
            ],
            "output_layer": 0.0038188293110579252
        },
        {
            "hidden_layers": [
                0.000764850527048111,
                0.0009312671336374478,
                0.00016958453443294275,
                0.00011306596024951432,
                0.00014162859861244215
            ],
            "output_layer": 0.004157662857323885
        },
        {
            "hidden_layers": [
                0.000939592719078064,
                0.0010155943309655413,
                0.00019167389928043121,
                0.0001377100961690303,
                0.0001498221508882125
            ],
            "output_layer": 0.005086499731987715
        },
        {
            "hidden_layers": [
                0.0006858807755634189,
                0.0008693573972777813,
                0.00018831643274097587,
                0.0001134223507506249,
                9.455855297346716e-05
            ],
            "output_layer": 0.004309471696615219
        },
        {
            "hidden_layers": [
                0.0008571569342166185,
                0.001019769116282987,
                0.00019172486554452917,
                0.00012003163465124089,
                0.0001294898643209308
            ],
            "output_layer": 0.004601686727255583
        },
        {
            "hidden_layers": [
                0.0007311144145205617,
                0.001140065178333316,
                0.00018695947755986708,
                0.00013150089034752455,
                0.00013749676327279303
            ],
            "output_layer": 0.00490876380354166
        },
        {
            "hidden_layers": [
                0.0006348464521579444,
                0.0007645058135494764,
                0.00016642227592456038,
                0.00011756581670852029,
                0.00010880294462367601
            ],