{
    "train_losses": [
        2.6052932820768433,
        2.3137550761557018,
        2.232882674942668,
        2.186574205034479,
        2.153211556268895,
        2.1205149437287587,
        2.094091564162165,
        2.068112292860308,
        2.0409908148637865,
        2.020206834855582,
        1.9981578255650656,
        1.9777981497962926,
        1.9596545770976612,
        1.9407638980452504,
        1.9249639731866337,
        1.90843627867196,
        1.8981529280670681,
        1.8805770296656525,
        1.86843587869932,
        1.8560016848083223,
        1.8422223091804741,
        1.8288454866816852,
        1.8185893694559747,
        1.8100776499153206,
        1.7979143317948045,
        1.7851168049706352,
        1.778281551480633,
        1.766391657356524,
        1.7615849251760711,
        1.7505013851019053,
        1.7423164518470453,
        1.7342333569485922,
        1.724988322312336,
        1.7162469574528887,
        1.7095714457693931,
        1.7003245961632159,
        1.6976082878574672,
        1.6891482416381185,
        1.679355942965234,
        1.6750538342359065
    ],
    "valid_losses": [
        2.3989952623844144,
        2.262989902496338,
        2.2054274737834936,
        2.1682023048400882,
        2.1339626550674438,
        2.1096804797649384,
        2.0835084319114694,
        2.0649205982685097,
        2.036894276738167,
        2.0180317759513855,
        1.9972827136516569,
        1.9833324760198594,
        1.9647838532924657,
        1.9509386003017428,
        1.9361681669950481,
        1.91758633852005,
        1.9079118251800535,
        1.8936919748783112,
        1.8797322124242781,
        1.8656633168458943,
        1.8562929034233093,
        1.845801293849945,
        1.832182246446609,
        1.8246390879154206,
        1.8085329532623289,
        1.797854360938072,
        1.7920693457126622,
        1.7837726801633835,
        1.7716457217931745,
        1.762718763947487,
        1.7544927775859833,
        1.7409951686859129,
        1.7349177300930028,
        1.7271119624376292,
        1.7184503823518749,
        1.7142054826021194,
        1.7067098319530485,
        1.692230087518692,
        1.6894053578376769,
        1.6832458704710007
    ],
    "train_accs": [
        0.10454504985754963,
        0.14959490740740725,
        0.17599269943019905,
        0.19495637464387414,
        0.21078169515669481,
        0.2235354344729342,
        0.23528757122507094,
        0.2433671652421648,
        0.2544515669515667,
        0.2637553418803414,
        0.2686075498575498,
        0.2790242165242163,
        0.2864583333333329,
        0.29329148860398824,
        0.2996349715099713,
        0.30268429487179477,
        0.3064236111111112,
        0.31445868945868927,
        0.3153490028490028,
        0.32142539173789153,
        0.32532051282051244,
        0.33001691595441607,
        0.33600427350427325,
        0.33693910256410237,
        0.34241452991453003,
        0.3475115740740741,
        0.3484686609686603,
        0.35392183048433007,
        0.3538995726495724,
        0.3589966168091167,
        0.36291399572649535,
        0.36295851139601115,
        0.366786858974359,
        0.36852297008547,
        0.3742432336182333,
        0.3766025641025642,
        0.37878383190883214,
        0.381298967236467,
        0.38185541310541254,
        0.382656695156695
    ],
    "valid_accs": [
        0.13261718749999998,
        0.16699218749999997,
        0.18984375,
        0.20761718749999997,
        0.2259765625,
        0.23378906249999998,
        0.24355468749999995,
        0.24414062499999994,
        0.2634765625,
        0.26992187500000003,
        0.27363281249999993,
        0.2791015625,
        0.2873046875000001,
        0.292578125,
        0.2931640625000001,
        0.2984374999999999,
        0.3015625,
        0.3060546875,
        0.31035156249999996,
        0.3160156250000001,
        0.3222656249999999,
        0.3267578125,
        0.33125000000000004,
        0.3349609374999999,
        0.33808593750000004,
        0.344140625,
        0.346484375,
        0.3484375000000001,
        0.35214843749999997,
        0.35390625000000003,
        0.3587890624999999,
        0.36289062499999986,
        0.36542968749999993,
        0.37109375000000006,
        0.369140625,
        0.3712890625,
        0.3734375,
        0.38359375,
        0.3849609375,
        0.38222656250000003
    ],
    "test_loss": 1.6728776693344118,
    "test_acc": 0.38370253164556956,
    "gradient_flows": [
        {
            "hidden_layers": [
                0.021549640223383904,
                0.008872686186805367,
                0.003365739423315972,
                0.0015471167280338705,
                0.0007640581752639264
            ],
            "output_layer": 0.03148418664932251
        },
        {
            "hidden_layers": [
                0.020595118403434753,
                0.008722067344933748,
                0.0033927730983123183,
                0.0015404088771902025,
                0.0007551485614385456
            ],
            "output_layer": 0.013171120546758175
        },
        {
            "hidden_layers": [
                0.017201749607920647,
                0.008959046914242208,
                0.003419085289351642,
                0.0015589807007927448,
                0.0007580377568956465
            ],
            "output_layer": 0.026567697525024414
        },
        {
            "hidden_layers": [
                0.018172694370150566,
                0.008966423338279128,
                0.0033881981507875025,
                0.001543328515253961,
                0.0007417427259497344
            ],
            "output_layer": 0.019926754757761955
        },
        {
            "hidden_layers": [
                0.019496632739901543,
                0.008496966329403222,
                0.0032671676017344,
                0.001485138200223446,
                0.0007021017518127337
            ],
            "output_layer": 0.013558784499764442
        },
        {
            "hidden_layers": [
                0.013870837166905403,
                0.008174867951311171,
                0.0032183198491111398,
                0.0014844446850474924,
                0.0007407485245494172
            ],
            "output_layer": 0.02326192334294319
        },
        {
            "hidden_layers": [
                0.016511697322130203,
                0.00808002008125186,
                0.003197936399374157,
                0.0014795497118029743,
                0.000718458162737079
            ],
            "output_layer": 0.013238489627838135
        },
        {
            "hidden_layers": [
                0.015796391293406487,
                0.0079488082556054,
                0.0031062133493833244,
                0.0014485516294371337,
                0.0007071454456308857
            ],
            "output_layer": 0.023544518277049065
        },
        {
            "hidden_layers": [
                0.019800711423158646,
                0.008711939910426736,
                0.00317629671189934,
                0.0014609862409997731,
                0.0006969000969547778
            ],
            "output_layer": 0.01491837203502655
        },
        {
            "hidden_layers": [
                0.016823895275592804,
                0.008143847342580557,
                0.0031850163941271603,
                0.0014746914093848318,
                0.0007154544146033004
            ],
            "output_layer": 0.01567387394607067
        },
        {
            "hidden_layers": [
                0.01783541776239872,
                0.008357980754226446,
                0.0032313221599906683,
                0.0015092471148818731,
                0.0007283169543370605
            ],