{
    "train_losses": [
        2.605298191054256,
        2.31380848938923,
        2.2328701141553045,
        2.1866224063427686,
        2.153139013850112,
        2.1204517852207196,
        2.094111149127668,
        2.0681101807162303,
        2.040947475324669,
        2.020199591617638,
        1.99815608191694,
        1.9778508820764702,
        1.9597232093838213,
        1.9408102789495751,
        1.9251089038332638
    ],
    "valid_losses": [
        2.3990433275699616,
        2.2628784179687504,
        2.205388867855072,
        2.1681996524333957,
        2.1338154554367064,
        2.109471088647842,
        2.083384335041047,
        2.0647215187549595,
        2.0369460493326192,
        2.0181320399045943,
        1.9972248971462252,
        1.9833769530057905,
        1.9647761821746825,
        1.950763779878616,
        1.9358109593391415
    ],
    "train_accs": [
        0.1046118233618231,
        0.14950587606837584,
        0.17610398860398815,
        0.19491185897435856,
        0.21026976495726463,
        0.22371349715099675,
        0.23548789173789125,
        0.24372329059829007,
        0.25402866809116775,
        0.2636663105413102,
        0.2684740028490027,
        0.27926905270655233,
        0.28681445868945865,
        0.2931579415954414,
        0.2989227207977206
    ],
    "valid_accs": [
        0.13203125,
        0.16796875000000003,
        0.1890625,
        0.207421875,
        0.22753906249999997,
        0.23398437499999997,
        0.24570312499999997,
        0.24570312499999997,
        0.260546875,
        0.26894531250000003,
        0.2728515625,
        0.2789062500000001,
        0.2863281250000001,
        0.29296874999999994,
        0.29433593750000003
    ],
    "test_loss": 1.9187802121609072,
    "test_acc": 0.29944620253164556
}