{
    "train_losses": [
        1.8172814054706483,
        1.5955075066313782,
        1.5030434542571718,
        1.4410878406291001,
        1.392749792150621,
        1.351817616709957,
        1.3153856958758787,
        1.2887406478240624,
        1.2586665235014043,
        1.2282732368534452,
        1.2136134087529966,
        1.1955202206587177,
        1.1715230372896221,
        1.154394015457555,
        1.129793022772526,
        1.1201954589270466,
        1.1048003151545833,
        1.0831809830122179,
        1.0698320789214897,
        1.0536536759460748,
        1.0391543796259448,
        1.0205876837428822,
        1.01593230762373,
        0.9971923269437588,
        0.9877644697485486,
        0.9713757742843743,
        0.9578277905102807,
        0.9438496135238911,
        0.93695143247262,
        0.9252848920659124,
        0.9133607349504435,
        0.8998752458822352,
        0.889510802903406,
        0.8767214685763383,
        0.8575282694607378,
        0.8581558184066728,
        0.8467600318441365,
        0.8344047815032155,
        0.824927880893066,
        0.8203350495748705
    ],
    "valid_losses": [
        1.675450739264488,
        1.5417273670434952,
        1.4413799077272413,
        1.3720416307449341,
        1.3580543875694275,
        1.3181090265512467,
        1.2848653882741932,
        1.2251223981380464,
        1.2011567577719688,
        1.2039107382297516,
        1.1422966912388806,
        1.1378664717078206,
        1.1029833465814591,
        1.089740350842476,
        1.0563467726111413,
        1.0485427975654602,
        1.0322112336754798,
        1.0323604837059979,
        0.9821782901883128,
        1.0057921841740607,
        0.9528138026595115,
        0.9243634328246116,
        0.91820110976696,
        0.9235348030924795,
        0.9106755420565605,
        0.9004424586892127,
        0.8487544164061546,
        0.8548711419105528,
        0.8731530040502549,
        0.8294777482748029,
        0.8445147171616555,
        0.8182582631707191,
        0.7636215165257454,
        0.7846636593341829,
        0.7625806123018266,
        0.7754953131079673,
        0.7729436591267587,
        0.7386059656739238,
        0.7307200513780117,
        0.7244643837213516
    ],
    "train_accs": [
        0.3549902065527061,
        0.43607549857549843,
        0.46843839031339024,
        0.491475249287749,
        0.5093705484330483,
        0.5235710470085472,
        0.5353009259259259,
        0.5454950142450143,
        0.5512597934472938,
        0.563991274928775,
        0.5721599002848999,
        0.5752759971509973,
        0.5862045940170948,
        0.5942619301994304,
        0.6006054131054125,
        0.6022524928774927,
        0.6079059829059824,
        0.6136039886039882,
        0.6213051994301991,
        0.6284722222222222,
        0.632990562678062,
        0.6367743945868942,
        0.6402021011396009,
        0.6494836182336178,
        0.6501958689458689,
        0.6569845085470085,
        0.6609686609686608,
        0.6682469729344728,
        0.6684472934472925,
        0.67289886039886,
        0.6765491452991447,
        0.6796874999999993,
        0.6856748575498577,
        0.6894809472934468,
        0.6954237891737884,
        0.6978053774928767,
        0.702412749287749,
        0.7053507834757825,
        0.7107594373219371,
        0.7114716880341875
    ],
    "valid_accs": [
        0.40546875,
        0.46269531249999996,
        0.4978515625,
        0.5300781249999998,
        0.5125,
        0.5384765625000001,
        0.55078125,
        0.571484375,
        0.5699218750000001,
        0.5734374999999999,
        0.59375,
        0.5937500000000001,
        0.6111328125,
        0.62109375,
        0.6263671874999999,
        0.6328125,
        0.6388671875,
        0.6333984374999999,
        0.6554687499999999,
        0.6460937499999999,
        0.6701171875,
        0.6779296875,
        0.6740234374999998,
        0.6765625000000001,
        0.6792968749999998,
        0.6832031249999998,
        0.7029296875,
        0.7039062500000001,
        0.7015624999999998,
        0.7046875,
        0.7048828124999998,
        0.7207031249999999,
        0.7402343750000003,
        0.7328124999999999,
        0.7304687500000001,
        0.7306640624999999,
        0.7361328125,
        0.7412109374999999,
        0.7482421875,
        0.75546875
    ],
    "test_loss": 1.278883739362789,
    "test_acc": 0.584553006329114
}