{
    "train_losses": [
        1.8172814054706483,
        1.5955075066313782,
        1.5030434542571718,
        1.4410878406291001,
        1.392749792150621,
        1.351817616709957,
        1.3153856958758787,
        1.2887406478240624,
        1.2586665235014043,
        1.2282732368534452,
        1.2136134087529966,
        1.1955202206587177,
        1.1715230372896221,
        1.154394015457555,
        1.129793022772526,
        1.1201954589270466,
        1.1048003151545833,
        1.0831809830122179,
        1.0698320789214897,
        1.0536536759460748,
        1.0391543796259448,
        1.0205876837428822,
        1.01593230762373,
        0.9971923269437588,
        0.9877644697485486,
        0.9713757742843743,
        0.9578277905102807,
        0.9438496135238911,
        0.93695143247262,
        0.9252848920659124,
        0.9133607349504435,
        0.8998752458822352,
        0.889510802903406,
        0.8767214685763383,
        0.8575282694607378,
        0.8581558184066728,
        0.8467600318441365,
        0.8344047815032155,
        0.824927880893066,
        0.8203350495748705
    ],
    "valid_losses": [
        1.675450739264488,
        1.5417273670434952,
        1.4413799077272413,
        1.3720416307449341,
        1.3580543875694275,
        1.3181090265512467,
        1.2848653882741932,
        1.2251223981380464,
        1.2011567577719688,
        1.2039107382297516,
        1.1422966912388806,
        1.1378664717078206,
        1.1029833465814591,
        1.089740350842476,
        1.0563467726111413,
        1.0485427975654602,
        1.0322112336754798,
        1.0323604837059979,
        0.9821782901883128,
        1.0057921841740607,
        0.9528138026595115,
        0.9243634328246116,
        0.91820110976696,
        0.9235348030924795,
        0.9106755420565605,
        0.9004424586892127,
        0.8487544164061546,
        0.8548711419105528,
        0.8731530040502549,
        0.8294777482748029,
        0.8445147171616555,
        0.8182582631707191,
        0.7636215165257454,
        0.7846636593341829,
        0.7625806123018266,
        0.7754953131079673,
        0.7729436591267587,
        0.7386059656739238,
        0.7307200513780117,
        0.7244643837213516
    ],
    "train_accs": [
        0.3549902065527061,
        0.43607549857549843,
        0.46843839031339024,
        0.491475249287749,
        0.5093705484330483,
        0.5235710470085472,
        0.5353009259259259,
        0.5454950142450143,
        0.5512597934472938,
        0.563991274928775,
        0.5721599002848999,
        0.5752759971509973,
        0.5862045940170948,
        0.5942619301994304,
        0.6006054131054125,
        0.6022524928774927,
        0.6079059829059824,
        0.6136039886039882,
        0.6213051994301991,
        0.6284722222222222,
        0.632990562678062,
        0.6367743945868942,
        0.6402021011396009,
        0.6494836182336178,
        0.6501958689458689,
        0.6569845085470085,
        0.6609686609686608,
        0.6682469729344728,
        0.6684472934472925,
        0.67289886039886,
        0.6765491452991447,
        0.6796874999999993,
        0.6856748575498577,
        0.6894809472934468,
        0.6954237891737884,
        0.6978053774928767,
        0.702412749287749,
        0.7053507834757825,
        0.7107594373219371,
        0.7114716880341875
    ],
    "valid_accs": [
        0.40546875,
        0.46269531249999996,
        0.4978515625,
        0.5300781249999998,
        0.5125,
        0.5384765625000001,
        0.55078125,
        0.571484375,
        0.5699218750000001,
        0.5734374999999999,
        0.59375,
        0.5937500000000001,
        0.6111328125,
        0.62109375,
        0.6263671874999999,
        0.6328125,
        0.6388671875,
        0.6333984374999999,
        0.6554687499999999,
        0.6460937499999999,
        0.6701171875,
        0.6779296875,
        0.6740234374999998,
        0.6765625000000001,
        0.6792968749999998,
        0.6832031249999998,
        0.7029296875,
        0.7039062500000001,
        0.7015624999999998,
        0.7046875,
        0.7048828124999998,
        0.7207031249999999,
        0.7402343750000003,
        0.7328124999999999,
        0.7304687500000001,
        0.7306640624999999,
        0.7361328125,
        0.7412109374999999,
        0.7482421875,
        0.75546875
    ],
    "test_loss": 1.278883739362789,
    "test_acc": 0.584553006329114,
    "gradient_flows": [
        {
            "hidden_layers": [
                0.00018982318579219282,
                0.00046957447193562984,
                0.0016344921896234155,
                0.005632482934743166
            ],
            "output_layer": 0.016190240159630775
        },
        {
            "hidden_layers": [
                0.00013519724598154426,
                0.0003301595279481262,
                0.0010803050827234983,
                0.004909972660243511
            ],
            "output_layer": 0.018534058704972267
        },
        {
            "hidden_layers": [
                0.00016393311670981348,
                0.0004213830397929996,
                0.0015723854303359985,
                0.006291817408055067
            ],
            "output_layer": 0.0228579118847847
        },
        {
            "hidden_layers": [
                0.00014323693176265806,
                0.00039829040179029107,
                0.0015129332896322012,
                0.007514038123190403
            ],
            "output_layer": 0.029967665672302246
        },
        {
            "hidden_layers": [
                0.000124677739222534,
                0.0003510471142362803,
                0.001351891434751451,
                0.005443161353468895
            ],
            "output_layer": 0.020127153024077415
        },
        {
            "hidden_layers": [
                0.00014638478751294315,
                0.0003841878497041762,
                0.0014257488073781133,
                0.0064521776512265205
            ],
            "output_layer": 0.024663535878062248
        },
        {
            "hidden_layers": [
                0.00011929464380955324,
                0.0003341707633808255,
                0.0013238696847110987,
                0.00675631919875741
            ],
            "output_layer": 0.021836737170815468
        },
        {
            "hidden_layers": [
                0.00012506588245742023,
                0.00038214155938476324,
                0.001574358670040965,
                0.007297136355191469
            ],
            "output_layer": 0.030811995267868042
        },
        {
            "hidden_layers": [
                0.00010887273674597964,
                0.00033132126554846764,
                0.0012094934936612844,
                0.005600791424512863
            ],
            "output_layer": 0.02257789857685566
        },
        {
            "hidden_layers": [
                0.00012053842510795221,
                0.00036316635669209063,
                0.0013859798200428486,
                0.006375466473400593
            ],
            "output_layer": 0.0276662465184927
        },
        {
            "hidden_layers": [
                0.00010332997771911323,
                0.0003087242948822677,
                0.001162373460829258,
                0.00490304222330451
            ],
            "output_layer": 0.019172146916389465
        },
        {
            "hidden_layers": [
                0.00012015042011626065,
                0.00037958219763822854,
                0.0016564489342272282,
                0.006874974817037582
            ],
            "output_layer": 0.028563005849719048
        },
        {
            "hidden_layers": [
                0.00011480071407277137,
                0.0003406193573027849,
                0.0014745071530342102,
                0.006624054163694382
            ],