{
    "train_losses": [
        1.8172814054706483,
        1.5955075066313782,
        1.5030434542571718,
        1.4410878406291001,
        1.392749792150621,
        1.351817616709957,
        1.3153856958758787,
        1.2887406478240624,
        1.2586665235014043,
        1.2282732368534452,
        1.2136134087529966,
        1.1955202206587177,
        1.1715230372896221,
        1.154394015457555,
        1.129793022772526
    ],
    "valid_losses": [
        1.675450739264488,
        1.5417273670434952,
        1.4413799077272413,
        1.3720416307449341,
        1.3580543875694275,
        1.3181090265512467,
        1.2848653882741932,
        1.2251223981380464,
        1.2011567577719688,
        1.2039107382297516,
        1.1422966912388806,
        1.1378664717078206,
        1.1029833465814591,
        1.089740350842476,
        1.0563467726111413
    ],
    "train_accs": [
        0.3549902065527061,
        0.43607549857549843,
        0.46843839031339024,
        0.491475249287749,
        0.5093705484330483,
        0.5235710470085472,
        0.5353009259259259,
        0.5454950142450143,
        0.5512597934472938,
        0.563991274928775,
        0.5721599002848999,
        0.5752759971509973,
        0.5862045940170948,
        0.5942619301994304,
        0.6006054131054125
    ],
    "valid_accs": [
        0.40546875,
        0.46269531249999996,
        0.4978515625,
        0.5300781249999998,
        0.5125,
        0.5384765625000001,
        0.55078125,
        0.571484375,
        0.5699218750000001,
        0.5734374999999999,
        0.59375,
        0.5937500000000001,
        0.6111328125,
        0.62109375,
        0.6263671874999999
    ],
    "test_loss": 1.278588233114797,
    "test_acc": 0.5576542721518988
}