{
    "train_losses": [
        1.491882883925044,
        1.1423422881001426,
        0.9511591848145181,
        0.8248836956812106,
        0.7347305226869398,
        0.6563571946233764,
        0.5907275727671434,
        0.5451011369031377,
        0.49121172399262764,
        0.4500311647894716,
        0.4093795762612275,
        0.3726438708454793,
        0.34179318999802605,
        0.315699874250977,
        0.28613834231667373,
        0.26456167149832455,
        0.24436947569633163,
        0.22518280252517145,
        0.20794433007213126,
        0.1902716775183324,
        0.18151779602310947,
        0.1634652441383428,
        0.15295761613509595,
        0.14315976192935922,
        0.13724574621798635,
        0.134888297631445,
        0.12068040753871291,
        0.11899774229721813,
        0.1118712507485494,
        0.11083748009575911,
        0.09884043627994349,
        0.09910144231300735,
        0.09263783303803186,
        0.09339428619293229,
        0.0868796910347677,
        0.08581168763870185,
        0.08278518105376817,
        0.07526662637959866,
        0.07628249189155727,
        0.07399002025885623
    ],
    "valid_losses": [
        1.2230892807245255,
        0.9777280047535897,
        0.908371762931347,
        0.8389592438936231,
        0.7099910512566565,
        0.5946909531950949,
        0.516487580537796,
        0.4650034815073014,
        0.4466219052672386,
        0.40869898498058327,
        0.37689838297665124,
        0.3342659123241902,
        0.29906396083533765,
        0.3205193970352412,
        0.23243498727679257,
        0.21065819850191472,
        0.21019435431808237,
        0.19816541876643892,
        0.18842763714492322,
        0.14029029672965407,
        0.16639411905780432,
        0.18988880906254052,
        0.14616762753576037,
        0.15813690759241578,
        0.1545050472021103,
        0.14425145545974372,
        0.1294798142276704,
        0.17875757422298194,
        0.14083553599193693,
        0.1197591245174408,
        0.11599697638303044,
        0.10217775106430053,
        0.1568893508985639,
        0.1031769963163242,
        0.07620240269461648,
        0.0810220976163691,
        0.10963965154078323,
        0.1265864452107053,
        0.10135737705277281,
        0.09809861639514567
    ],
    "train_accs": [
        0.46127136752136777,
        0.5891203703703701,
        0.6612134971509973,
        0.7092681623931617,
        0.739271723646723,
        0.770254629629629,
        0.7931356837606831,
        0.809851317663816,
        0.8299278846153834,
        0.8416800213675204,
        0.8586182336182335,
        0.8699919871794871,
        0.8814547720797727,
        0.889512108262108,
        0.9010194088319083,
        0.907941595441594,
        0.9158208689458679,
        0.9227875712250695,
        0.9285746082621064,
        0.9343171296296282,
        0.9364761396011382,
        0.9435096153846149,
        0.9470486111111115,
        0.9508769586894599,
        0.9527243589743605,
        0.9535478988604008,
        0.9587117165242195,
        0.9589120370370394,
        0.962317485754989,
        0.9620281339031365,
        0.9655671296296339,
        0.9664574430199468,
        0.9680600071225111,
        0.9678151709401748,
        0.9706419159544204,
        0.9707309472934522,
        0.9716657763532802,
        0.9745815527065579,
        0.9739360754985806,
        0.9741141381766435
    ],
    "valid_accs": [
        0.5576171874999999,
        0.6515625000000002,
        0.692578125,
        0.7132812500000001,
        0.7509765625,
        0.7960937499999999,
        0.8246093749999999,
        0.837890625,
        0.8468750000000002,
        0.8550781250000001,
        0.8732421874999998,
        0.8843749999999999,
        0.9025390625000002,
        0.8912109374999999,
        0.9173828125000001,
        0.9304687499999997,
        0.9291015625000002,
        0.93515625,
        0.9378906249999998,
        0.9560546875000001,
        0.9455078125,
        0.9394531250000001,
        0.9548828125000001,
        0.9507812500000004,
        0.9507812499999999,
        0.953125,
        0.96015625,
        0.9429687500000001,
        0.9552734375,
        0.9607421875,
        0.9626953124999998,
        0.9671875,
        0.9517578125000001,
        0.969921875,
        0.9785156249999999,
        0.9765625000000003,
        0.9695312500000001,
        0.9640624999999998,
        0.9716796875000003,
        0.9740234375000002
    ],
    "test_loss": 0.6719969401631175,
    "test_acc": 0.8357397151898736,
    "gradient_flows": [
        {
            "hidden_layers": [
                0.011831533163785934,
                0.006296765408478677,
                0.0026030276203528047,
                0.001148589697550051,
                0.00045926137681817636
            ],
            "output_layer": 0.01220521330833435
        },
        {
            "hidden_layers": [
                0.012777145020663738,
                0.006513340515084565,
                0.00246710074134171,
                0.001110432596760802,
                0.0004340829764259979
            ],
            "output_layer": 0.008717346005141735
        },
        {
            "hidden_layers": [
                0.012648891657590866,
                0.005802033236250281,
                0.002279809705214575,
                0.0010333129030186683,
                0.00040143343358067796
            ],
            "output_layer": 0.013268849812448025
        },
        {
            "hidden_layers": [
                0.013592136092483997,
                0.005075121356640011,
                0.001955607847776264,
                0.0009214756137225777,
                0.0003806614695349708
            ],
            "output_layer": 0.011994513683021069
        },
        {
            "hidden_layers": [
                0.02262929640710354,
                0.007117666304111481,
                0.002510366903152317,
                0.0011859919468406588,
                0.00048353888269048184
            ],
            "output_layer": 0.01747583970427513
        },
        {
            "hidden_layers": [
                0.01669410616159439,
                0.005761342705227435,
                0.001996206003241241,
                0.0010345629852963611,
                0.0004458873372641392
            ],
            "output_layer": 0.019684428349137306
        },
        {
            "hidden_layers": [
                0.013304444029927254,
                0.004800139751750976,
                0.0019247916352469474,
                0.0009506960632279515,
                0.0004020129708806053
            ],
            "output_layer": 0.011219092644751072
        },
        {
            "hidden_layers": [
                0.012817972339689732,
                0.004707471583969891,
                0.0019400625897105783,
                0.0009877449047053233,
                0.0004335366829764098
            ],
            "output_layer": 0.013275672681629658
        },
        {
            "hidden_layers": [
                0.013743428513407707,
                0.005248281871899962,
                0.0019960316130891442,
                0.0010388681694166735,
                0.0004356003519205842
            ],
            "output_layer": 0.006829188670963049
        },
        {
            "hidden_layers": [
                0.014609107747673988,
                0.004748091567307711,
                0.0018730373121798038,
                0.0010198083036812022,
                0.00044504948527901433
            ],
            "output_layer": 0.007139590568840504
        },
        {
            "hidden_layers": [
                0.017733385786414146,
                0.005184284818824381,
                0.002060195693047717,
                0.00109340317430906,
                0.00044982953477301635
            ],