{
    "train_losses": [
        1.4908611268399448,
        1.1393011560467226,
        0.953423103885433,
        0.8270200489253401,
        0.7370032815851715,
        0.6612119724777691,
        0.5940939236400476,
        0.5474948249651158,
        0.49562094541017204,
        0.45733441484619775,
        0.4112923688273824,
        0.3755967194623076,
        0.3482109167297344,
        0.3143506312896723,
        0.29192908732300143
    ],
    "valid_losses": [
        1.221150913834572,
        0.9695773556828496,
        0.8860009685158731,
        0.8394466668367385,
        0.7317411728203296,
        0.6040646605193616,
        0.4930803276598453,
        0.4597668617963791,
        0.42810880988836286,
        0.41514355987310414,
        0.3705856800079347,
        0.3309487808495761,
        0.30176995135843737,
        0.296994723752141,
        0.2788815278559923
    ],
    "train_accs": [
        0.4618945868945871,
        0.5890090811965807,
        0.6603899572649572,
        0.7072872150997148,
        0.7395388176638167,
        0.7682514245014243,
        0.791466346153846,
        0.8088051994301981,
        0.8271233974358961,
        0.8403222934472926,
        0.856837606837606,
        0.8676771723646723,
        0.8785612535612545,
        0.8918046652421653,
        0.8985265313390309
    ],
    "valid_accs": [
        0.56171875,
        0.6531250000000001,
        0.69453125,
        0.7095703124999999,
        0.7474609374999999,
        0.7892578125000002,
        0.8322265624999998,
        0.8412109375,
        0.853515625,
        0.8517578124999997,
        0.8726562499999999,
        0.8878906250000002,
        0.8992187500000001,
        0.9017578125,
        0.9052734375000001
    ],
    "test_loss": 0.6895092457910125,
    "test_acc": 0.7886669303797467
}