{
    "train_losses": [
        1.7559519975613314,
        1.4179206342778643,
        1.279194558447923,
        1.173897471862642,
        1.092739223924457,
        1.0257862728205838,
        0.962835269266384,
        0.9028851999516492,
        0.8514146422728517,
        0.8068054703905372,
        0.7564482137008949,
        0.7167305105771772,
        0.6780961560048268,
        0.6466204537625329,
        0.6112924076383272,
        0.5812177586759262,
        0.550895697880335,
        0.5311137301120326,
        0.5044375214821251,
        0.4814998293534302,
        0.4640459092254311,
        0.4441776701867413,
        0.42202947333327717,
        0.40556859885185864,
        0.38650655037487314,
        0.3758065406753126,
        0.3594495515707893,
        0.34231741123559445,
        0.33142886932758864,
        0.320396665154699,
        0.30667056958390077,
        0.2969135069779182,
        0.2870605685602227,
        0.27667115263619646,
        0.2630980391787665,
        0.26026670384271194,
        0.25573119969024966,
        0.24625122733944854,
        0.23708035888155646,
        0.22563326182613333
    ],
    "valid_losses": [
        1.4808832943439485,
        1.3054095119237898,
        1.2788028657436372,
        1.109319764375686,
        1.077055063843727,
        1.0186750248074532,
        0.8828184917569161,
        0.8793537020683287,
        0.8254196658730507,
        0.7755794920027256,
        0.7011301055550573,
        0.6668363049626349,
        0.6157653033733369,
        0.7099270075559616,
        0.6054305441677571,
        0.5837896324694156,
        0.5833899565041066,
        0.5155072242021561,
        0.4859634522348642,
        0.4425073839724063,
        0.4419977478682994,
        0.4590668857097626,
        0.5130096726119517,
        0.3986962497234344,
        0.3210527453571556,
        0.3641575396060944,
        0.30988509654998775,
        0.3615498475730419,
        0.4620784804224968,
        0.4146622791886329,
        0.2731482923030854,
        0.4049554515630007,
        0.29718678370118146,
        0.3082180939614772,
        0.25807521492242813,
        0.2518719654530287,
        0.2792428623884916,
        0.21654653735458848,
        0.2548085790127516,
        0.23300351398065686
    ],
    "train_accs": [
        0.357972756410256,
        0.4848869301994302,
        0.5371038105413107,
        0.5786369301994307,
        0.609352742165242,
        0.6373976139601137,
        0.6593660968660962,
        0.6809116809116806,
        0.7005876068376068,
        0.7144987535612533,
        0.7348869301994299,
        0.7489538817663813,
        0.7646011396011393,
        0.7755297364672351,
        0.7889957264957245,
        0.7999910968660965,
        0.8116096866096855,
        0.8186431623931617,
        0.8270121082621074,
        0.8361823361823353,
        0.8417913105413095,
        0.8488693019943012,
        0.8583288817663816,
        0.8641159188034184,
        0.8707042378917378,
        0.8739983974358985,
        0.8812767094017095,
        0.8873085826210831,
        0.8903579059829063,
        0.8952991452991449,
        0.9006187678062673,
        0.9040687321937321,
        0.9077635327635315,
        0.9106793091168075,
        0.9171118233618216,
        0.9165776353276343,
        0.9179131054131033,
        0.9225427350427335,
        0.9249688390313381,
        0.9298655626780611
    ],
    "valid_accs": [
        0.45703125000000006,
        0.5279296874999999,
        0.5462890625,
        0.60546875,
        0.6177734375000001,
        0.6419921875,
        0.6859375000000002,
        0.6853515625000001,
        0.7068359375,
        0.7330078124999998,
        0.7539062500000002,
        0.7685546874999999,
        0.7873046874999999,
        0.7521484375000003,
        0.7923828125000004,
        0.7974609375,
        0.7972656250000001,
        0.8216796875000002,
        0.8333984375,
        0.8513671874999998,
        0.8505859375,
        0.84609375,
        0.8167968750000001,
        0.8724609374999999,
        0.8994140624999999,
        0.8757812500000002,
        0.9003906249999999,
        0.8787109375000003,
        0.8402343750000001,
        0.8666015625,
        0.9154296875,
        0.8595703124999997,
        0.9025390625,
        0.8927734375000002,
        0.9214843750000001,
        0.9203125,
        0.9076171874999999,
        0.9296874999999998,
        0.916796875,
        0.9294921875000001
    ],
    "test_loss": 0.4853726719753649,
    "test_acc": 0.8440466772151897,
    "gradient_flows": [
        {
            "hidden_layers": [
                0.013792215846478939,
                0.0067973247496411204,
                0.002903223328758031,
                0.0013583409017883241,
                0.0006535485881613567
            ],
            "output_layer": 0.014344912953674793
        },
        {
            "hidden_layers": [
                0.013551101088523865,
                0.006260238355025649,
                0.0028092438587918878,
                0.0013007799279876053,
                0.0005890024840482511
            ],
            "output_layer": 0.008337130770087242
        },
        {
            "hidden_layers": [
                0.01289677806198597,
                0.006351191317662597,
                0.0028135559405200183,
                0.0013367020874284208,
                0.00061267788260011
            ],
            "output_layer": 0.019067008048295975
        },
        {
            "hidden_layers": [
                0.01862424425780773,
                0.007203139131888747,
                0.0028438474982976913,
                0.0012867734476458281,
                0.0005685741489287466
            ],
            "output_layer": 0.013063997030258179
        },
        {
            "hidden_layers": [
                0.01603490486741066,
                0.0068145886762067676,
                0.0029244878096506,
                0.001427724346285686,
                0.000604177221248392
            ],
            "output_layer": 0.01145175751298666
        },
        {
            "hidden_layers": [
                0.015600579790771008,
                0.006879112566821277,
                0.00318394775968045,
                0.0015434736560564488,
                0.0006495224879472516
            ],
            "output_layer": 0.019068771973252296
        },
        {
            "hidden_layers": [
                0.018179692327976227,
                0.006242641480639577,
                0.0026569158653728664,
                0.0013155859778635204,
                0.0005334960806067102
            ],
            "output_layer": 0.009923112578690052
        },
        {
            "hidden_layers": [
                0.016861960291862488,
                0.006420496618375182,
                0.003034974040929228,
                0.0015245917020365596,
                0.0006005618924973533
            ],
            "output_layer": 0.01310404110699892
        },
        {
            "hidden_layers": [
                0.017651190981268883,
                0.0071595360059291124,
                0.003206956433132291,
                0.001613181026186794,
                0.0006022169472998939
            ],
            "output_layer": 0.005845061037689447
        },
        {
            "hidden_layers": [
                0.016216255724430084,
                0.0059312415542081,
                0.0029286291683092713,
                0.0015592407726217061,
                0.0005903253695578314
            ],
            "output_layer": 0.007581052370369434
        },
        {
            "hidden_layers": [
                0.017677759751677513,
                0.0068496252642944455,
                0.003192456963006407,
                0.0015969122759997845,
                0.000561197375645861
            ],