{
    "train_losses": [
        1.7551873185356108,
        1.4144456043542282,
        1.27431174051388,
        1.173297656567348,
        1.0869025907285526,
        1.0174256389976561,
        0.9546761118788328,
        0.899304989396337,
        0.8412614580233214,
        0.7977242624318152,
        0.7462226836769679,
        0.7032448211286825,
        0.6676436537011736,
        0.6361595183356193,
        0.6011063876824503
    ],
    "valid_losses": [
        1.4834394603967664,
        1.2949863344430925,
        1.2830306679010388,
        1.1200951114296913,
        1.0644252523779871,
        1.0086762607097626,
        0.9119175925850869,
        0.8702889993786812,
        0.8582524299621581,
        0.8085604473948478,
        0.7141247421503069,
        0.6568093873560427,
        0.6060075581073759,
        0.6667455717921255,
        0.5677306912839413
    ],
    "train_accs": [
        0.35941951566951563,
        0.48461983618233606,
        0.5417779558404558,
        0.5802394943019944,
        0.6134036680911674,
        0.6379095441595439,
        0.6612802706552703,
        0.6809784544159541,
        0.7034811253561248,
        0.7175925925925921,
        0.736044337606837,
        0.7553641381766376,
        0.7668936965811963,
        0.778846153846153,
        0.7912437678062672
    ],
    "valid_accs": [
        0.46289062500000017,
        0.5380859375,
        0.5478515625,
        0.6039062500000002,
        0.6228515625000001,
        0.64609375,
        0.6769531249999999,
        0.6945312500000002,
        0.70234375,
        0.7140625000000002,
        0.7560546874999999,
        0.775,
        0.7935546875000002,
        0.7681640624999999,
        0.805078125
    ],
    "test_loss": 0.688078214850607,
    "test_acc": 0.7612737341772153
}