{
    "train_losses": [
        2.0271951096010334,
        1.6304910644846424,
        1.4792846037112075,
        1.3826230808540627,
        1.3243190209750102,
        1.262789384082512,
        1.226609741520678,
        1.1984233997146638,
        1.1657005069602242,
        1.141029592762644,
        1.1147225730099912,
        1.09123773622377,
        1.0685129462823568,
        1.045811570098257,
        1.0303906470622088
    ],
    "valid_losses": [
        1.9690195500850673,
        1.6932772815227508,
        1.4883163869380953,
        1.4692735224962234,
        1.3448168665170668,
        1.3662878543138506,
        1.3461352080106732,
        1.3186627894639964,
        1.218317213654518,
        1.2088105574250223,
        1.2453304693102831,
        1.0981736302375795,
        1.1042889982461928,
        1.0475775301456451,
        1.2012387305498125
    ],
    "train_accs": [
        0.27969195156695126,
        0.4064058048433046,
        0.4593349358974359,
        0.49926549145299154,
        0.5221020299145298,
        0.5455840455840452,
        0.5609196937321936,
        0.5696002492877491,
        0.5828214031339034,
        0.5919025997151005,
        0.6007612179487178,
        0.6124688390313389,
        0.6198139245014243,
        0.6260238603988603,
        0.6360844017094016
    ],
    "valid_accs": [
        0.35644531250000006,
        0.437109375,
        0.4917968749999999,
        0.520703125,
        0.5566406250000001,
        0.5570312499999999,
        0.5849609374999999,
        0.5748046875,
        0.6138671875000001,
        0.6181640624999999,
        0.5990234374999999,
        0.6380859374999999,
        0.6572265625000001,
        0.6578125000000002,
        0.63828125
    ],
    "test_loss": 1.2586974282807941,
    "test_acc": 0.6237143987341771
}