{
    "train_losses": [
        1.5133208522090207,
        1.1895581241007196,
        1.032626289248127,
        0.9260294744771432,
        0.8466108561920648,
        0.7865366733651552,
        0.7253562100762312,
        0.673968863368374,
        0.6195806178272285,
        0.5756146394119646,
        0.5236400047428587,
        0.47693527695799826,
        0.42632027653887067,
        0.38463419726771136,
        0.3444915322157054
    ],
    "valid_losses": [
        1.2439389452338219,
        1.0707797273993491,
        0.9341361448168755,
        0.8431435257196427,
        0.7696532487869261,
        0.7143353328108786,
        0.6420008115470409,
        0.6020238019526003,
        0.5607617214322089,
        0.5118920385837554,
        0.5068233616650104,
        0.39194935187697405,
        0.37345095872879025,
        0.348737009242177,
        0.34187639057636254
    ],
    "train_accs": [
        0.45586271367521347,
        0.5743634259259257,
        0.6343928062678056,
        0.6728988603988602,
        0.7000534188034178,
        0.7217993233618228,
        0.7424991096866093,
        0.7610844017094016,
        0.778957443019942,
        0.7966301638176628,
        0.8132345085470081,
        0.8319978632478621,
        0.8485131766381756,
        0.8632256054131047,
        0.876179665242166
    ],
    "valid_accs": [
        0.546484375,
        0.6171874999999999,
        0.6779296874999998,
        0.7099609374999999,
        0.7300781249999998,
        0.7513671875000001,
        0.777734375,
        0.789453125,
        0.7966796875000002,
        0.8148437499999999,
        0.82421875,
        0.8658203125,
        0.86796875,
        0.8792968749999999,
        0.884765625
    ],
    "test_loss": 0.8791034787516053,
    "test_acc": 0.7310126582278481
}