{
    "train_losses": [
        2.2036697351694787,
        1.9293714605505312,
        1.8004108983227343,
        1.7125366766568257,
        1.64829161466017,
        1.6013538728752021,
        1.5610453837957143,
        1.5275102150745876,
        1.4967036610654958,
        1.4763102857475598,
        1.445143515907462,
        1.4251348979113116,
        1.404094660384024,
        1.3842745098972593,
        1.3665674816169624
    ],
    "valid_losses": [
        2.023792093992233,
        1.8755555450916288,
        1.768212255835533,
        1.686189916729927,
        1.6242190450429914,
        1.587522813677788,
        1.5339537292718881,
        1.5099618017673493,
        1.4808703362941742,
        1.4593007564544676,
        1.435392194986343,
        1.4106041789054873,
        1.3888809502124784,
        1.3691458821296691,
        1.3591964572668074
    ],
    "train_accs": [
        0.19849537037037007,
        0.294960826210826,
        0.34070067663817666,
        0.37081552706552673,
        0.3944533475783473,
        0.4119257478632476,
        0.4281517094017092,
        0.4421518874643875,
        0.4544159544159544,
        0.4632968304843306,
        0.4745147792022794,
        0.4812811609686606,
        0.48949430199430194,
        0.49919871794871834,
        0.5057202635327631
    ],
    "valid_accs": [
        0.26484375000000004,
        0.3154296874999999,
        0.35371093750000004,
        0.385546875,
        0.3998046875000001,
        0.4115234374999999,
        0.43789062500000014,
        0.44707031250000007,
        0.458203125,
        0.4644531249999999,
        0.4791015625000001,
        0.48359375000000016,
        0.4998046875,
        0.5009765625,
        0.5076171875000001
    ],
    "test_loss": 1.3750752044629444,
    "test_acc": 0.4942642405063291
}