{
    "train_losses": [
        2.203169513971378,
        1.929107964208662,
        1.8013029991731337,
        1.7127303136379972,
        1.6498140714786678,
        1.6028425758041203,
        1.5615346897022009,
        1.5279649547022627,
        1.4973122934330558,
        1.4774396416128877,
        1.445632185351815,
        1.426316634542242,
        1.404746578289912,
        1.384491691222557,
        1.3660635605157274,
        1.3456693419024481,
        1.3319677046561187,
        1.3159762896024256,
        1.297873735767483,
        1.2836533180329197,
        1.269558204205288,
        1.2525027351841291,
        1.2404072940179762,
        1.228439421565445,
        1.2153180603288174,
        1.2034812291123589,
        1.1906043586567943,
        1.1773100048728131,
        1.1693491020433577,
        1.1585795459923918,
        1.1497755857274736,
        1.139182194685325,
        1.1277965169686532,
        1.113294859897037,
        1.1040521294642724,
        1.0955188530802393,
        1.0892368196761832,
        1.0790094597387176,
        1.0674696294670438,
        1.0586048011426576
    ],
    "valid_losses": [
        2.024099460244179,
        1.8741777747869492,
        1.7696397453546526,
        1.6897410452365877,
        1.6236523658037183,
        1.5867905050516127,
        1.5349473178386692,
        1.5130143284797668,
        1.4804977625608438,
        1.4555997729301455,
        1.430584725737572,
        1.4072994202375408,
        1.3879710912704468,
        1.3677795141935352,
        1.3632143199443818,
        1.3402849942445754,
        1.3180226624011993,
        1.3099759548902512,
        1.2918013870716094,
        1.2768583208322528,
        1.2601786077022552,
        1.2565701991319653,
        1.251955977082253,
        1.2376708924770354,
        1.2160055518150328,
        1.212083551287651,
        1.1998898446559907,
        1.1716859877109524,
        1.1658482611179353,
        1.1575331985950466,
        1.1559399753808974,
        1.1330630138516424,
        1.121538858115673,
        1.1210370898246762,
        1.1092130556702615,
        1.102731753885746,
        1.1057505473494524,
        1.0852599188685417,
        1.0761400982737543,
        1.075036437809467
    ],
    "train_accs": [
        0.19914084757834735,
        0.2938034188034186,
        0.34074519230769207,
        0.3709713319088318,
        0.3940972222222221,
        0.412259615384615,
        0.42937589031339035,
        0.4416844729344731,
        0.45437143874643926,
        0.462317485754986,
        0.47228899572649574,
        0.48092503561253586,
        0.4898949430199432,
        0.49770744301994296,
        0.5074341168091167,
        0.5125756766381763,
        0.5207443019943025,
        0.5249287749287752,
        0.5324519230769234,
        0.5369702635327638,
        0.5422676282051282,
        0.5471420940170937,
        0.5543313746438743,
        0.5585381054131052,
        0.5665731837606834,
        0.5701566951566952,
        0.5723157051282051,
        0.5795049857549858,
        0.5807514245014248,
        0.58676103988604,
        0.587362001424501,
        0.5913461538461539,
        0.5953748219373215,
        0.6039440883190883,
        0.6083288817663812,
        0.6091746794871786,
        0.6099537037037037,
        0.6156294515669515,
        0.621728098290598,
        0.6210603632478627
    ],
    "valid_accs": [
        0.26464843749999994,
        0.3179687499999999,
        0.3505859375,
        0.3818359375,
        0.4033203125,
        0.4123046875,
        0.43925781250000007,
        0.4363281250000001,
        0.45292968749999996,
        0.4624999999999999,
        0.47480468750000004,
        0.4820312500000001,
        0.48808593750000007,
        0.5001953125000002,
        0.5041015625,
        0.5154296875,
        0.5263671875000002,
        0.5300781250000001,
        0.536328125,
        0.5433593750000001,
        0.5478515625000001,
        0.5474609375,
        0.5541015625000001,
        0.5591796875,
        0.5695312500000002,
        0.5640624999999999,
        0.5677734375,
        0.5820312500000002,
        0.5818359375000002,
        0.585546875,
        0.5912109375000001,
        0.59765625,
        0.6011718749999998,
        0.6050781250000001,
        0.6029296874999999,
        0.61171875,
        0.6070312500000001,
        0.6113281250000001,
        0.6208984375,
        0.6205078125
    ],
    "test_loss": 1.130379518376121,
    "test_acc": 0.5966178797468354,
    "gradient_flows": [
        {
            "hidden_layers": [
                0.0154502522200346,
                0.008210394065827131,
                0.003160015563480556,
                0.0014359377382788807,
                0.0006858801934868097
            ],
            "output_layer": 0.014463557861745358
        },
        {
            "hidden_layers": [
                0.016818344593048096,
                0.008164157392457128,
                0.003189530165400356,
                0.0014563063450623304,
                0.0006815428350819275
            ],
            "output_layer": 0.007872565649449825
        },
        {
            "hidden_layers": [
                0.019068578258156776,
                0.007926757680252194,
                0.0030811524484306574,
                0.0014366284012794495,
                0.0006831924401922151
            ],
            "output_layer": 0.020334508270025253
        },
        {
            "hidden_layers": [
                0.014182958751916885,
                0.007224756642244756,
                0.0029558204114437103,
                0.0014111556520219892,
                0.0007055977475829422
            ],
            "output_layer": 0.01912081241607666
        },
        {
            "hidden_layers": [
                0.014392017386853695,
                0.007251581875607371,
                0.002992826688569039,
                0.0013752962986472994,
                0.0006440567813115194
            ],
            "output_layer": 0.014842072501778603
        },
        {
            "hidden_layers": [
                0.016188453882932663,
                0.007408450008369982,
                0.0030885798041708767,
                0.001447179907700047,
                0.0007094040338415653
            ],
            "output_layer": 0.023180339485406876
        },
        {
            "hidden_layers": [
                0.014279800467193127,
                0.006825912278145552,
                0.0027691529248841107,
                0.0013005057408008724,
                0.0006085954664740711
            ],
            "output_layer": 0.014646628871560097
        },
        {
            "hidden_layers": [
                0.01529768854379654,
                0.006805043900385499,
                0.0028194996411912143,
                0.001314558438025415,
                0.0006357095408020541
            ],
            "output_layer": 0.020267529413104057
        },
        {
            "hidden_layers": [
                0.012911783531308174,
                0.007007809588685632,
                0.0029975861543789506,
                0.0013678466784767807,
                0.0006273503095144406
            ],
            "output_layer": 0.01099533773958683
        },
        {
            "hidden_layers": [
                0.015234251506626606,
                0.007313526817597449,
                0.0029740110621787608,
                0.0013895313895773143,
                0.0006597933825105429
            ],
            "output_layer": 0.013024223037064075
        },
        {
            "hidden_layers": [
                0.013007567264139652,
                0.006874765502288938,
                0.0028214568155817688,
                0.0012956649297848344,
                0.0005987559270579368
            ],