{
    "train_losses": [
        2.605353356766227,
        2.3138338432692374,
        2.2328664441393995,
        2.186609777629886,
        2.1531224719479556,
        2.12033430871121,
        2.0939667180732466,
        2.067954029792394,
        2.0407637809416515,
        2.0199220785048615,
        1.9978861302731725,
        1.9776332211969927,
        1.9594973471769241,
        1.940481632863014,
        1.924840080432403,
        1.9082502663305336,
        1.8980184908945676,
        1.8805660471277705,
        1.8683493280003205,
        1.8559633021341084,
        1.8421897405912395,
        1.8288428290956735,
        1.8185674865700903,
        1.8102067552740413,
        1.79783475738645,
        1.784951541158888,
        1.778231565768901,
        1.7664190265867457,
        1.7615736216901043,
        1.750590815843002,
        1.7422554200870688,
        1.7341908270816864,
        1.7249328312371188,
        1.7162213756827558,
        1.7094045585376934,
        1.7002241944315766,
        1.6975682162151715,
        1.6891601550952648,
        1.6792517275552128,
        1.6747612212797847
    ],
    "valid_losses": [
        2.399081867933274,
        2.262940216064453,
        2.2054472625255586,
        2.168335288763046,
        2.1338830828666686,
        2.10954207777977,
        2.083394229412079,
        2.0648208737373355,
        2.0368897050619132,
        2.0180364042520527,
        1.9971342504024505,
        1.9831839442253112,
        1.9647571295499797,
        1.9507812261581423,
        1.9358327627182002,
        1.9175454437732697,
        1.9077911764383317,
        1.8938814342021948,
        1.8800284475088123,
        1.8656349599361415,
        1.8564179003238683,
        1.846071338653565,
        1.832152566313744,
        1.8246501773595811,
        1.8085255354642862,
        1.7976602137088777,
        1.792103952169418,
        1.784021043777466,
        1.7715712338685987,
        1.7627036243677137,
        1.7545698046684264,
        1.7411612689495088,
        1.7347415834665296,
        1.7270218580961227,
        1.7186712145805365,
        1.7144052714109415,
        1.7069239199161532,
        1.6923031568527223,
        1.6895197123289103,
        1.6834848433732987
    ],
    "train_accs": [
        0.10456730769230747,
        0.14948361823361794,
        0.1758368945868941,
        0.19513443732193686,
        0.21026976495726474,
        0.22384704415954382,
        0.23548789173789147,
        0.24347845441595403,
        0.25402866809116753,
        0.263532763532763,
        0.26903044871794857,
        0.2787348646723643,
        0.28636930199430166,
        0.2937811609686606,
        0.29994658119658113,
        0.3024394586894582,
        0.3072694088319091,
        0.3150373931623931,
        0.31497061965811973,
        0.3221376424501425,
        0.324452457264957,
        0.3299056267806265,
        0.33544782763532743,
        0.336160078347578,
        0.34208066239316215,
        0.34784544159544145,
        0.34822382478632447,
        0.3532986111111107,
        0.35320957977207945,
        0.35928596866096835,
        0.3624465811965809,
        0.36291399572649524,
        0.3661858974358973,
        0.3690571581196578,
        0.3743990384615385,
        0.37637998575498555,
        0.37762642450142425,
        0.3809873575498575,
        0.3823896011396008,
        0.38276798433048403
    ],
    "valid_accs": [
        0.132421875,
        0.16855468750000002,
        0.18984374999999998,
        0.20859375,
        0.2263671875,
        0.2349609375,
        0.2443359375,
        0.24628906249999996,
        0.26250000000000007,
        0.2705078125,
        0.2748046875,
        0.2794921875,
        0.2863281250000001,
        0.29414062500000004,
        0.2943359375000001,
        0.3013671874999999,
        0.30195312499999993,
        0.30761718749999994,
        0.30996093750000003,
        0.3162109375000001,
        0.32265625000000003,
        0.32812500000000006,
        0.3318359375,
        0.3353515625,
        0.34160156250000007,
        0.3455078125000001,
        0.34628906249999997,
        0.3458984375,
        0.353125,
        0.35488281250000003,
        0.3587890625,
        0.36191406250000013,
        0.36484375,
        0.37109375000000006,
        0.370703125,
        0.3740234375,
        0.37460937499999997,
        0.38203125,
        0.3849609375,
        0.38417968750000003
    ],
    "test_loss": 1.6731517239461968,
    "test_acc": 0.38399920886075956,
    "gradient_flows": [
        {
            "hidden_layers": [
                0.020798975601792336,
                0.008811377454549074,
                0.003365533542819321,
                0.001547876774566248,
                0.0007640011026524007
            ],
            "output_layer": 0.03149404749274254
        },
        {
            "hidden_layers": [
                0.02031814679503441,
                0.008759726420976222,
                0.0033901313436217606,
                0.0015414143563248217,
                0.0007556465570814908
            ],
            "output_layer": 0.01317530032247305
        },
        {
            "hidden_layers": [
                0.018008554354310036,
                0.00896210316568613,
                0.0034141397336497903,
                0.0015596073062624782,
                0.0007585148414364085
            ],
            "output_layer": 0.026577552780508995
        },
        {
            "hidden_layers": [
                0.018665114417672157,
                0.009003132698126137,
                0.003381843736860901,
                0.001542518410133198,
                0.000742259799153544
            ],
            "output_layer": 0.019941164180636406
        },
        {
            "hidden_layers": [
                0.019066758453845978,
                0.00844493170734495,
                0.003278758085798472,
                0.0014857570931781083,
                0.0007024119549896568
            ],
            "output_layer": 0.013566254638135433
        },
        {
            "hidden_layers": [
                0.015141184441745281,
                0.008138879900798202,
                0.003222338855266571,
                0.001485801098169759,
                0.0007407963712466881
            ],
            "output_layer": 0.023284487426280975
        },
        {
            "hidden_layers": [
                0.0175283495336771,
                0.008130312548018992,
                0.0032157112727873027,
                0.0014824258396402001,
                0.0007184943970059976
            ],
            "output_layer": 0.013232611119747162
        },
        {
            "hidden_layers": [
                0.015881890431046486,
                0.008020381792448461,
                0.0031194656039588153,
                0.0014520529366564006,
                0.0007081040821503848
            ],
            "output_layer": 0.02357550524175167
        },
        {
            "hidden_layers": [
                0.019400831311941147,
                0.008596137980930507,
                0.003170848242007196,
                0.0014619877329096198,
                0.0006977404991630465
            ],
            "output_layer": 0.014907612465322018
        },
        {
            "hidden_layers": [
                0.017917871475219727,
                0.00825276249088347,
                0.0031960627529770136,
                0.0014803262311033905,
                0.0007169584569055587
            ],
            "output_layer": 0.01567806862294674
        },
        {
            "hidden_layers": [
                0.01834869757294655,
                0.008390378672629595,
                0.0032258567516691983,
                0.0015097696159500629,
                0.0007297877164091915
            ],