{
    "train_losses": [
        2.605349320631761,
        2.313808528786029,
        2.2328870153834672,
        2.1865677697706083,
        2.1531372083897593,
        2.1203493793465826,
        2.0939952719245545,
        2.0679345524888433,
        2.04084185419599,
        2.0200143600800766,
        1.9979986556914453,
        1.9776829138100993,
        1.959617192249352,
        1.9406062361181975,
        1.9249007508286038
    ],
    "valid_losses": [
        2.399103671312332,
        2.262924230098724,
        2.2054198503494264,
        2.168223994970322,
        2.1337431490421293,
        2.109493714570999,
        2.083316403627396,
        2.064712655544281,
        2.036862343549728,
        2.0180810809135434,
        1.9974777907133099,
        1.9834765136241914,
        1.9649417430162424,
        1.9508631497621536,
        1.9359761118888856
    ],
    "train_accs": [
        0.10461182336182315,
        0.14963942307692282,
        0.17608173076923037,
        0.19486734330484293,
        0.21049234330484293,
        0.2235576923076919,
        0.2351762820512818,
        0.24338942307692257,
        0.2543180199430196,
        0.2639334045584041,
        0.26869658119658096,
        0.2789351851851849,
        0.2862357549857546,
        0.2934027777777776,
        0.29974626068376076
    ],
    "valid_accs": [
        0.13183593749999997,
        0.167578125,
        0.18964843750000002,
        0.20722656249999996,
        0.22871093750000002,
        0.23339843749999994,
        0.24257812500000003,
        0.2455078125,
        0.2619140625,
        0.269921875,
        0.2740234374999999,
        0.28027343750000006,
        0.28710937500000006,
        0.2935546875,
        0.2941406250000001
    ],
    "test_loss": 1.9186750318430645,
    "test_acc": 0.2993473101265822
}