{
    "train_losses": [
        1.4916100658242848,
        1.1420726771028644,
        0.9558542404758963,
        0.8308745362819765,
        0.7400769346799605,
        0.6629489253559008,
        0.5950471742710154,
        0.5445592308316137,
        0.4949898923564158,
        0.4566720217211628,
        0.4065487910794396,
        0.37377554220691334,
        0.3471052581258652,
        0.3150380874461258,
        0.2934658234657728,
        0.264353313507178,
        0.24720754966861486,
        0.22852246363533182,
        0.20673017237770588,
        0.1966100075093768,
        0.1796418933617084,
        0.1656945011766887,
        0.1529588528253415,
        0.14686784996223926,
        0.1401672223609398,
        0.13402975098020328,
        0.12330639050302349,
        0.11875481350596816,
        0.11231799576527038,
        0.11436704489962335,
        0.09983688153517543,
        0.09973603738551463,
        0.09550733407932815,
        0.09205133113426361,
        0.08293712153988343,
        0.08109469648100377,
        0.08469443665313252,
        0.08137958449048878,
        0.07736291883757442,
        0.07897697991434163
    ],
    "valid_losses": [
        1.2124189734458926,
        0.9841620460152627,
        0.9507696226239204,
        0.8134039625525475,
        0.7267518609762188,
        0.6018354535102844,
        0.48672059699893,
        0.5050992503762245,
        0.42649721577763566,
        0.43263284079730513,
        0.3477821461856366,
        0.3405683055520057,
        0.3159641299396753,
        0.29969382919371124,
        0.28001075834035877,
        0.20890614371746774,
        0.25618916377425194,
        0.17757584024220707,
        0.1500145358964801,
        0.18827940486371514,
        0.17960485070943832,
        0.1565486647188664,
        0.14436128297820688,
        0.11584513047710063,
        0.1173576543107629,
        0.12355793928727511,
        0.13679417353123427,
        0.13156714206561446,
        0.14900661678984758,
        0.12501154117053376,
        0.09000961100682617,
        0.09984430503100157,
        0.09822460059076547,
        0.07693953760899604,
        0.07962263107765466,
        0.08096932854969054,
        0.09680003197863699,
        0.09414349907892756,
        0.0977881047176197,
        0.10715968448203059
    ],
    "train_accs": [
        0.46202813390313385,
        0.588519408831909,
        0.6590099715099715,
        0.7055511039886041,
        0.7385372150997145,
        0.768518518518518,
        0.7914886039886039,
        0.8112535612535602,
        0.8260995370370361,
        0.8397881054131049,
        0.8587072649572645,
        0.8702590811965817,
        0.8779602920227928,
        0.8902466168091168,
        0.8972800925925926,
        0.9086761039886031,
        0.9143963675213669,
        0.9199385683760669,
        0.9288639601139583,
        0.9317129629629621,
        0.9377670940170935,
        0.9424189814814817,
        0.9462473290598291,
        0.9494301994302004,
        0.9516559829059839,
        0.9538595085470111,
        0.9583110754985781,
        0.9593571937321964,
        0.9614271723646758,
        0.9611600783475814,
        0.9657006766381808,
        0.9655893874643913,
        0.9671029202279238,
        0.968683226495731,
        0.9716880341880391,
        0.9718215811965862,
        0.9707309472934521,
        0.9728454415954468,
        0.9736467236467284,
        0.973112535612541
    ],
    "valid_accs": [
        0.5666015625,
        0.6474609375,
        0.6687500000000001,
        0.7259765625,
        0.7458984375000002,
        0.7888671875000002,
        0.8335937500000001,
        0.8179687500000001,
        0.8541015624999999,
        0.8507812500000002,
        0.8796874999999998,
        0.8871093749999999,
        0.8937499999999999,
        0.8978515625,
        0.9037109375000001,
        0.9291015625000001,
        0.9134765624999999,
        0.944140625,
        0.9527343749999998,
        0.9326171874999998,
        0.940625,
        0.9527343749999999,
        0.9525390625,
        0.9638671875000002,
        0.9648437499999999,
        0.9628906249999999,
        0.9599609375,
        0.9599609375000002,
        0.9556640624999999,
        0.9597656249999998,
        0.9734375000000001,
        0.9714843749999998,
        0.9736328125,
        0.97890625,
        0.9775390625,
        0.9763671875,
        0.9726562499999998,
        0.9763671875,
        0.9732421874999999,
        0.971484375
    ],
    "test_loss": 0.7301699334307564,
    "test_acc": 0.8268393987341771,
    "gradient_flows": [
        {
            "hidden_layers": [
                0.012867947109043598,
                0.006156479590572417,
                0.0026649023639038205,
                0.0011515916557982564,
                0.0004730076398118399
            ],
            "output_layer": 0.013076284900307655
        },
        {
            "hidden_layers": [
                0.013920087367296219,
                0.006405865657143295,
                0.0025660123210400343,
                0.0011324137303745374,
                0.00043884277692995965
            ],
            "output_layer": 0.008353193290531635
        },
        {
            "hidden_layers": [
                0.01355437096208334,
                0.0056962207891047,
                0.0022683989664074033,
                0.00103813195892144,
                0.000412801731727086
            ],
            "output_layer": 0.01607697829604149
        },
        {
            "hidden_layers": [
                0.015061826445162296,
                0.005258970602881163,
                0.001995809201616794,
                0.0009381466516060755,
                0.0003869680949719623
            ],
            "output_layer": 0.011991697363555431
        },
        {
            "hidden_layers": [
                0.021777961403131485,
                0.0069779132027179,
                0.002509739075321704,
                0.0011592077789828181,
                0.00046783749712631106
            ],
            "output_layer": 0.016138920560479164
        },
        {
            "hidden_layers": [
                0.012975795194506645,
                0.005358451220672578,
                0.0020630494400393218,
                0.0010520276264287531,
                0.0004523877942119725
            ],
            "output_layer": 0.019162002950906754
        },
        {
            "hidden_layers": [
                0.011495649814605713,
                0.004556900006718934,
                0.0017607854097150266,
                0.0008994992676889524,
                0.00038411986679420806
            ],
            "output_layer": 0.008549206890165806
        },
        {
            "hidden_layers": [
                0.010675028897821903,
                0.00472261558752507,
                0.0019505659583956003,
                0.001008704086416401,
                0.00043879695658688433
            ],
            "output_layer": 0.014994531869888306
        },
        {
            "hidden_layers": [
                0.01172830630093813,
                0.004705775761976838,
                0.0019700919510796666,
                0.0010329348151572049,
                0.0004445076483534649
            ],
            "output_layer": 0.0067293765023350716
        },
        {
            "hidden_layers": [
                0.013650980778038502,
                0.004698232456576079,
                0.002025247405981645,
                0.0010784773621708155,
                0.00047856651872280054
            ],
            "output_layer": 0.008007652126252651
        },
        {
            "hidden_layers": [
                0.01628846302628517,
                0.004837467859033495,
                0.0020030096638947725,
                0.0010553368338150904,
                0.0004639507897081785
            ],