{
    "train_losses": [
        1.4895477631153204,
        1.1380523200388313,
        0.9517074636584328,
        0.8303417410605997,
        0.7357154019877445,
        0.6617657280715439,
        0.594127642717796,
        0.5440378120312322,
        0.49472808727511663,
        0.45104400936694594,
        0.4107054466026122,
        0.3734752290863595,
        0.34824880112779777,
        0.31726554422466846,
        0.28981209000800745
    ],
    "valid_losses": [
        1.2196448773145676,
        0.9819440037012099,
        0.8769487947225572,
        0.8433614283800127,
        0.7211680144071577,
        0.6133883237838745,
        0.4956345424056053,
        0.4876536943018437,
        0.41482669189572335,
        0.439044545404613,
        0.4076755873858928,
        0.3449429117143154,
        0.3022631201893092,
        0.28932521119713783,
        0.23946879133582116
    ],
    "train_accs": [
        0.4622061965811966,
        0.5910345441595442,
        0.6615696225071229,
        0.7071314102564098,
        0.7399172008547014,
        0.769008190883191,
        0.7924902065527056,
        0.8096732549857538,
        0.8278356481481469,
        0.8422142094017078,
        0.8579504985754981,
        0.8716835826210827,
        0.8788506054131063,
        0.8891337250712251,
        0.9002626424501424
    ],
    "valid_accs": [
        0.56484375,
        0.6572265624999998,
        0.6968749999999999,
        0.7109374999999999,
        0.7527343750000001,
        0.7808593749999999,
        0.8285156250000001,
        0.8226562500000002,
        0.8572265624999998,
        0.8457031249999998,
        0.8509765624999999,
        0.8855468750000001,
        0.8929687499999999,
        0.8982421875000001,
        0.923828125
    ],
    "test_loss": 0.6370484485656399,
    "test_acc": 0.7998417721518986
}