{
    "train_losses": [
        2.3206566235958013,
        2.2796306263687276,
        2.0458089707583786,
        2.010291587593209,
        1.9994434152233653,
        1.9656022556147354,
        1.9618773385670107,
        1.9691780448978775,
        2.0300548117384944,
        2.0002854284737523,
        2.1625398842357852,
        2.3057013339126886,
        2.3044885441108973,
        2.304563781814358,
        2.3038673013703437
    ],
    "valid_losses": [
        2.31532090306282,
        2.1309601604938506,
        2.0966818451881406,
        2.1414525985717767,
        2.1071465909481044,
        2.137561985850334,
        2.1418431371450426,
        2.1519932240247726,
        2.1956286460161207,
        2.103360310196876,
        2.305453783273697,
        2.3035777986049655,
        2.3063509523868566,
        2.303810292482377,
        2.3029876708984376
    ],
    "train_accs": [
        0.09902510683760667,
        0.11511752136752113,
        0.22224448005697975,
        0.250623219373219,
        0.2570557336182335,
        0.27410523504273465,
        0.278200676638176,
        0.2773548789173785,
        0.2501558048433044,
        0.2618634259259255,
        0.1779291310541309,
        0.10038283475783456,
        0.101807336182336,
        0.09953703703703679,
        0.10044960826210811
    ],
    "valid_accs": [
        0.09355468750000002,
        0.19238281250000003,
        0.24687499999999996,
        0.2564453125000001,
        0.2767578124999999,
        0.2734375,
        0.28515624999999994,
        0.2746093749999999,
        0.25253906249999997,
        0.28242187500000004,
        0.10351562499999999,
        0.10351562499999999,
        0.09804687499999999,
        0.09804687499999999,
        0.10117187500000001
    ],
    "test_loss": 2.302867862242686,
    "test_acc": 0.1009691455696203
}