{
    "train_losses": [
        1.7185208342353848,
        1.450328812639937,
        1.3429106721850892,
        1.2730115412646885,
        1.2232200399762885,
        1.1843585901790192,
        1.1426748928860722,
        1.107939136333954,
        1.0824210156402707,
        1.0416262783216277,
        1.018357614506344,
        1.0019739745688916,
        0.9904860171497376,
        0.9681328796593213,
        0.9491914116758904
    ],
    "valid_losses": [
        2.2629054754972455,
        2.384057331085205,
        1.8574809938669206,
        1.5704459398984911,
        1.3657125890254975,
        1.3472189784049984,
        1.274325713515282,
        1.368312871456146,
        1.2608057677745819,
        1.2075352683663367,
        1.2601323783397675,
        1.1000095173716546,
        1.148741564154625,
        1.1711515203118321,
        1.2408026278018953
    ],
    "train_accs": [
        0.36968037749287735,
        0.47244480056980037,
        0.5122418091168093,
        0.5395521723646729,
        0.5618322649572655,
        0.577457264957265,
        0.5945290242165241,
        0.6059918091168087,
        0.6158965455840456,
        0.630698005698005,
        0.6367521367521368,
        0.6439414173789173,
        0.6492165242165241,
        0.6556267806267799,
        0.663216702279202
    ],
    "valid_accs": [
        0.3857421875,
        0.4111328125,
        0.47265625000000006,
        0.533984375,
        0.5798828125000001,
        0.5847656249999998,
        0.5998046875,
        0.5958984374999999,
        0.62109375,
        0.6359375000000002,
        0.6345703125,
        0.669921875,
        0.6630859375000002,
        0.6615234375,
        0.6560546874999998
    ],
    "test_loss": 1.3319542460803744,
    "test_acc": 0.6316257911392407
}