{
    "train_losses": [
        1.7185208349146393,
        1.450328807545524,
        1.3429106708265781,
        1.2730115346419513,
        1.2232200353913156,
        1.1843585913677148,
        1.1426748927162576,
        1.1079391341263742,
        1.0824210044325597,
        1.0416262934350562,
        1.0183575956570126,
        1.0019739652291326,
        0.9904860239422899,
        0.9681328781309974,
        0.9491914228836023,
        0.9384416321403956,
        0.9231474647494794,
        0.9148862270208505,
        0.9017106868602613,
        0.8873542025897582,
        0.8755684882147697,
        0.8685068304722137,
        0.86607915112096,
        0.8551445652616675,
        0.8456177483936322,
        0.8333067926246557,
        0.8351750214215354,
        0.8186220822171264,
        0.8239543223992368,
        0.8051435966097726,
        0.8011954875073879,
        0.7933549471730184,
        0.7898313367468678,
        0.7831600376343795,
        0.7807217681849451,
        0.7731664335286184,
        0.7671953940663248,
        0.7640630392267492,
        0.7522776272901436,
        0.7431048282191282
    ],
    "valid_losses": [
        2.2629053771495817,
        2.384057378768921,
        1.857480990886688,
        1.570446190237999,
        1.3657126724720003,
        1.3472189873456955,
        1.2743257656693456,
        1.3683130621910093,
        1.260805858671665,
        1.2075353100895883,
        1.260132548213005,
        1.100009401142597,
        1.148741453886032,
        1.1711515441536904,
        1.2408024623990062,
        1.0016668185591697,
        1.104208216071129,
        1.0344654634594919,
        1.0152075946331025,
        1.019649478793144,
        1.1101614832878115,
        1.065149615705013,
        1.0595644682645797,
        1.0228247210383417,
        0.9797863960266112,
        0.9780190929770471,
        1.0078248858451846,
        0.9002147525548934,
        0.9932708561420442,
        1.0131375834345817,
        0.8849743828177451,
        0.9801936879754065,
        0.9315972894430162,
        0.9423907086253166,
        0.9225043803453447,
        0.874222880601883,
        0.8731058984994886,
        0.759471256285906,
        0.7690691888332367,
        0.7640655241906643
    ],
    "train_accs": [
        0.36968037749287735,
        0.47244480056980037,
        0.5122418091168093,
        0.5395521723646729,
        0.5618322649572655,
        0.577457264957265,
        0.5945290242165241,
        0.6059918091168087,
        0.6158965455840456,
        0.630698005698005,
        0.6367521367521368,
        0.6439414173789173,
        0.6492165242165241,
        0.6556267806267799,
        0.663216702279202,
        0.6657540954415959,
        0.6724314458689452,
        0.677862357549857,
        0.6789752492877492,
        0.686520655270655,
        0.6893696581196582,
        0.690860933048433,
        0.6949341168091164,
        0.6980724715099714,
        0.6985398860398855,
        0.7027243589743588,
        0.7043269230769225,
        0.7097133190883186,
        0.7080217236467234,
        0.716902599715099,
        0.7176593660968654,
        0.7176816239316236,
        0.7195290242165233,
        0.7221999643874641,
        0.725382834757834,
        0.7262063746438738,
        0.7276531339031334,
        0.7304576210826208,
        0.7325943732193726,
        0.7370904558404551
    ],
    "valid_accs": [
        0.3857421875,
        0.4111328125,
        0.47265625000000006,
        0.533984375,
        0.5798828125000001,
        0.5847656249999998,
        0.5998046875,
        0.5958984374999999,
        0.62109375,
        0.6359375000000002,
        0.6345703125,
        0.669921875,
        0.6630859375000002,
        0.6615234375,
        0.6560546874999998,
        0.691796875,
        0.6757812500000003,
        0.6908203125000001,
        0.69375,
        0.6990234374999998,
        0.6865234375,
        0.6912109375,
        0.6994140625000002,
        0.7013671874999999,
        0.709765625,
        0.7119140624999998,
        0.7085937499999999,
        0.728515625,
        0.7103515625000001,
        0.7132812500000001,
        0.73359375,
        0.720703125,
        0.7308593749999999,
        0.7373046875000001,
        0.7361328125,
        0.7449218750000001,
        0.7375000000000002,
        0.7650390625000001,
        0.7667968749999998,
        0.7718750000000001
    ],
    "test_loss": 0.9408897289746923,
    "test_acc": 0.7308148734177213,
    "gradient_flows": [
        {
            "hidden_layers": [
                0.0024158870801329613,
                0.001373756444081664,
                0.0006481797463493422
            ],
            "output_layer": 0.004963908810168505
        },
        {
            "hidden_layers": [
                0.0021396218799054623,
                0.0018455091340001673,
                0.0005948934885964263
            ],
            "output_layer": 0.004653737880289555
        },
        {
            "hidden_layers": [
                0.002473077503964305,
                0.0017139373667305335,
                0.0006274861516430974
            ],
            "output_layer": 0.00593909015879035
        },
        {
            "hidden_layers": [
                0.002231254940852523,
                0.001882156175270211,
                0.0006088498703320511
            ],
            "output_layer": 0.005584034137427807
        },
        {
            "hidden_layers": [
                0.0030098489951342344,
                0.0019814219267573208,
                0.0007311817607842386
            ],
            "output_layer": 0.005539203528314829
        },
        {
            "hidden_layers": [
                0.0034530810080468655,
                0.0018055220352835022,
                0.0006211101135704666
            ],
            "output_layer": 0.005590212531387806
        },
        {
            "hidden_layers": [
                0.00372996274381876,
                0.0018326181743759662,
                0.0007234972763399128
            ],
            "output_layer": 0.006233273074030876
        },
        {
            "hidden_layers": [
                0.002732391469180584,
                0.001686285155301448,
                0.0005339711897249799
            ],
            "output_layer": 0.0046069021336734295
        },
        {
            "hidden_layers": [
                0.002373326336964965,
                0.001645631855353713,
                0.0005856665447936393
            ],
            "output_layer": 0.004521505441516638
        },
        {
            "hidden_layers": [
                0.003631399944424629,
                0.0020213267125654966,
                0.0007630076288478449
            ],
            "output_layer": 0.006204495672136545
        },
        {
            "hidden_layers": [
                0.0033882656134665012,
                0.0018347445948165841,
                0.0006712891736242454
            ],
            "output_layer": 0.0051594870164990425
        },
        {
            "hidden_layers": [
                0.003113626269623637,
                0.00194437951722648,
                0.0006839965863036923
            ],
            "output_layer": 0.005103130824863911
        },
        {
            "hidden_layers": [
                0.003527164924889803,
                0.0019187735597370192,
                0.0007068630729918368
            ],
            "output_layer": 0.005478607956320047
        },
        {
            "hidden_layers": [
                0.004041622392833233,
                0.0019793286992353387,
                0.0007569792942376807
            ],
            "output_layer": 0.005263905972242355
        },
        {
            "hidden_layers": [
                0.0033055152744054794,
                0.0019462307100184262,
                0.000779525453253882
            ],