{
    "train_losses": [
        1.50102078676903,
        1.1493447129203387,
        1.0042556542956254,
        0.9160879334153613,
        0.847207859370783,
        0.7949184291383147,
        0.748629380664934,
        0.7044330577225429,
        0.6664725717825766,
        0.6298200364975504,
        0.6023184370960605,
        0.5713215647769453,
        0.5391894280061422,
        0.5085662607623641,
        0.48195907473564154,
        0.4509541031472024,
        0.428843803640105,
        0.40620333852081936,
        0.38383842635358517,
        0.3520371112388763,
        0.34146770635391566,
        0.3286898059722702,
        0.30139529433345547,
        0.2861920969183968,
        0.27125559662312165,
        0.2553043471187608,
        0.24603313364704124,
        0.2298382161944001,
        0.21861109375274407,
        0.20994955339492896,
        0.20442044588490443,
        0.19437235511011544,
        0.18487842606003804,
        0.1797423552711124,
        0.1703935994148425,
        0.16793628319291304,
        0.1642061840753441,
        0.15915108170689346,
        0.14821024888601053,
        0.14847606583962758
    ],
    "valid_losses": [
        1.1939554095268248,
        1.0087324991822242,
        0.8921992555260656,
        0.8334734648466111,
        0.8066708430647852,
        0.7608286574482919,
        0.7149641722440718,
        0.6485657349228857,
        0.5805475860834122,
        0.5673269718885422,
        0.5719541415572167,
        0.520111621171236,
        0.49634789749979974,
        0.4508266299962998,
        0.4162284262478352,
        0.42659995406866075,
        0.39213429391384125,
        0.404353179782629,
        0.355461971461773,
        0.3611848581582308,
        0.3358756352216006,
        0.33659173473715787,
        0.27552146129310123,
        0.30465262811630966,
        0.26856401488184933,
        0.2556728547438979,
        0.2426133584231137,
        0.23293236019089822,
        0.24955001822672787,
        0.2087150026578456,
        0.24948828537017104,
        0.21426614243537187,
        0.22609156714752318,
        0.22436970034614204,
        0.22649993207305663,
        0.2182577243074775,
        0.19470174470916388,
        0.21038490198552606,
        0.17989276833832263,
        0.19156532793713266
    ],
    "train_accs": [
        0.45813301282051294,
        0.5896545584045589,
        0.6441862535612528,
        0.6761707621082619,
        0.6996527777777769,
        0.7205974002848997,
        0.7383814102564102,
        0.750689992877492,
        0.7640001780626771,
        0.7767094017094022,
        0.7874154202279208,
        0.7964521011396003,
        0.8080039173789162,
        0.8196002492877483,
        0.8261663105413097,
        0.839342948717947,
        0.8468883547008541,
        0.8545005341880334,
        0.8620014245014241,
        0.8731971153846156,
        0.8781160968660978,
        0.8815438034188035,
        0.8905804843304849,
        0.8973023504273496,
        0.9015535968660972,
        0.9089209401709394,
        0.9122373575498568,
        0.917824074074072,
        0.9212295227920214,
        0.9244791666666654,
        0.927862357549856,
        0.9307113603988593,
        0.9342058404558389,
        0.9359642094017087,
        0.9393251424501416,
        0.9399706196581187,
        0.9419960826210823,
        0.9430867165242159,
        0.9469150641025643,
        0.9468705484330486
    ],
    "valid_accs": [
        0.5671875000000001,
        0.6496093750000002,
        0.6773437499999999,
        0.7064453125000001,
        0.7124999999999998,
        0.7359375,
        0.7492187499999999,
        0.7744140625,
        0.8019531249999999,
        0.8017578125,
        0.798046875,
        0.8179687500000002,
        0.8257812500000001,
        0.8419921875,
        0.8568359375000001,
        0.8482421875000001,
        0.8644531249999999,
        0.858984375,
        0.873046875,
        0.8732421875000002,
        0.8890625000000001,
        0.8882812499999999,
        0.9074218749999999,
        0.9015624999999998,
        0.9136718749999999,
        0.915625,
        0.9203125000000002,
        0.922265625,
        0.9185546875000002,
        0.9320312500000001,
        0.9199218749999999,
        0.9382812500000001,
        0.9283203125,
        0.9312500000000002,
        0.9285156249999998,
        0.9367187499999999,
        0.9431640625000002,
        0.9388671874999999,
        0.9521484374999999,
        0.9443359375
    ],
    "test_loss": 1.0889053842689416,
    "test_acc": 0.7448575949367087,
    "gradient_flows": [
        {
            "hidden_layers": [
                0.0020271921530365944,
                0.0016754439857322723,
                0.0009598527249181643,
                0.0007602599216625094,
                0.0006502659671241418
            ],
            "output_layer": 0.0067320107482373714
        },
        {
            "hidden_layers": [
                0.0024604909121990204,
                0.0023360660998150706,
                0.001177352896775119,
                0.0008311205601785332,
                0.0007437715539708734
            ],
            "output_layer": 0.007628142833709717
        },
        {
            "hidden_layers": [
                0.003008962608873844,
                0.0021342277759686112,
                0.0011007341236108914,
                0.0007675754168303683,
                0.0005235542412265204
            ],
            "output_layer": 0.006283400114625692
        },
        {
            "hidden_layers": [
                0.0028321302961558104,
                0.002079306694213301,
                0.001142013759817928,
                0.0008341841166839004,
                0.0005760949716204777
            ],
            "output_layer": 0.0069112651981413364
        },
        {
            "hidden_layers": [
                0.0021885887254029512,
                0.001758485974278301,
                0.001021958771161735,
                0.0007040382770355791,
                0.0005349775601644069
            ],
            "output_layer": 0.006649983115494251
        },
        {
            "hidden_layers": [
                0.002827368676662445,
                0.001707582559902221,
                0.0009865339670795947,
                0.000752274616388604,
                0.0005313904548529536
            ],
            "output_layer": 0.006284183356910944
        },
        {
            "hidden_layers": [
                0.0028000096790492535,
                0.0017618584097363055,
                0.0010641834087437019,
                0.0008146182663040236,
                0.00049778119137045
            ],
            "output_layer": 0.007315866649150848
        },
        {
            "hidden_layers": [
                0.002864816691726446,
                0.0018321365932933986,
                0.0011156681866850704,
                0.0007422909693559632,
                0.00043869328510481864
            ],
            "output_layer": 0.006725789047777653
        },
        {
            "hidden_layers": [
                0.0024683026131242514,
                0.0018403364229016006,
                0.0011010868911398575,
                0.0007644397555850446,
                0.0005481217958731577
            ],
            "output_layer": 0.00735729793086648
        },
        {
            "hidden_layers": [
                0.003663916140794754,
                0.0018548406660556793,
                0.0011880513920914382,
                0.0008255275315605104,
                0.0005374922475311905
            ],
            "output_layer": 0.006766599602997303
        },
        {
            "hidden_layers": [
                0.0030398364178836346,
                0.0018478987039998174,
                0.0011761747591663152,
                0.0008339214546140283,
                0.0005592026427621022
            ],