{
    "train_losses": [
        1.4875082062859832,
        1.15237349034035,
        1.011295873724836,
        0.9113048872037489,
        0.8380422308574043,
        0.7828630990112616,
        0.7345103366762145,
        0.6949101052223108,
        0.657598860837795,
        0.6144999668129489,
        0.5699259864638674,
        0.5379904021225089,
        0.5034975716870732,
        0.46849805583641435,
        0.4398262237551546,
        0.40434181779368306,
        0.37107959712332794,
        0.34738676118375234,
        0.3168527362098723,
        0.2971695504254765,
        0.2730042256011583,
        0.2605989196276733,
        0.2339697939760322,
        0.2187444963983321,
        0.20748025853919172,
        0.1954261535125921,
        0.18355004419373655,
        0.17580206806843093,
        0.1719805895220859,
        0.15608592213601125,
        0.15239204130960668,
        0.14401839412430412,
        0.14268881232183206,
        0.1348500044384913,
        0.13056506260040804,
        0.12311609011897,
        0.11627466674692438,
        0.11610239452318928,
        0.11210222002065758,
        0.10840817082386744
    ],
    "valid_losses": [
        1.1823974311351773,
        1.0178811669349672,
        0.8769626110792158,
        0.8112634181976318,
        0.8362066939473153,
        0.72257212549448,
        0.7000689432024956,
        0.6353825844824315,
        0.6189065143465994,
        0.5601902939379216,
        0.5332980997860433,
        0.4628487445414067,
        0.500685952603817,
        0.420904564112425,
        0.36904098745435476,
        0.359630475565791,
        0.34105472341179854,
        0.2774840336292982,
        0.2659288806840778,
        0.24501614421606063,
        0.2469893796369434,
        0.2246498512104154,
        0.2343158358708024,
        0.2195002723485231,
        0.21628351900726556,
        0.25855999793857337,
        0.2083679397823289,
        0.1968638668768108,
        0.22208074284717447,
        0.20224083065986628,
        0.22688307799398896,
        0.18808539006859062,
        0.17938806703314183,
        0.1870475732255727,
        0.18824961073696614,
        0.181231280695647,
        0.2127940965816378,
        0.19256831789389256,
        0.16872279495000841,
        0.1874024022137746
    ],
    "train_accs": [
        0.46427617521367537,
        0.5878739316239318,
        0.6424501424501418,
        0.6787526709401709,
        0.7051949786324784,
        0.7246928418803418,
        0.741542022792022,
        0.7550747863247855,
        0.7680733618233615,
        0.7832086894586895,
        0.7994346509971498,
        0.8087384259259244,
        0.8221599002849,
        0.8331997863247853,
        0.8439503205128194,
        0.8554798789173782,
        0.867120726495727,
        0.8767138532763532,
        0.8863737535612537,
        0.8942530270655278,
        0.9030448717948721,
        0.9060941951566946,
        0.9163995726495714,
        0.9215856481481467,
        0.9256588319088312,
        0.9306000712250693,
        0.9349626068376053,
        0.9378338675213655,
        0.9396144943019938,
        0.9446447649572645,
        0.9475382834757835,
        0.9494747150997157,
        0.9505876068376079,
        0.9516337250712261,
        0.9540375712250725,
        0.9573317307692328,
        0.9596020299145324,
        0.9597800925925952,
        0.9601584757834782,
        0.9614494301994333
    ],
    "valid_accs": [
        0.5753906249999999,
        0.6439453125000001,
        0.7060546875,
        0.71796875,
        0.7070312499999999,
        0.7449218750000002,
        0.7474609374999999,
        0.7849609375,
        0.7814453125000002,
        0.8056640625,
        0.8125,
        0.8390625000000002,
        0.8285156250000002,
        0.8521484375000002,
        0.8714843750000001,
        0.8759765625000001,
        0.8841796875000001,
        0.9087890625000001,
        0.916015625,
        0.9181640625000002,
        0.9228515625000001,
        0.9289062499999998,
        0.9287109375,
        0.9324218750000001,
        0.9322265625000004,
        0.9214843750000001,
        0.9378906249999998,
        0.9416015625000002,
        0.9349609374999999,
        0.9416015624999997,
        0.9349609375000001,
        0.9455078124999998,
        0.9480468750000001,
        0.9496093750000001,
        0.9486328124999999,
        0.9517578125,
        0.9416015624999999,
        0.9500000000000001,
        0.9574218750000003,
        0.9517578125000001
    ],
    "test_loss": 1.1093429798566838,
    "test_acc": 0.7481210443037976,
    "gradient_flows": [
        {
            "hidden_layers": [
                0.0019097983604297042,
                0.0014711273979628459,
                0.0008476856237393804,
                0.0006898955762153491,
                0.0005217926373006776
            ],
            "output_layer": 0.006667611189186573
        },
        {
            "hidden_layers": [
                0.0020650625228881836,
                0.0017351943970425054,
                0.0009012531372718513,
                0.0005878472002223134,
                0.0005794328826596029
            ],
            "output_layer": 0.006996035575866699
        },
        {
            "hidden_layers": [
                0.0018315846100449562,
                0.001813446928281337,
                0.0008625964255770668,
                0.0005933887223363854,
                0.0004309738360461779
            ],
            "output_layer": 0.005655220244079828
        },
        {
            "hidden_layers": [
                0.0018309545703232288,
                0.0014714512290083803,
                0.0007729636927251704,
                0.0005507646565092728,
                0.0003981163063144777
            ],
            "output_layer": 0.004688642453402281
        },
        {
            "hidden_layers": [
                0.0030020251870155334,
                0.001989649186725728,
                0.0011030138266505674,
                0.0008347651601070538,
                0.0005750739219365641
            ],
            "output_layer": 0.007899231277406216
        },
        {
            "hidden_layers": [
                0.0026701856404542923,
                0.0015754801279399544,
                0.0008717439050087705,
                0.0006200083298608661,
                0.0004141881727264263
            ],
            "output_layer": 0.007516838144510984
        },
        {
            "hidden_layers": [
                0.002990155480802059,
                0.0016380227025365457,
                0.0009106794313993305,
                0.0006670430957456119,
                0.0004571534300339408
            ],
            "output_layer": 0.007765050511807203
        },
        {
            "hidden_layers": [
                0.002893524942919612,
                0.0016696989332558587,
                0.001004303339868784,
                0.0006880955988890491,
                0.0004094146570423618
            ],
            "output_layer": 0.006512172520160675
        },
        {
            "hidden_layers": [
                0.0031518451869487762,
                0.001740742809488438,
                0.0009984372882172465,
                0.0007024060905678198,
                0.0004085843756911345
            ],
            "output_layer": 0.007493425160646439
        },
        {
            "hidden_layers": [
                0.0022563119418919086,
                0.0014479249075520784,
                0.0007903281148173846,
                0.0005688331220881082,
                0.00034793886516126804
            ],
            "output_layer": 0.0058972458355128765
        },
        {
            "hidden_layers": [
                0.0026150825433433056,
                0.0017976674571400508,
                0.0010165937710553408,
                0.0007290755602298304,
                0.0003688928991323337
            ],