{
    "train_losses": [
        1.6595249624333828,
        1.2698992687752448,
        1.1422388366824205,
        1.0398381990924526,
        0.9578651069236275,
        0.9075059486590222,
        0.8607178865334927,
        0.8168988015576982,
        0.7802368337951837,
        0.7445223231261274,
        0.7065176575781622,
        0.6757109608405676,
        0.6544432744511168,
        0.6171412149555658,
        0.5924452714770608
    ],
    "valid_losses": [
        1.406058210134506,
        1.1543865486979488,
        1.0800498738884927,
        1.0409292727708819,
        0.9646340548992156,
        0.8689035534858701,
        0.8303586035966875,
        0.7678147435188294,
        0.6947227396070957,
        0.6574804611504079,
        0.6432077653706071,
        0.5788533426821233,
        0.5755751132965088,
        0.6083319790661338,
        0.510299725830555
    ],
    "train_accs": [
        0.40805288461538447,
        0.5428908475783474,
        0.5938612891737894,
        0.6311431623931616,
        0.6631721866096866,
        0.6795094373219369,
        0.6984731125356122,
        0.7125845797720797,
        0.7243589743589738,
        0.7364672364672351,
        0.7494435541310536,
        0.7627759971509973,
        0.7694088319088311,
        0.7817841880341874,
        0.7897524928774925
    ],
    "valid_accs": [
        0.5158203125,
        0.6107421875,
        0.6453125000000001,
        0.659375,
        0.6810546875,
        0.7083984375000001,
        0.7283203125000001,
        0.7416015625000001,
        0.7664062499999998,
        0.7753906250000001,
        0.7798828125,
        0.8064453124999998,
        0.8001953125000002,
        0.7990234374999998,
        0.8224609374999999
    ],
    "test_loss": 0.8013217313380178,
    "test_acc": 0.7552412974683547
}