{
    "train_losses": [
        1.6595433437586504,
        1.2698186167284975,
        1.1426736671700446,
        1.039803473018853,
        0.9589428706386489,
        0.9087124154438662,
        0.8609646883105965,
        0.8161416958879536,
        0.7789924441919024,
        0.7444555805279669,
        0.7081871481023282,
        0.6776823082201165,
        0.6549926806888683,
        0.6164906075027933,
        0.5911907113005971,
        0.5606712942619266,
        0.5366004354763576,
        0.5107963561502276,
        0.4867657051976249,
        0.45555780968095494,
        0.4385213997968582,
        0.41198664114006595,
        0.39418699556266434,
        0.3704450277351585,
        0.3501033295593369,
        0.33378055020954533,
        0.3173185232867539,
        0.2999396487603498,
        0.2756043411472924,
        0.26992623363634805,
        0.25740929168683496,
        0.2484843352029467,
        0.234921750137609,
        0.22659775527708875,
        0.21733319235068785,
        0.2089691463741143,
        0.19213800618366636,
        0.19709849230244617,
        0.18469733509243044,
        0.17583590652528297
    ],
    "valid_losses": [
        1.4089969456195834,
        1.1573313057422636,
        1.0819390818476675,
        1.0416547268629075,
        0.97564335167408,
        0.8695425942540169,
        0.8304622009396553,
        0.7733926668763159,
        0.6999189019203187,
        0.6405242830514909,
        0.6301175311207771,
        0.5858491100370883,
        0.582444629818201,
        0.5691230952739715,
        0.5129330508410929,
        0.4852686710655689,
        0.5285905979573727,
        0.4527962557971478,
        0.4572298593819142,
        0.3433290515094995,
        0.3991227403283119,
        0.3654990203678608,
        0.33126980476081364,
        0.277622264996171,
        0.2500808579847217,
        0.27753567183390265,
        0.22529318917222557,
        0.20794421536847946,
        0.21189108574762944,
        0.1927841441472993,
        0.2049791709519923,
        0.20724381553009155,
        0.15457301910792012,
        0.18009539599734128,
        0.18116798411356283,
        0.17947986877989022,
        0.1726318343542516,
        0.15424816058948634,
        0.16979763847775758,
        0.17185140548972408
    ],
    "train_accs": [
        0.40803062678062657,
        0.5430466524216523,
        0.5937500000000002,
        0.6305199430199425,
        0.6630163817663816,
        0.6784410612535615,
        0.6977831196581196,
        0.7110042735042724,
        0.724114138176638,
        0.7373575498575495,
        0.7477074430199422,
        0.7615295584045574,
        0.7690081908831905,
        0.7824296652421647,
        0.7903757122507117,
        0.7998130341880336,
        0.8089387464387459,
        0.8183315527065518,
        0.8258101851851835,
        0.8357594373219364,
        0.842926460113959,
        0.851384437321937,
        0.8573050213675211,
        0.8654291310541317,
        0.8748219373219371,
        0.878249643874644,
        0.8852608618233624,
        0.8934517450142458,
        0.9006632834757836,
        0.905025819088319,
        0.9078080484330474,
        0.9103676994301982,
        0.915397970085469,
        0.9176237535612533,
        0.9218972578347572,
        0.9241898148148134,
        0.9310007122507111,
        0.9281294515669503,
        0.9340945512820493,
        0.9377003205128197
    ],
    "valid_accs": [
        0.5130859374999999,
        0.6046875,
        0.6410156250000001,
        0.6605468750000001,
        0.6806640625000001,
        0.7097656250000001,
        0.7289062499999999,
        0.7376953124999996,
        0.765625,
        0.7734375,
        0.7847656249999997,
        0.808984375,
        0.7957031250000001,
        0.8113281249999998,
        0.8230468750000002,
        0.834765625,
        0.8271484374999999,
        0.8466796874999999,
        0.8414062500000002,
        0.8806640625000001,
        0.8658203124999998,
        0.8800781249999998,
        0.8921875,
        0.9097656250000001,
        0.91953125,
        0.9101562499999998,
        0.9249999999999999,
        0.9367187499999997,
        0.9341796874999999,
        0.9384765625000001,
        0.9384765625000002,
        0.9388671875,
        0.955078125,
        0.9480468750000002,
        0.9486328124999999,
        0.9529296875,
        0.9537109374999999,
        0.9611328124999999,
        0.9570312500000001,
        0.9560546875
    ],
    "test_loss": 1.2535851590241063,
    "test_acc": 0.7559335443037976,
    "gradient_flows": [
        {
            "hidden_layers": [
                0.0007586530409753323,
                0.0011666525206237566,
                0.0002881309646909358,
                0.00035116377512167674,
                0.0004061589261254994
            ],
            "output_layer": 0.0044257561676204205
        },
        {
            "hidden_layers": [
                0.0010969354771077633,
                0.0014401599983102642,
                0.0003551271838659886,
                0.00035082971407973673,
                0.0005145166960573988
            ],
            "output_layer": 0.006965832319110632
        },
        {
            "hidden_layers": [
                0.0009353556670248508,
                0.0014412258369702613,
                0.0002457942428009119,
                0.0002780180402623955,
                0.00024073347049125005
            ],
            "output_layer": 0.005146445706486702
        },
        {
            "hidden_layers": [
                0.0013828547671437263,
                0.0019608899419836234,
                0.00034571992364362814,
                0.00034652651447686367,
                0.00027736641095543746
            ],
            "output_layer": 0.006704706232994795
        },
        {
            "hidden_layers": [
                0.0010910768760368228,
                0.0015862899017520249,
                0.0003036521939066006,
                0.0002808491717587458,
                0.000338726160407532
            ],
            "output_layer": 0.006336717400699854
        },
        {
            "hidden_layers": [
                0.0011770562268793583,
                0.0013492254347511334,
                0.0003033567300008144,
                0.0002555933824623935,
                0.00023180881908047013
            ],
            "output_layer": 0.005727994721382856
        },
        {
            "hidden_layers": [
                0.0014211529633030295,
                0.001360383770588669,
                0.00027968346876150463,
                0.0002747733778960537,
                0.00023379240701615345
            ],
            "output_layer": 0.005593740381300449
        },
        {
            "hidden_layers": [
                0.0012425996828824282,
                0.0013129726812621811,
                0.0002729090065258788,
                0.0002717656170716509,
                0.00021763994118373375
            ],
            "output_layer": 0.006068992894142866
        },
        {
            "hidden_layers": [
                0.0015096655115485191,
                0.001214581418025773,
                0.0002514330844860524,
                0.0002721651089814259,
                0.00020838344607909676
            ],
            "output_layer": 0.0055238730274140835
        },
        {
            "hidden_layers": [
                0.0016599043738096952,
                0.0012042485450365348,
                0.00027480125572765246,
                0.0002850906203093473,
                0.00026387358957435936
            ],
            "output_layer": 0.005220397841185331
        },
        {
            "hidden_layers": [
                0.0015731181483715773,
                0.001452767894079443,
                0.00029534645364037715,
                0.0003095173615292879,
                0.00022591015840589534
            ],