{
    "train_losses": [
        1.7812529360806495,
        1.4114146860916044,
        1.2641965094794565,
        1.1677524056869364,
        1.0963982051593966,
        1.0368841985012387,
        0.9818462644547137,
        0.9504177920159451,
        0.91856009005821,
        0.8812364543605057,
        0.8610554551466924,
        0.8308114074913525,
        0.8112977586920099,
        0.7903192350667432,
        0.7662093512013431,
        0.7527885066817629,
        0.7266481821013994,
        0.7097122548652169,
        0.6988130257679865,
        0.678641149206379,
        0.666158843074429,
        0.64477548461694,
        0.625413592894193,
        0.60918717982083,
        0.6047429578256741,
        0.5844122983961022,
        0.5697070748208256,
        0.5622932481290268,
        0.5486067432453827,
        0.5309023805323486
    ],
    "valid_losses": [
        1.617499694228172,
        1.3686903268098827,
        1.328453573584557,
        1.197588633000851,
        1.1095630913972852,
        1.0740926891565326,
        1.0328185349702834,
        0.9695409566164016,
        0.9290168374776838,
        0.9899315372109413,
        0.8596851751208305,
        0.7843771904706958,
        0.8236261397600175,
        0.7463096484541893,
        0.8858523920178412,
        0.7139293216168879,
        0.6964454539120198,
        0.6767024695873262,
        0.6913598239421845,
        0.6167776480317114,
        0.6250561974942684,
        0.6224347241222857,
        0.5672197848558427,
        0.5546414315700531,
        0.5689054481685162,
        0.4950622253119947,
        0.5101925738155842,
        0.5562137253582479,
        0.4737446211278439,
        0.5272676192224025
    ],
    "train_accs": [
        0.3478676994301989,
        0.48637820512820473,
        0.5460069444444443,
        0.5833110754985754,
        0.6091746794871793,
        0.6339699074074076,
        0.6515535968660972,
        0.6630386396011393,
        0.6760817307692306,
        0.6866542022792016,
        0.6929531695156692,
        0.7052617521367514,
        0.714342948717948,
        0.7201077279202273,
        0.727007656695156,
        0.7331730769230762,
        0.7402733262108258,
        0.7479077635327632,
        0.7538283475783475,
        0.7603276353276353,
        0.7642227564102555,
        0.7704104344729341,
        0.7757523148148137,
        0.7828525641025637,
        0.7857460826210817,
        0.7906205484330476,
        0.7979878917378915,
        0.8003472222222212,
        0.8031294515669516,
        0.8097400284900276
    ],
    "valid_accs": [
        0.4572265625,
        0.5419921874999999,
        0.5595703124999999,
        0.6023437499999998,
        0.6302734375000001,
        0.6484374999999999,
        0.6744140625000001,
        0.68203125,
        0.7107421875000001,
        0.6939453125,
        0.7251953125000001,
        0.749609375,
        0.7363281250000001,
        0.7507812500000001,
        0.7296874999999999,
        0.7660156250000002,
        0.7712890625000002,
        0.778515625,
        0.7742187499999998,
        0.8027343749999997,
        0.7982421875000002,
        0.7994140625000001,
        0.8119140625,
        0.812890625,
        0.8132812500000002,
        0.8351562499999999,
        0.8285156249999999,
        0.8185546875000002,
        0.8408203124999999,
        0.8279296875000001
    ],
    "test_loss": 0.870968923915791,
    "test_acc": 0.7554390822784809,
    "gradient_flows": [
        {
            "hidden_layers": [
                0.0011272367555648088,
                0.0009283685139962472,
                0.00014769255994906416,
                0.0001391878195136087,
                0.00012251790485606762,
                0.00012047447853547055,
                0.00012441610033420147
            ],
            "output_layer": 0.004389407578855753
        },
        {
            "hidden_layers": [
                0.001039973460137844,
                0.0011263091109867673,
                0.00016516940377186984,
                0.00014423644006456016,
                0.0001271555356652243,
                0.00013327660508366534,
                0.00012910508303320967
            ],
            "output_layer": 0.00448109395802021
        },
        {
            "hidden_layers": [
                0.001135456026531756,
                0.0012730883609037846,
                0.00016595612487435574,
                0.0001407595682394458,
                0.00012306461394473445,
                0.00012106918984500226,
                0.0001264973170691519
            ],
            "output_layer": 0.0050065540708601475
        },
        {
            "hidden_layers": [
                0.001425713300704956,
                0.0013634349379572086,
                0.00021062182531750295,
                0.00021884588568354957,
                0.0002065974867946352,
                0.0002444661295157857,
                0.00023182586937764427
            ],
            "output_layer": 0.00715294573456049
        },
        {
            "hidden_layers": [
                0.0011675454443320632,
                0.0013183317205403,
                0.0001537989110147464,
                0.00012341283945715986,
                0.00011247448856011033,
                0.00010301039856130956,
                0.00010570691938482923
            ],
            "output_layer": 0.004596225451678038
        },
        {
            "hidden_layers": [
                0.0012957412982359529,
                0.0010644086614775006,
                0.00013539967403630726,
                0.00010851047863980057,
                9.502585453446954e-05,
                9.312925021731644e-05,
                9.227872487826971e-05
            ],
            "output_layer": 0.003933865111321211
        },
        {
            "hidden_layers": [
                0.0013688744511455297,
                0.0015227927688101772,
                0.00017396082512277644,
                0.00013861502975487383,
                0.00012326356591074727,
                0.00010966966601699824,
                0.00010712140829127748
            ],
            "output_layer": 0.004660375416278839
        },
        {
            "hidden_layers": [
                0.0015374183421954513,
                0.0013804212630930124,
                0.00016616077300568577,
                0.00012535660698631546,
                0.00011453001252448303,
                0.00011049098429793958,
                0.00010256359610139043
            ],
            "output_layer": 0.0049169184640049934
        },
        {
            "hidden_layers": [
                0.0013531518634408712,
                0.0013417761547316331,
                0.00019723446530406363,
                0.00016157362006197218,
                0.00015218136240946478,
                0.00012117253299948061,
                0.0001232965596500435
            ],
            "output_layer": 0.004281692206859589
        },
        {
            "hidden_layers": [
                0.0014711044495925307,
                0.0018010536768997554,
                0.00025648913469922263,
                0.00019534107559593394,
                0.0001811795214052836,
                0.0001643881068957853,
                0.0001679023953329306
            ],
            "output_layer": 0.0058558001182973385
        },
        {
            "hidden_layers": [
                0.0015387318562716246,
                0.0012167580534878653,
                0.00017768536054063588,
                0.00012805066398868803,
                0.00010041119139714283,
                8.20059635771031e-05,
                9.063833977052127e-05
            ],