{
    "train_losses": [
        2.6054171890954323,
        2.313867480666548,
        2.2329470649404066,
        2.186563226911756,
        2.1530518042735567,
        2.1203447366372132,
        2.093947514509541,
        2.0679794308806416,
        2.040687361334124,
        2.019911041966191,
        1.9978712301308597,
        1.9775678418640403,
        1.959503653042678,
        1.940422414714453,
        1.9247981751406635,
        1.9082421152680011,
        1.8979927573108946,
        1.8804390243655253,
        1.868185610852689,
        1.8557155604376068,
        1.8420017995046423,
        1.8284918840794129,
        1.8183862870914647,
        1.809959212259688,
        1.7975226830892768,
        1.7848556058698903,
        1.7780843701457696,
        1.7662897809618232,
        1.76145261441201,
        1.750334318546828,
        1.7420986968907202,
        1.7338871500770585,
        1.724668700470883,
        1.7160563991959612,
        1.709254827254857,
        1.6999645056547927,
        1.6972033087684237,
        1.68891129500506,
        1.6791501561461013,
        1.6745480502772525
    ],
    "valid_losses": [
        2.399191755056382,
        2.2630291044712063,
        2.2054661214351654,
        2.1682913959026338,
        2.1339737117290496,
        2.1096747636795046,
        2.0833479076623918,
        2.065016484260559,
        2.037166142463684,
        2.018293306231499,
        1.997331023216248,
        1.9834439933300019,
        1.9649608373641974,
        1.9509846746921544,
        1.9359544366598127,
        1.9174209356307979,
        1.907818481326103,
        1.89365102648735,
        1.879835170507431,
        1.8656766861677172,
        1.8565370649099346,
        1.8460334569215773,
        1.8324980825185775,
        1.8249620109796527,
        1.8086727768182755,
        1.7978474617004394,
        1.7925833225250243,
        1.7841908782720564,
        1.7718986839056015,
        1.762875753641129,
        1.7547370374202735,
        1.7410782814025876,
        1.7348886609077452,
        1.7269634276628498,
        1.7185805499553681,
        1.714281725883484,
        1.707109332084656,
        1.6924870252609252,
        1.6897746086120606,
        1.6836970567703244
    ],
    "train_accs": [
        0.10458956552706528,
        0.14955039173789147,
        0.17601495726495683,
        0.19542378917378878,
        0.21055911680911632,
        0.22426994301994277,
        0.23542111823361775,
        0.24347845441595403,
        0.25425124643874597,
        0.26375534188034155,
        0.2687856125356123,
        0.27889066951566926,
        0.2867476851851848,
        0.29364761396011374,
        0.29885594729344706,
        0.3023059116809116,
        0.3067352207977209,
        0.3147925569800567,
        0.3148148148148149,
        0.32202635327635326,
        0.3251647079772076,
        0.33017272079772064,
        0.3354478276353274,
        0.33638265669515655,
        0.34168002136752107,
        0.34784544159544145,
        0.3482683404558398,
        0.35361022079772025,
        0.3540108618233614,
        0.3595975783475781,
        0.36300302706552645,
        0.3634481837606837,
        0.3658520299145295,
        0.3684116809116807,
        0.3749332264957264,
        0.3758680555555556,
        0.3778712606837607,
        0.38054220085470075,
        0.3816328347578346,
        0.3828347578347572
    ],
    "valid_accs": [
        0.13222656249999998,
        0.1673828125,
        0.18964843749999996,
        0.20917968750000002,
        0.22753906249999997,
        0.23476562499999998,
        0.24375,
        0.245703125,
        0.26035156249999997,
        0.2705078125,
        0.27519531249999996,
        0.2796875,
        0.2857421875,
        0.29316406249999993,
        0.2945312500000001,
        0.29980468750000006,
        0.303515625,
        0.30761718749999994,
        0.31093750000000003,
        0.3158203125000001,
        0.32109375,
        0.3265625,
        0.33027343750000004,
        0.3343749999999999,
        0.3396484375,
        0.34355468750000007,
        0.3447265624999999,
        0.3482421875000001,
        0.35214843749999997,
        0.3568359375,
        0.35917968749999996,
        0.3626953125,
        0.36621093749999994,
        0.3736328125,
        0.37363281249999997,
        0.37382812499999996,
        0.374609375,
        0.382421875,
        0.3841796874999999,
        0.38398437500000004
    ],
    "test_loss": 1.6734311188323585,
    "test_acc": 0.38251582278481017,
    "gradient_flows": [
        {
            "hidden_layers": [
                0.020814254879951477,
                0.00880587997380644,
                0.0033621698385104537,
                0.0015473708626814187,
                0.0007643150456715375
            ],
            "output_layer": 0.031502675265073776
        },
        {
            "hidden_layers": [
                0.020617414265871048,
                0.008736514137126505,
                0.0033999173319898546,
                0.0015411843196488917,
                0.0007556306518381462
            ],
            "output_layer": 0.013176991604268551
        },
        {
            "hidden_layers": [
                0.017291126772761345,
                0.009045968763530254,
                0.0034202882670797408,
                0.0015590502880513668,
                0.0007589684100821614
            ],
            "output_layer": 0.026594264432787895
        },
        {
            "hidden_layers": [
                0.018184343352913857,
                0.008913578698411584,
                0.003374870866537094,
                0.0015435153327416629,
                0.0007433041027979925
            ],
            "output_layer": 0.019961191341280937
        },
        {
            "hidden_layers": [
                0.019104400649666786,
                0.008527243044227362,
                0.0032781107001937926,
                0.0014852375024929643,
                0.0007031070563243702
            ],
            "output_layer": 0.013579318299889565
        },
        {
            "hidden_layers": [
                0.014782309532165527,
                0.008075565565377474,
                0.0032173378276638687,
                0.0014851402083877474,
                0.0007417327142320573
            ],
            "output_layer": 0.02330857142806053
        },
        {
            "hidden_layers": [
                0.016881633549928665,
                0.008147198241204023,
                0.003214594325982034,
                0.0014807757979724556,
                0.000719271571142599
            ],
            "output_layer": 0.013251234777271748
        },
        {
            "hidden_layers": [
                0.016455737873911858,
                0.007844347157515585,
                0.00312627584207803,
                0.0014539930562023073,
                0.0007086483237799257
            ],
            "output_layer": 0.023602917790412903
        },
        {
            "hidden_layers": [
                0.018988296389579773,
                0.008632283424958587,
                0.00317329348763451,
                0.0014639447326771915,
                0.0006986502703512087
            ],
            "output_layer": 0.014948460273444653
        },
        {
            "hidden_layers": [
                0.017515940591692924,
                0.008252231520600617,
                0.0031831744126975536,
                0.001480171427829191,
                0.0007182665431173518
            ],
            "output_layer": 0.01568995602428913
        },
        {
            "hidden_layers": [
                0.01803155057132244,
                0.008369381888769567,
                0.0032364516519010067,
                0.0015122460899874568,
                0.0007305487233679742
            ],