{
    "train_losses": [
        2.6054021157430443,
        2.31386121385797,
        2.2329009299264686,
        2.18656082370682,
        2.1531351855677414,
        2.12041695912679,
        2.09397008174505,
        2.067896971335779,
        2.0407673538240596,
        2.0199684410692953,
        1.9978676986830184,
        1.9775861600185711,
        1.9594824514497728,
        1.9404098158887986,
        1.9247528633840396
    ],
    "valid_losses": [
        2.3991892039775844,
        2.2629215419292446,
        2.205460643768311,
        2.1683174073696136,
        2.13397758603096,
        2.1095941722393037,
        2.083327773213387,
        2.064593520760536,
        2.0368684411048896,
        2.0179738551378255,
        1.997228842973709,
        1.9833222895860672,
        1.9647218972444531,
        1.9508921682834621,
        1.9361691832542418
    ],
    "train_accs": [
        0.10456730769230746,
        0.14963942307692277,
        0.17590366809116767,
        0.19482282763532735,
        0.21042556980056948,
        0.22398059116809074,
        0.23573272792022754,
        0.24298878205128163,
        0.25407318376068333,
        0.2641337250712244,
        0.26883012820512797,
        0.2793135683760683,
        0.2866809116809115,
        0.2938034188034186,
        0.29898949430199434
    ],
    "valid_accs": [
        0.1328125,
        0.1677734375,
        0.1896484375,
        0.20859375,
        0.2267578125,
        0.23437499999999997,
        0.244140625,
        0.24374999999999994,
        0.261328125,
        0.27109374999999997,
        0.27363281249999993,
        0.27890624999999997,
        0.28671875,
        0.2947265624999999,
        0.29316406250000004
    ],
    "test_loss": 1.9187588073030304,
    "test_acc": 0.30003955696202517
}