{
    "train_losses": [
        1.8482481998595752,
        1.4654490608095776,
        1.3354954359538194,
        1.2471415137293662,
        1.1911573233427823,
        1.1411263986870093,
        1.08730498202506,
        1.0528981811300644,
        1.0193283196188436,
        0.9836345243657756,
        0.9564034128800417,
        0.9328109593133302,
        0.9222678012318075,
        0.89808620295973,
        0.870856851763875,
        0.8567203531238086,
        0.8460686276441279,
        0.8294695350858903,
        0.8152034717407661,
        0.7999572905040538,
        0.79687196389902,
        0.7838399739686586,
        0.7728344855824771,
        0.7613752908856106,
        0.7503503571208722,
        0.7385913658345862,
        0.7401852966034174,
        0.7209225971134978,
        0.714006257023227,
        0.7102959205282382,
        0.6992131748430416,
        0.6880449488801489,
        0.6853682045583374,
        0.6763766062395525,
        0.6690518316040687,
        0.6591645835811256,
        0.6512210866664548,
        0.6529499279637626,
        0.646154772522103,
        0.6336381145861755
    ],
    "valid_losses": [
        2.056597000360489,
        1.5647107630968091,
        1.4980269879102703,
        1.3620340108871456,
        1.3717631250619884,
        1.2666091591119766,
        1.2997091248631483,
        1.2316640064120288,
        1.0661753207445148,
        1.0723831757903097,
        1.0656021967530251,
        0.9953158304095268,
        0.9291888177394867,
        0.968281716108322,
        0.9605817690491677,
        1.0014339834451675,
        0.8841253980994226,
        0.9394196197390557,
        0.8836179450154303,
        0.9328048631548881,
        0.9465530291199682,
        0.906156612932682,
        0.7302158474922181,
        0.822277642786503,
        0.9477942228317262,
        0.8157389894127848,
        0.8523920297622681,
        0.7164834626019,
        0.7904648937284945,
        0.7342018380761146,
        0.7301145434379578,
        0.7205315306782722,
        0.7443430215120317,
        0.7370666407048699,
        0.7642993859946728,
        0.6802236318588256,
        0.7220691286027432,
        0.7002248540520667,
        0.7059494055807591,
        0.6562663324177267
    ],
    "train_accs": [
        0.3150819088319085,
        0.4663238960113957,
        0.5160256410256409,
        0.5508591524216521,
        0.5726050569800573,
        0.593727742165242,
        0.6136039886039882,
        0.6239093660968659,
        0.636707621082621,
        0.6496616809116809,
        0.6614138176638175,
        0.6676014957264953,
        0.6731882122507119,
        0.6791533119658114,
        0.6913283475783469,
        0.6991185897435893,
        0.6990073005698004,
        0.7078881766381767,
        0.7091791310541307,
        0.7168580840455836,
        0.7156561609686608,
        0.722578347578347,
        0.7279424857549847,
        0.7309695512820499,
        0.7340633903133903,
        0.7390046296296293,
        0.7382923789173786,
        0.7473735754985752,
        0.7452590811965805,
        0.748998397435896,
        0.7520922364672368,
        0.7561209045584043,
        0.7574341168091165,
        0.7599937678062672,
        0.7611066595441588,
        0.7627537393162382,
        0.7674724002848999,
        0.770633012820513,
        0.7696091524216524,
        0.7745726495726496
    ],
    "valid_accs": [
        0.409375,
        0.5146484375,
        0.5492187499999999,
        0.5779296875,
        0.58984375,
        0.6156250000000002,
        0.6316406250000001,
        0.643359375,
        0.6783203125000001,
        0.6761718750000002,
        0.6818359375000002,
        0.7013671875,
        0.7148437500000002,
        0.7115234374999998,
        0.721484375,
        0.7107421875,
        0.7328125,
        0.7226562500000001,
        0.7431640625,
        0.7333984375000001,
        0.739453125,
        0.7427734375,
        0.771875,
        0.7625,
        0.7361328125,
        0.7681640624999999,
        0.7560546874999999,
        0.7839843749999998,
        0.7695312500000001,
        0.7812499999999998,
        0.7833984374999999,
        0.7826171874999999,
        0.7830078125000002,
        0.7816406250000002,
        0.7794921875,
        0.7966796875000001,
        0.7912109375,
        0.7919921874999998,
        0.7941406250000002,
        0.8009765624999999
    ],
    "test_loss": 0.9877301665801038,
    "test_acc": 0.7354628164556964,
    "gradient_flows": [
        {
            "hidden_layers": [
                0.003322957782074809,
                0.002066580025712028,
                0.0006405012245522812,
                0.0005537001270567998,
                0.000697926283464767
            ],
            "output_layer": 0.0059793852269649506
        },
        {
            "hidden_layers": [
                0.0023625465109944344,
                0.0020390777935972437,
                0.0007539244543295354,
                0.0004992949252482504,
                0.0006221186995389871
            ],
            "output_layer": 0.007253323681652546
        },
        {
            "hidden_layers": [
                0.0017373296432197094,
                0.001700885739410296,
                0.0004992714602849446,
                0.00042861939800786786,
                0.00039977889173314907
            ],
            "output_layer": 0.006187709979712963
        },
        {
            "hidden_layers": [
                0.0030652093701064587,
                0.001842622659751214,
                0.00052770823094761,
                0.0003719204178196378,
                0.0003691742676892318
            ],
            "output_layer": 0.0063369618728756905
        },
        {
            "hidden_layers": [
                0.0030578509904444218,
                0.0017735999717842788,
                0.0005158400999789592,
                0.0003730867974809371,
                0.00032699075745767914
            ],
            "output_layer": 0.00661484245210886
        },
        {
            "hidden_layers": [
                0.003397394670173526,
                0.0019226304721087217,
                0.0005544627856579609,
                0.00041996430081781,
                0.0004240466223563999
            ],
            "output_layer": 0.007973806001245975
        },
        {
            "hidden_layers": [
                0.003059985116124153,
                0.001933325664140284,
                0.0005991067155264318,
                0.0004186815313005354,
                0.00041230137139791623
            ],
            "output_layer": 0.008027046918869019
        },
        {
            "hidden_layers": [
                0.001928227487951517,
                0.001757438738422934,
                0.00046434063187916763,
                0.000379220480681397,
                0.0003461140368017368
            ],
            "output_layer": 0.007337711751461029
        },
        {
            "hidden_layers": [
                0.0026616575196385384,
                0.0019254338476457633,
                0.0005617714414256625,
                0.0004627640555554535,
                0.0003741355030797422
            ],
            "output_layer": 0.007262683007866144
        },
        {
            "hidden_layers": [
                0.0027649083640426397,
                0.00174982024327619,
                0.0005046637925261166,
                0.00042122829108848237,
                0.0003490396265988238
            ],
            "output_layer": 0.006293517537415028
        },
        {
            "hidden_layers": [
                0.0022183433175086975,
                0.0018891976069426164,
                0.0005120151399751194,
                0.00039747073969920166,
                0.00034610852890182287
            ],