{
    "train_losses": [
        1.8482482175202086,
        1.465448852617856,
        1.3354952824421416,
        1.2471411167046969,
        1.191157633422786,
        1.1411269052415824,
        1.0873058073201418,
        1.0528989347637208,
        1.0193291104417235,
        0.9836341830400321,
        0.9564046970120186,
        0.9328117925896601,
        0.9222683251073891,
        0.8980873942035549,
        0.8708562538494751
    ],
    "valid_losses": [
        2.0565950393676755,
        1.564707696437836,
        1.4980281114578247,
        1.3620360165834424,
        1.3717655241489413,
        1.2666184678673744,
        1.2997100025415418,
        1.231681016087532,
        1.0661717638373374,
        1.0723759680986402,
        1.0656042695045471,
        0.9953167945146559,
        0.9291999280452727,
        0.9682728946208954,
        0.9605800315737726
    ],
    "train_accs": [
        0.3150819088319085,
        0.4663461538461535,
        0.5160701566951565,
        0.5508814102564099,
        0.5726050569800573,
        0.593727742165242,
        0.6136039886039882,
        0.6239316239316237,
        0.636707621082621,
        0.649639423076923,
        0.661458333333333,
        0.6676237535612531,
        0.6731882122507119,
        0.6791755698005693,
        0.6913506054131048
    ],
    "valid_accs": [
        0.409375,
        0.5146484375,
        0.5492187499999999,
        0.5779296875,
        0.58984375,
        0.6156250000000002,
        0.6316406250000001,
        0.643359375,
        0.6783203125000001,
        0.6761718750000002,
        0.6818359375000002,
        0.7013671875,
        0.7148437500000002,
        0.7115234374999998,
        0.721484375
    ],
    "test_loss": 1.0911470357375808,
    "test_acc": 0.6947191455696204
}