{
    "train_losses": [
        1.757183718545485,
        1.4161136194511696,
        1.276832183202107,
        1.1795479152616966,
        1.095233181942562,
        1.028477398928074,
        0.9674165396608865,
        0.9120618867398677,
        0.8562713718821862,
        0.8166258212847589,
        0.7708709311281511,
        0.7331759708899035,
        0.6953956395642368,
        0.6660918937279625,
        0.6329744211968529,
        0.6040068415664881,
        0.5762197666528215,
        0.552681232194955,
        0.5270512314603537,
        0.5067246995250726,
        0.4872821830956005,
        0.465593153085464,
        0.447663241981441,
        0.43155851064414386,
        0.4127783169094312,
        0.3959345182886829,
        0.3819033981133729,
        0.3632821481452029,
        0.350077245692242,
        0.3374435996737575,
        0.3191378176891564,
        0.30902452618308207,
        0.2989146341795255,
        0.28650666310576595,
        0.2731769888998778,
        0.2617413238794714,
        0.24979611772757307,
        0.23760975710516966,
        0.22855195774566756,
        0.22290306512871355
    ],
    "valid_losses": [
        1.4839016944169998,
        1.3001535147428518,
        1.2653288185596463,
        1.1442245543003082,
        1.0842565730214118,
        1.01565068513155,
        0.8967169284820558,
        0.8785468965768816,
        0.8177636578679086,
        0.8031080916523936,
        0.7156732529401778,
        0.7058096781373024,
        0.6246265582740307,
        0.6612725600600242,
        0.5906220450997355,
        0.5540604881942273,
        0.5755086906254293,
        0.5233504690229893,
        0.4719620220363141,
        0.4693045519292355,
        0.44582327455282217,
        0.47439571246504786,
        0.4764970287680627,
        0.3740456305444241,
        0.3898249976336956,
        0.36533764153718956,
        0.36217465139925475,
        0.3729650177061557,
        0.38285355307161806,
        0.34147430136799806,
        0.31566388979554183,
        0.3382911512628197,
        0.31711612120270727,
        0.26033348925411703,
        0.26777299083769324,
        0.22828044369816777,
        0.2469190508127212,
        0.2244011219590902,
        0.2778713796287774,
        0.1983056737110019
    ],
    "train_accs": [
        0.35670405982905984,
        0.4865117521367521,
        0.5409099002849005,
        0.5782140313390313,
        0.6072382478632474,
        0.6321225071225065,
        0.6548254985754987,
        0.677305911680911,
        0.6986956908831903,
        0.7102920227920222,
        0.7274305555555552,
        0.7441239316239312,
        0.7552528490028487,
        0.7658920940170942,
        0.7790464743589737,
        0.7900863603988605,
        0.7999910968660965,
        0.8096064814814802,
        0.817307692307692,
        0.8257879273504259,
        0.8327101139601132,
        0.8409232549857536,
        0.8446625712250706,
        0.8502270299145291,
        0.8577279202279205,
        0.8654291310541312,
        0.8694800569800574,
        0.87664707977208,
        0.8802305911680912,
        0.8858173076923077,
        0.8925169159544156,
        0.8951433404558403,
        0.8991497507122507,
        0.9028890669515662,
        0.9088096509971505,
        0.912749287749287,
        0.9171118233618221,
        0.9215633903133894,
        0.9243233618233597,
        0.9263265669515659
    ],
    "valid_accs": [
        0.461328125,
        0.5341796875,
        0.5496093749999998,
        0.6005859375000001,
        0.6132812499999999,
        0.6433593750000002,
        0.6892578125,
        0.6935546875000002,
        0.715625,
        0.7232421875,
        0.75078125,
        0.7546875000000001,
        0.7849609375000001,
        0.7796875,
        0.7992187500000001,
        0.8095703124999999,
        0.7986328125000001,
        0.8193359375,
        0.8410156249999999,
        0.8416015624999998,
        0.8492187500000001,
        0.8353515624999999,
        0.8314453125000001,
        0.8746093749999999,
        0.8654296874999999,
        0.8730468749999999,
        0.8787109374999998,
        0.8759765625000001,
        0.8695312500000002,
        0.8861328125000001,
        0.8927734375000002,
        0.8828124999999999,
        0.898828125,
        0.917578125,
        0.9128906250000001,
        0.9298828124999999,
        0.9207031249999998,
        0.9279296875,
        0.8992187500000002,
        0.9421875000000002
    ],
    "test_loss": 0.541493617281129,
    "test_acc": 0.827037183544304,
    "gradient_flows": [
        {
            "hidden_layers": [
                0.013808302581310272,
                0.006497802096419036,
                0.002859931963030249,
                0.0013624299899674952,
                0.000654562158160843
            ],
            "output_layer": 0.014501872472465038
        },
        {
            "hidden_layers": [
                0.011754862032830715,
                0.006325232097879052,
                0.002865159069187939,
                0.0013438585156109184,
                0.0006037347338860855
            ],
            "output_layer": 0.008175544440746307
        },
        {
            "hidden_layers": [
                0.013744018040597439,
                0.006375804310664535,
                0.0028856355347670615,
                0.001429629570338875,
                0.0006521668110508472
            ],
            "output_layer": 0.021023645997047424
        },
        {
            "hidden_layers": [
                0.013606331311166286,
                0.006391651346348226,
                0.0027382990811020136,
                0.001334035798208788,
                0.000606860987318214
            ],
            "output_layer": 0.014077514410018921
        },
        {
            "hidden_layers": [
                0.01777152344584465,
                0.00682082015555352,
                0.0029771599802188575,
                0.0014869302976876497,
                0.0006330506948870607
            ],
            "output_layer": 0.01306112390011549
        },
        {
            "hidden_layers": [
                0.01762351393699646,
                0.007128986297175288,
                0.003306157246697694,
                0.0016526934632565826,
                0.0006911298114573583
            ],
            "output_layer": 0.019928842782974243
        },
        {
            "hidden_layers": [
                0.01496454980224371,
                0.005678974790498614,
                0.0026395913446322083,
                0.0013909780536778271,
                0.0005948652833467349
            ],
            "output_layer": 0.012935446575284004
        },
        {
            "hidden_layers": [
                0.014222212135791779,
                0.005516809062100947,
                0.002831346879247576,
                0.0014947471499908715,
                0.00061714254115941
            ],
            "output_layer": 0.014878707937896252
        },
        {
            "hidden_layers": [
                0.022209931164979935,
                0.007104576216079295,
                0.0031787895713932812,
                0.001631053164601326,
                0.0006471534070442431
            ],
            "output_layer": 0.00809983815997839
        },
        {
            "hidden_layers": [
                0.015904374420642853,
                0.005777204874902964,
                0.003005248145200312,
                0.0016535176255274564,
                0.0006590550183318555
            ],
            "output_layer": 0.009486633352935314
        },
        {
            "hidden_layers": [
                0.013969890773296356,
                0.00559151719789952,
                0.0027747135027311742,
                0.0015180179034359753,
                0.0005875290298718028
            ],