{
    "train_losses": [
        1.7577653678394116,
        1.417566016189053,
        1.2820387660947614,
        1.1870992560671958,
        1.1067303271375148,
        1.0410274161912094,
        0.9826434273325814,
        0.9274742727266084,
        0.8751547766207288,
        0.8414986923209627,
        0.795172607796824,
        0.7604263788274893,
        0.7230640945271547,
        0.6916840974761549,
        0.6597719015049466
    ],
    "valid_losses": [
        1.4991744488477712,
        1.30323033630848,
        1.2654572546482086,
        1.1523178130388263,
        1.0881433621048924,
        1.0193811014294623,
        0.9132025450468063,
        0.893700835108757,
        0.8475317060947418,
        0.8242778286337851,
        0.762592639029026,
        0.7369930803775786,
        0.686936031281948,
        0.703082959353924,
        0.6406359076499936
    ],
    "train_accs": [
        0.3585737179487176,
        0.4847756410256412,
        0.5382612179487181,
        0.5736066595441597,
        0.6047008547008546,
        0.6288506054131047,
        0.6487491096866091,
        0.6720530626780625,
        0.6916622150997148,
        0.7016559829059823,
        0.720219017094017,
        0.7318821225071218,
        0.7453035968660954,
        0.757100249287749,
        0.7678952991452987
    ],
    "valid_accs": [
        0.4533203125000001,
        0.5351562500000001,
        0.5453124999999999,
        0.598046875,
        0.6082031250000001,
        0.6414062500000001,
        0.6775390624999998,
        0.6874999999999998,
        0.7052734375,
        0.7113281249999999,
        0.7404296874999998,
        0.7470703125000001,
        0.7609374999999999,
        0.7593750000000001,
        0.7751953125000002
    ],
    "test_loss": 0.7596072313151779,
    "test_acc": 0.7361550632911396
}