{
    "train_losses": [
        1.534275321199684,
        1.1925090702510628,
        1.0446356018723926,
        0.9405349301137135,
        0.8612312545463905,
        0.7995277514145239,
        0.7449760036251146,
        0.6940078370251886,
        0.6473157613875186,
        0.6103164129107765,
        0.5666888110827857,
        0.534294101757202,
        0.5049971712280883,
        0.4718155515329786,
        0.4373320724040351,
        0.40725873720611955,
        0.3881369871206772,
        0.36188581246256507,
        0.33789294979341344,
        0.31648384463413487,
        0.2965404313174408,
        0.27973971012820564,
        0.26669461946626677,
        0.2483692155604347,
        0.23548667644418553,
        0.22362496601974868,
        0.2142539062348865,
        0.2012766736355262,
        0.19181712750780613,
        0.1885204862835059,
        0.1745729423061736,
        0.1669551041985512,
        0.16015904693946534,
        0.1567040966595509,
        0.15285136327784285,
        0.14695079001648476,
        0.13675774123381682,
        0.13687049613421798,
        0.13027067645917256,
        0.12323636640171039
    ],
    "valid_losses": [
        1.2554794311523438,
        1.1236377835273743,
        0.9360814183950423,
        0.8691742092370988,
        0.7964082926511765,
        0.712213510274887,
        0.7094450592994689,
        0.6143488220870496,
        0.6384905807673932,
        0.5394206270575524,
        0.5927831426262856,
        0.48400906026363383,
        0.4489662557840347,
        0.4112370386719703,
        0.3875048350542784,
        0.373537540435791,
        0.34049790520221,
        0.3269718904048204,
        0.32257014103233805,
        0.2882160346023739,
        0.2772032618522644,
        0.2857184205204248,
        0.22483687102794642,
        0.27750598844140767,
        0.22941859997808936,
        0.20851063253358007,
        0.21257546804845337,
        0.20937761981040243,
        0.21457989861373786,
        0.2075801320374012,
        0.21867188168689614,
        0.21589653939008713,
        0.18680272139608858,
        0.20502811422920791,
        0.1787357250752393,
        0.16568282851949334,
        0.1799402371281758,
        0.1826589667936787,
        0.17567796306684616,
        0.18980678708758206
    ],
    "train_accs": [
        0.44967503561253563,
        0.5757211538461535,
        0.6286280270655268,
        0.6683805199430196,
        0.6954460470085466,
        0.7169693732193725,
        0.7364672364672358,
        0.7538060897435886,
        0.7721910612535616,
        0.7839877136752135,
        0.7999465811965801,
        0.810808404558404,
        0.8208021723646716,
        0.8332665598290593,
        0.8445290242165231,
        0.855346331908832,
        0.8609107905982907,
        0.8702145655270651,
        0.877604166666667,
        0.8874421296296308,
        0.8946981837606846,
        0.9005965099715102,
        0.9042467948717949,
        0.9114138176638168,
        0.9156428062678049,
        0.9194711538461525,
        0.9230991809116798,
        0.9298210470085447,
        0.9314236111111095,
        0.9332487535612519,
        0.9373441951566941,
        0.9410612535612526,
        0.9441996082621081,
        0.943420584045584,
        0.9464699074074069,
        0.947360220797721,
        0.9518117877492887,
        0.9510995370370384,
        0.9542601495726512,
        0.956775284900287
    ],
    "valid_accs": [
        0.5529296874999999,
        0.6080078125,
        0.6773437499999999,
        0.7001953125000001,
        0.720703125,
        0.7564453124999999,
        0.7455078125,
        0.7855468750000001,
        0.7763671874999999,
        0.8181640625000001,
        0.7976562499999998,
        0.8294921874999999,
        0.8410156249999999,
        0.858203125,
        0.8671875000000003,
        0.8677734375,
        0.8849609375000003,
        0.89453125,
        0.8898437499999999,
        0.9025390625000002,
        0.9052734374999998,
        0.9050781249999998,
        0.9251953125000001,
        0.9068359375000002,
        0.9263671874999999,
        0.93359375,
        0.9330078125,
        0.9353515625000001,
        0.9320312499999998,
        0.9353515625,
        0.9349609375000001,
        0.9316406249999999,
        0.94140625,
        0.9369140625,
        0.9462890624999998,
        0.9505859375000002,
        0.9464843750000003,
        0.9470703124999998,
        0.9501953124999999,
        0.94765625
    ],
    "test_loss": 1.0634515987166877,
    "test_acc": 0.7518789556962026,
    "gradient_flows": [
        {
            "hidden_layers": [
                0.0022404189221560955,
                0.0025363980239490047,
                0.00210745184449479,
                0.0018836432282114401,
                0.0014254690540838055
            ],
            "output_layer": 0.007334358990192413
        },
        {
            "hidden_layers": [
                0.001620557508431375,
                0.0023800229391781613,
                0.0015743713156552985,
                0.0015067328640725464,
                0.0009936150745488703
            ],
            "output_layer": 0.006530303042382002
        },
        {
            "hidden_layers": [
                0.0016852261032909155,
                0.0025738632102729753,
                0.0017135179514298216,
                0.001537918098620139,
                0.0010654429497662932
            ],
            "output_layer": 0.006086403038352728
        },
        {
            "hidden_layers": [
                0.0022270670160651207,
                0.0025642529653850943,
                0.001556405157316476,
                0.0014987141548772343,
                0.0009610858687665313
            ],
            "output_layer": 0.0060835592448711395
        },
        {
            "hidden_layers": [
                0.0032781572081148624,
                0.0026543560379650444,
                0.0018971914250869304,
                0.0017442310490878299,
                0.0011785482711275108
            ],
            "output_layer": 0.007329900749027729
        },
        {
            "hidden_layers": [
                0.0029628106858581305,
                0.0027532110107131302,
                0.0018098937871400267,
                0.001632804996916093,
                0.0010773291724035516
            ],
            "output_layer": 0.007436640094965696
        },
        {
            "hidden_layers": [
                0.001891435356810689,
                0.0022873225825605914,
                0.001682178335613571,
                0.0014900402748025954,
                0.0009572160124662332
            ],
            "output_layer": 0.006052984390407801
        },
        {
            "hidden_layers": [
                0.002788358833640814,
                0.0023367713583866134,
                0.0017886048881337047,
                0.0015245907416101545,
                0.0009925620688591152
            ],
            "output_layer": 0.0068349712528288364
        },
        {
            "hidden_layers": [
                0.0023448558058589697,
                0.002168857754440978,
                0.001851839740993455,
                0.0017515039653517306,
                0.0011502790548547637
            ],
            "output_layer": 0.006954570300877094
        },
        {
            "hidden_layers": [
                0.0022429535165429115,
                0.002308400420588441,
                0.0017677232390269637,
                0.0016293358348775655,
                0.001105515239032684
            ],
            "output_layer": 0.007240690290927887
        },
        {
            "hidden_layers": [
                0.0036137965507805347,
                0.002920044440543279,
                0.002361420512897894,
                0.002332894000574015,
                0.001733431992761325
            ],