{
    "train_losses": [
        2.2036677568386756,
        1.9293522522320428,
        1.8003789074400551,
        1.7117429343383868,
        1.6469598451570884,
        1.6006475310040331,
        1.5591520634811482,
        1.5276376606732007,
        1.495482629860229,
        1.4751212593497034,
        1.4431154401893296,
        1.4236519727272172,
        1.4024394485685563,
        1.382743597370267,
        1.3628184625565838,
        1.344243817179971,
        1.3307245742221856,
        1.313175029904074,
        1.2964169384747146,
        1.2800303449657895,
        1.2671173897563905,
        1.2515434716162177,
        1.238718255632624,
        1.2270175874063411,
        1.214081317950517,
        1.2017330749761685,
        1.1886186195574597,
        1.176749662286536,
        1.168342521727255,
        1.1569399370087525,
        1.1481367145848074,
        1.1386446694702848,
        1.1268706275866582,
        1.1133370846085393,
        1.1049246412736402,
        1.0966882150397335,
        1.0908899854051424,
        1.0787992788176255,
        1.0692089775688625,
        1.0581665203781883
    ],
    "valid_losses": [
        2.024441096186638,
        1.8788368880748745,
        1.7697571635246276,
        1.6887565851211548,
        1.6220739811658857,
        1.581509110331535,
        1.5329361140727997,
        1.507944312691689,
        1.47871288061142,
        1.4566474318504332,
        1.43133624792099,
        1.4088893920183179,
        1.3894331455230713,
        1.3657909393310546,
        1.3597580820322037,
        1.3458919048309324,
        1.3120211452245714,
        1.3064130514860155,
        1.2889520794153217,
        1.2779915869235994,
        1.256657186150551,
        1.2580148220062257,
        1.2507724046707152,
        1.2311982154846193,
        1.2105442404747002,
        1.205083152651787,
        1.194907605648041,
        1.1742518216371536,
        1.1638897120952605,
        1.1554249495267865,
        1.1532037496566772,
        1.131205363571644,
        1.1206020727753638,
        1.1279184490442276,
        1.1073096469044688,
        1.1009419083595278,
        1.0991316869854926,
        1.0809470355510715,
        1.0785279810428618,
        1.0731079801917076
    ],
    "train_accs": [
        0.19905181623931592,
        0.2946937321937317,
        0.3407897079772076,
        0.3706374643874642,
        0.39500979344729303,
        0.4149305555555555,
        0.4293091168091167,
        0.44110576923076905,
        0.45370370370370366,
        0.4644987535612539,
        0.47400284900284917,
        0.4809027777777779,
        0.4905181623931624,
        0.4981303418803419,
        0.5094818376068377,
        0.5136217948717947,
        0.520677528490029,
        0.5265758547008547,
        0.5334090099715103,
        0.5383057336182339,
        0.5436921296296295,
        0.5473201566951565,
        0.5548878205128205,
        0.5601629273504278,
        0.5622551638176635,
        0.5708021723646726,
        0.5722266737891732,
        0.5791266025641022,
        0.5797943376068379,
        0.5869391025641032,
        0.5872284544159544,
        0.5933938746438752,
        0.5965990028490029,
        0.60392183048433,
        0.6074608262108262,
        0.6080617877492874,
        0.6091524216524214,
        0.6145610754985753,
        0.6196581196581193,
        0.620637464387464
    ],
    "valid_accs": [
        0.2673828125,
        0.3160156249999999,
        0.35585937500000003,
        0.3775390625,
        0.39746093749999994,
        0.41503906249999994,
        0.4333984375,
        0.440234375,
        0.4560546875,
        0.465234375,
        0.47558593750000017,
        0.4841796875,
        0.4966796875,
        0.5033203125000001,
        0.4976562499999999,
        0.5119140625,
        0.5249999999999999,
        0.5257812500000001,
        0.5388671875000002,
        0.5380859375,
        0.5490234374999999,
        0.5505859375000002,
        0.5564453125000001,
        0.5638671874999999,
        0.5671875000000002,
        0.5662109375000002,
        0.571484375,
        0.5853515625,
        0.5914062499999999,
        0.5898437500000002,
        0.5937500000000001,
        0.6013671874999998,
        0.6037109375,
        0.6052734375,
        0.6107421875,
        0.6113281250000001,
        0.6134765625,
        0.6218749999999998,
        0.6183593749999998,
        0.6240234375
    ],
    "test_loss": 1.127822215044046,
    "test_acc": 0.5972112341772154,
    "gradient_flows": [
        {
            "hidden_layers": [
                0.017556574195623398,
                0.008071192540228367,
                0.0031572836451232433,
                0.0014333812578115612,
                0.0006816711684223264
            ],
            "output_layer": 0.014498963952064514
        },
        {
            "hidden_layers": [
                0.0179664995521307,
                0.00814024731516838,
                0.003156930848490447,
                0.0014592403604183346,
                0.0006831295759184286
            ],
            "output_layer": 0.007870416156947613
        },
        {
            "hidden_layers": [
                0.01912229135632515,
                0.007962720701470971,
                0.0030755233019590378,
                0.001443075860152021,
                0.0006867491756565869
            ],
            "output_layer": 0.02031714655458927
        },
        {
            "hidden_layers": [
                0.01519165001809597,
                0.0074677844531834126,
                0.0029423903906717896,
                0.0013993349857628345,
                0.0007022048375802115
            ],
            "output_layer": 0.019013771787285805
        },
        {
            "hidden_layers": [
                0.013738361187279224,
                0.007718020235188305,
                0.0030435625230893493,
                0.001381817040964961,
                0.0006469930231105536
            ],
            "output_layer": 0.01518850028514862
        },
        {
            "hidden_layers": [
                0.015096906572580338,
                0.007439151406288147,
                0.003057726949919015,
                0.0014496235235128552,
                0.0007194208883447573
            ],
            "output_layer": 0.024211272597312927
        },
        {
            "hidden_layers": [
                0.014381173998117447,
                0.007067909114994109,
                0.002784588490612805,
                0.0013105692341923714,
                0.0006111244147177786
            ],
            "output_layer": 0.014765948057174683
        },
        {
            "hidden_layers": [
                0.013897565193474293,
                0.007176616229116917,
                0.0028371448279358447,
                0.0013392585387919098,
                0.000647848384687677
            ],
            "output_layer": 0.020551512017846107
        },
        {
            "hidden_layers": [
                0.013773096725344658,
                0.007217820500954986,
                0.0030312316957861185,
                0.0013986561098136008,
                0.0006462860765168443
            ],
            "output_layer": 0.011203952133655548
        },
        {
            "hidden_layers": [
                0.0152913648635149,
                0.007235084427520633,
                0.002976299205329269,
                0.0014063874550629407,
                0.0006709983281325549
            ],
            "output_layer": 0.01223079301416874
        },
        {
            "hidden_layers": [
                0.01303149200975895,
                0.006964747095480561,
                0.002811961341649294,
                0.001308052655076608,
                0.0006131266709417105
            ],