{
    "train_losses": [
        2.203605370304184,
        1.9290973009207293,
        1.8010123957935562,
        1.712853614081685,
        1.6492990024409055,
        1.6011606230695017,
        1.5610697996242793,
        1.527102906819423,
        1.4962622766141542,
        1.4759363774900072,
        1.4443659700899043,
        1.425632643903423,
        1.404298518118356,
        1.3848684808807157,
        1.3661251886617751
    ],
    "valid_losses": [
        2.0231513381004333,
        1.87670641541481,
        1.7705294519662862,
        1.6875416964292527,
        1.6241674959659578,
        1.5832412242889407,
        1.5332653611898426,
        1.5111656963825224,
        1.4792477726936337,
        1.4584275811910634,
        1.4347184151411057,
        1.406842374801636,
        1.3883551299571992,
        1.3667456120252608,
        1.361980924010277
    ],
    "train_accs": [
        0.19891826923076894,
        0.29553952991452953,
        0.340322293447293,
        0.37137197293447255,
        0.39458689458689444,
        0.41346153846153827,
        0.42777332621082564,
        0.4421073717948717,
        0.4537259615384615,
        0.46265135327635326,
        0.47257834757834755,
        0.4816595441595445,
        0.48951655982905984,
        0.4989761396011399,
        0.5060096153846154
    ],
    "valid_accs": [
        0.26640625,
        0.3185546875,
        0.3529296875000001,
        0.3810546875,
        0.4064453125,
        0.4138671875000001,
        0.4419921875000001,
        0.4439453124999999,
        0.45703124999999994,
        0.45898437499999994,
        0.47402343750000003,
        0.4832031249999999,
        0.4904296875,
        0.5017578125,
        0.5087890625
    ],
    "test_loss": 1.3774618725233438,
    "test_acc": 0.4922863924050631
}