{
    "train_losses": [
        1.9845049955226752,
        1.5732912426320913,
        1.4522378162780718,
        1.3712898261866342,
        1.3103294158593193,
        1.262686572862826,
        1.217780136145078,
        1.175959918913338,
        1.1386016209920242,
        1.109676214704487,
        1.074188048343712,
        1.047850457012143,
        1.0186692107776636,
        0.9958122786972936,
        0.9721601646170654,
        0.9454839375623608,
        0.9257905992687256,
        0.9065819445498645,
        0.8827892404336193,
        0.867124202754083,
        0.8486073657318403,
        0.8283607688045227,
        0.8110419992368102,
        0.7938568332256412,
        0.7778184604101375,
        0.762605432091954,
        0.7465505319782816,
        0.7337975457013508,
        0.7172730670355667,
        0.7084379488246728,
        0.6900671309555363,
        0.6770294531118499,
        0.6654427774101918,
        0.6515838143832329,
        0.6393645166331886,
        0.6267371044369497,
        0.6117973394713169,
        0.6020253411045781,
        0.5892514956642764,
        0.5749098129591705
    ],
    "valid_losses": [
        1.6689446091651914,
        1.4884108543395995,
        1.415631151199341,
        1.3479307413101198,
        1.2818916410207752,
        1.239496225118637,
        1.1621616393327714,
        1.145442283153534,
        1.097286455333233,
        1.0769516363739973,
        1.02914255708456,
        1.0071614280343053,
        0.9623749375343326,
        0.94686039686203,
        0.9397537693381309,
        0.8999771937727928,
        0.8789285257458685,
        0.8490946277976035,
        0.8327364414930342,
        0.8255090042948723,
        0.791200140118599,
        0.7909071311354635,
        0.7703636668622493,
        0.7516500197350978,
        0.7191202282905581,
        0.7023866385221482,
        0.7008246906101705,
        0.6727423876523971,
        0.6579181127250194,
        0.6393176913261412,
        0.6272425755858421,
        0.6120085433125497,
        0.5901813104748725,
        0.5840857490897178,
        0.562911082059145,
        0.5710507147014142,
        0.5707427747547628,
        0.5328941557556389,
        0.5289011426270007,
        0.5070045247673988
    ],
    "train_accs": [
        0.2955840455840452,
        0.4264378561253562,
        0.4726896367521368,
        0.5039396367521367,
        0.5273548789173791,
        0.5473869301994301,
        0.5638799857549862,
        0.5812188390313395,
        0.5925480769230762,
        0.6026531339031336,
        0.6193019943019941,
        0.6287615740740741,
        0.636863425925926,
        0.6461449430199432,
        0.6546919515669513,
        0.663884437321937,
        0.6713408119658115,
        0.6798655626780625,
        0.6893696581196577,
        0.6956463675213675,
        0.7028133903133896,
        0.7091568732193727,
        0.7167245370370363,
        0.7224225427350428,
        0.7264066951566949,
        0.7339298433048419,
        0.7388043091168082,
        0.7445468304843298,
        0.7490206552706553,
        0.7538728632478631,
        0.7594818376068377,
        0.7645343660968661,
        0.7665598290598287,
        0.7737491096866091,
        0.7773548789173785,
        0.7815616096866095,
        0.7886396011396002,
        0.7901531339031338,
        0.7954727564102558,
        0.8022168803418797
    ],
    "valid_accs": [
        0.396484375,
        0.45605468749999983,
        0.4853515625,
        0.51640625,
        0.5369140625,
        0.5507812499999999,
        0.5705078124999999,
        0.5873046875,
        0.6134765624999999,
        0.6226562499999998,
        0.6425781249999999,
        0.6484375000000001,
        0.6664062499999999,
        0.6753906249999998,
        0.6675781250000001,
        0.6845703124999999,
        0.689453125,
        0.7050781249999999,
        0.7089843749999999,
        0.7136718749999997,
        0.7259765625000001,
        0.7281249999999999,
        0.7369140625,
        0.7396484375000001,
        0.7568359374999999,
        0.7599609374999999,
        0.7582031249999998,
        0.7726562499999998,
        0.7765624999999999,
        0.7867187499999999,
        0.7906249999999999,
        0.7892578124999999,
        0.8035156250000001,
        0.8048828125,
        0.8091796874999998,
        0.8041015624999998,
        0.80703125,
        0.8197265624999999,
        0.8191406249999997,
        0.8326171874999998
    ],
    "test_loss": 0.8583823246291923,
    "test_acc": 0.7020371835443037,
    "gradient_flows": [
        {
            "hidden_layers": [
                0.015490362420678139,
                0.007436747895553708,
                0.002964888815768063,
                0.0013469699770212173,
                0.0006439672579290345
            ],
            "output_layer": 0.01427608635276556
        },
        {
            "hidden_layers": [
                0.01758643053472042,
                0.00820436654612422,
                0.0032436210894957185,
                0.0014655163104180247,
                0.0006837909313617274
            ],
            "output_layer": 0.009559965692460537
        },
        {
            "hidden_layers": [
                0.014890105463564396,
                0.007801789906807244,
                0.0032059685327112675,
                0.0014708199305459857,
                0.0006584447110071778
            ],
            "output_layer": 0.021625859662890434
        },
        {
            "hidden_layers": [
                0.015357555821537971,
                0.008043887908570468,
                0.003218242898583412,
                0.0014466156717389822,
                0.000654481744277291
            ],
            "output_layer": 0.013659636490046978
        },
        {
            "hidden_layers": [
                0.018810320645570755,
                0.008466327330097556,
                0.0033758896170184016,
                0.00150858165579848,
                0.0006625766836805269
            ],
            "output_layer": 0.01559064257889986
        },
        {
            "hidden_layers": [
                0.01479806937277317,
                0.009399320813827217,
                0.003971953992731869,
                0.001789536006981507,
                0.0007775956764817238
            ],
            "output_layer": 0.020302986726164818
        },
        {
            "hidden_layers": [
                0.014873080886900425,
                0.008095062454231083,
                0.0031962894136086106,
                0.0014539611001964658,
                0.0006127559317974374
            ],
            "output_layer": 0.013970943167805672
        },
        {
            "hidden_layers": [
                0.01321650855243206,
                0.008339890046045184,
                0.003552330133970827,
                0.001670727418968454,
                0.0007108063728082925
            ],
            "output_layer": 0.016717910766601562
        },
        {
            "hidden_layers": [
                0.01653863862156868,
                0.008692205068655312,
                0.003542822494637221,
                0.0016207891458179802,
                0.0006865988762001507
            ],
            "output_layer": 0.00984648335725069
        },
        {
            "hidden_layers": [
                0.014948593452572823,
                0.008708250941708684,
                0.0035130121395923197,
                0.0016525846440345049,
                0.0007368388323811814
            ],
            "output_layer": 0.01261177659034729
        },
        {
            "hidden_layers": [
                0.018791066482663155,
                0.00870614720042795,
                0.0033656684681773186,
                0.0015772520564496517,
                0.0006678016288788058
            ],