{
    "train_losses": [
        1.9840128099137229,
        1.573724164582385,
        1.4529830995108672,
        1.3718864442276488,
        1.3115569740279096,
        1.2639250374927133,
        1.218768258549888,
        1.17688725493912,
        1.1404427346001325,
        1.1119874571463308,
        1.075966826531282,
        1.050111811215381,
        1.0203899172296544,
        0.9981090990226832,
        0.9740581879248985
    ],
    "valid_losses": [
        1.6686861127614974,
        1.488726592063904,
        1.4166103929281235,
        1.3479833573102953,
        1.2797227859497071,
        1.234402033686638,
        1.1616435825824736,
        1.1450239583849908,
        1.0963274717330933,
        1.0774749577045442,
        1.0291840925812725,
        1.0092928379774093,
        0.9614336565136912,
        0.9487252205610275,
        0.9377265274524689
    ],
    "train_accs": [
        0.29569533475783444,
        0.4271055911680912,
        0.4720219017094018,
        0.5039618945868944,
        0.5268206908831912,
        0.5487224002849004,
        0.563167735042735,
        0.5797275641025644,
        0.5919248575498575,
        0.6037437678062676,
        0.6187455484330483,
        0.628227386039885,
        0.6382211538461534,
        0.6452323717948719,
        0.6544471153846149
    ],
    "valid_accs": [
        0.39316406249999997,
        0.45683593749999996,
        0.4839843749999999,
        0.519140625,
        0.5355468750000001,
        0.5533203124999999,
        0.5828125,
        0.591015625,
        0.613671875,
        0.6212890625,
        0.6417968750000002,
        0.6457031249999999,
        0.6662109374999999,
        0.6724609375000001,
        0.6693359375000001
    ],
    "test_loss": 1.0790273833878434,
    "test_acc": 0.6147151898734179
}