{
    "train_losses": [
        1.6734364385958065,
        1.335116410527133,
        1.2073949555046541,
        1.1185983541684275,
        1.0554896528564621,
        0.9960002168970566,
        0.9407232306961322,
        0.9007347560676076,
        0.8680999328268224,
        0.8387945318154122,
        0.8031426376087374,
        0.7802373128399208,
        0.7559807996804216,
        0.7330889393631201,
        0.7067384021064829,
        0.6873979778201491,
        0.6784418596331548,
        0.6570250014124434,
        0.631774997609293,
        0.6186418318510734,
        0.6096415689528158,
        0.5935114161071611,
        0.5732978117092387,
        0.5574088106807479,
        0.5439835585590101,
        0.533831213274573,
        0.5229183263079055,
        0.5085571533084933,
        0.5004280484639682,
        0.48332263287316035,
        0.4720641009488335,
        0.4541801007894368,
        0.445519753840574,
        0.43885451869407605,
        0.42437253633455646,
        0.41376527719348216,
        0.40723708887555315,
        0.39701493674533633,
        0.3863186161232811,
        0.37981699381628636
    ],
    "valid_losses": [
        1.473820713162422,
        1.2277933061122892,
        1.1722465902566905,
        1.046973857283592,
        1.0668509379029276,
        0.9750795438885689,
        0.9831453129649164,
        0.8933533489704131,
        0.824705968797207,
        0.7913791909813882,
        0.7990722998976708,
        0.7481241650879383,
        0.7468018293380738,
        0.7110633067786694,
        0.6400854274630546,
        0.6473495364189148,
        0.5867355681955816,
        0.6231715530157089,
        0.5846587777137756,
        0.5735435955226422,
        0.5571510531008242,
        0.5712730526924132,
        0.5019596047699451,
        0.48954342007637025,
        0.4909312196075917,
        0.4434082385152579,
        0.4398841224610805,
        0.3754768945276736,
        0.4663434669375419,
        0.42733643352985395,
        0.36837165839970115,
        0.37448435425758353,
        0.36164609529078,
        0.37025458365678793,
        0.3820181328803302,
        0.2990051873028278,
        0.3235935904085635,
        0.3209132432937622,
        0.29769054017961016,
        0.27808883860707273
    ],
    "train_accs": [
        0.3903579059829054,
        0.5207665598290603,
        0.5679976851851852,
        0.6039886039886034,
        0.6270032051282048,
        0.6485710470085466,
        0.6670450498575489,
        0.6805110398860396,
        0.6939325142450137,
        0.7025017806267806,
        0.7166355056980049,
        0.722778668091167,
        0.7325721153846145,
        0.7402288105413104,
        0.7495771011396009,
        0.7577902421652423,
        0.7608173076923072,
        0.7698317307692302,
        0.776130698005698,
        0.7789129273504266,
        0.7823183760683757,
        0.7892405626780621,
        0.7966301638176626,
        0.800146901709401,
        0.8050881410256402,
        0.8108084045584035,
        0.813523860398859,
        0.8192886396011385,
        0.8227163461538445,
        0.8282808048433041,
        0.8315304487179471,
        0.8360265313390305,
        0.8394764957264946,
        0.8433716168091158,
        0.8474448005697998,
        0.8513621794871792,
        0.8537215099715098,
        0.8581953347578343,
        0.857883725071225,
        0.8612446581196584
    ],
    "valid_accs": [
        0.4890625,
        0.5720703125000001,
        0.6080078125000001,
        0.6451171875000001,
        0.65546875,
        0.6701171875,
        0.6851562500000001,
        0.7085937499999999,
        0.7246093750000001,
        0.745703125,
        0.7431640625000002,
        0.7564453125,
        0.7583984375000001,
        0.7703124999999998,
        0.7894531249999999,
        0.7894531249999999,
        0.8050781250000001,
        0.7970703125000002,
        0.8070312500000001,
        0.8144531250000001,
        0.8103515625000001,
        0.8107421875000002,
        0.8316406249999999,
        0.8398437499999999,
        0.84453125,
        0.855859375,
        0.8537109375000002,
        0.874609375,
        0.8496093749999998,
        0.8611328124999998,
        0.8785156249999999,
        0.8794921874999999,
        0.8740234375000001,
        0.8718750000000001,
        0.8791015624999999,
        0.905859375,
        0.8919921875,
        0.89453125,
        0.896484375,
        0.9105468749999998
    ],
    "test_loss": 0.9049413664431508,
    "test_acc": 0.7669106012658231,
    "gradient_flows": [
        {
            "hidden_layers": [
                0.0023696650750935078,
                0.0018208785040769726,
                0.0007444731963914819,
                0.0007071278232615441,
                0.0007832532573956996
            ],
            "output_layer": 0.006053048651665449
        },
        {
            "hidden_layers": [
                0.0023615597747266293,
                0.0022924370714463294,
                0.0007752490346319973,
                0.0007147372962208465,
                0.000820974339148961
            ],
            "output_layer": 0.007505834102630615
        },
        {
            "hidden_layers": [
                0.0019482424249872565,
                0.001999490814341698,
                0.0006552535996888764,
                0.0004795983222720679,
                0.0004875252125202678
            ],
            "output_layer": 0.006683172192424536
        },
        {
            "hidden_layers": [
                0.001972475089132786,
                0.0019113777816528454,
                0.0006234147876966745,
                0.0004973258546669967,
                0.00044194826114107855
            ],
            "output_layer": 0.0060054766945540905
        },
        {
            "hidden_layers": [
                0.0026463333051651716,
                0.0018846361635951325,
                0.0005951932689640671,
                0.0005192310127313249,
                0.00040037370490608737
            ],
            "output_layer": 0.006538699846714735
        },
        {
            "hidden_layers": [
                0.002536795800551772,
                0.0015618784673279151,
                0.0006415102470782585,
                0.0004667775247071404,
                0.0003519094898365438
            ],
            "output_layer": 0.00671649444848299
        },
        {
            "hidden_layers": [
                0.003069000318646431,
                0.0021253683007671498,
                0.0007315061666304246,
                0.0006019169595674612,
                0.0004261163339833729
            ],
            "output_layer": 0.0073388488963246346
        },
        {
            "hidden_layers": [
                0.00250833248719573,
                0.0015994790592230856,
                0.0006550274192704819,
                0.0005186620255699381,
                0.0003557579802873079
            ],
            "output_layer": 0.007392910309135914
        },
        {
            "hidden_layers": [
                0.0024964753538370132,
                0.0018674288148758933,
                0.0006548208984895609,
                0.0005933190041105263,
                0.00038647770998068154
            ],
            "output_layer": 0.007206089794635773
        },
        {
            "hidden_layers": [
                0.003472372656688094,
                0.0017310618350165896,
                0.0006834285813965835,
                0.0005894720670767128,
                0.00045152101665735245
            ],
            "output_layer": 0.007622449193149805
        },
        {
            "hidden_layers": [
                0.0023994881194084883,
                0.0018441055945004337,
                0.0006942280451767147,
                0.0005883519552298822,
                0.00036891657509841025
            ],