{
    "train_losses": [
        1.6734364294258615,
        1.335116408149741,
        1.207394931391094,
        1.118598394584113,
        1.055489674083188,
        0.9960001615377574,
        0.9407231919785853,
        0.9007346745569826,
        0.868099889524302,
        0.8387945737594218,
        0.8031426355709711,
        0.7802373620859234,
        0.7559808236241673,
        0.7330888805226382,
        0.7067383220392752
    ],
    "valid_losses": [
        1.4738207161426544,
        1.2277931779623033,
        1.1722466006875036,
        1.0469738528132437,
        1.0668509349226953,
        0.9750792399048807,
        0.9831451207399369,
        0.8933534875512122,
        0.8247059747576714,
        0.7913793250918387,
        0.7990724101662634,
        0.7481240980327131,
        0.7468012943863868,
        0.7110611207783223,
        0.6400859415531158
    ],
    "train_accs": [
        0.3903579059829054,
        0.5207665598290603,
        0.5679976851851852,
        0.6039886039886034,
        0.626980947293447,
        0.6485710470085466,
        0.6670450498575489,
        0.6805110398860396,
        0.6939547720797715,
        0.7025017806267806,
        0.7166355056980049,
        0.722778668091167,
        0.7325721153846145,
        0.7402288105413104,
        0.7495771011396009
    ],
    "valid_accs": [
        0.4890625,
        0.5720703125000001,
        0.6080078125000001,
        0.6451171875000001,
        0.65546875,
        0.6701171875,
        0.6851562500000001,
        0.7085937499999999,
        0.7246093750000001,
        0.745703125,
        0.7431640625000002,
        0.7564453125,
        0.7583984375000001,
        0.7703124999999998,
        0.7894531249999999
    ],
    "test_loss": 0.8208546057532105,
    "test_acc": 0.7415941455696204
}