{
    "train_losses": [
        1.4889692526597251,
        1.1355559953257568,
        0.950574241132817,
        0.8271421537100428,
        0.73770939522659,
        0.6596099198543789,
        0.5925673763466693,
        0.5455118782839543,
        0.492648108307792,
        0.4573631008975526,
        0.40997648413194887,
        0.37291811550954135,
        0.3478010069271098,
        0.3174620904983618,
        0.2898582757113663
    ],
    "valid_losses": [
        1.2370208621025085,
        0.9850908324122427,
        0.8849215492606164,
        0.8477176710963249,
        0.7167191952466965,
        0.5914820253849027,
        0.4892354365438222,
        0.4751340664923191,
        0.43075215145945533,
        0.39220726676285256,
        0.3514108195900916,
        0.34368493705987924,
        0.3071134056895971,
        0.2792151428759098,
        0.24907727912068367
    ],
    "train_accs": [
        0.46102653133903126,
        0.5921251780626781,
        0.6612802706552706,
        0.7060407763532758,
        0.7398949430199415,
        0.7681846509971505,
        0.7925792378917373,
        0.808382300569799,
        0.8272346866096851,
        0.8396323005697993,
        0.8565927706552704,
        0.8705929487179487,
        0.8782273860398866,
        0.8902466168091172,
        0.8999510327635324
    ],
    "valid_accs": [
        0.5482421874999999,
        0.6505859375,
        0.6927734375000001,
        0.7109375,
        0.7494140625,
        0.7921874999999999,
        0.8283203124999998,
        0.833984375,
        0.8496093749999999,
        0.8634765625000002,
        0.8837890624999999,
        0.8839843749999999,
        0.8982421875000001,
        0.9050781249999998,
        0.9136718750000001
    ],
    "test_loss": 0.6590562436399585,
    "test_acc": 0.7978639240506329
}