{
    "train_losses": [
        1.4904355897523067,
        1.1375677254464882,
        0.952989631398791,
        0.8298094607146711,
        0.7361352292560778,
        0.662645928540461,
        0.5977457184397602,
        0.5468982182167197,
        0.493685818805314,
        0.45384402382068145,
        0.4130128796963274,
        0.3733382110412302,
        0.34706797117521293,
        0.3173958055908524,
        0.29099863406769566,
        0.2688793319879774,
        0.24441824036191326,
        0.23021937535274406,
        0.20982053385585808,
        0.19553636008093495,
        0.1811483039857656,
        0.1661449496414077,
        0.15375350670427348,
        0.1464122075725485,
        0.1373929617199463,
        0.12966311205061753,
        0.12436810698349592,
        0.11985955505162224,
        0.11513019269836416,
        0.10766054204853512,
        0.10212996634429167,
        0.09683806101056587,
        0.09579460335062272,
        0.08808867122840003,
        0.08977222484019078,
        0.08555178182395945,
        0.08530514600800823,
        0.07741649960435693,
        0.07719739647502571,
        0.07623440662977359
    ],
    "valid_losses": [
        1.22171710729599,
        0.9859954118728637,
        0.9335728496313094,
        0.8400669887661935,
        0.7731934562325476,
        0.5688687026500702,
        0.49243426918983474,
        0.4770759545266628,
        0.4239591434597968,
        0.4210398036986589,
        0.35596291869878766,
        0.3681170791387559,
        0.31640954315662395,
        0.30911876112222675,
        0.23595457784831525,
        0.22419211659580476,
        0.2643556233495473,
        0.18852536641061302,
        0.16738574244081975,
        0.1536360124126077,
        0.17908780574798588,
        0.1934109974652529,
        0.1907541611231864,
        0.1219543377868831,
        0.11803106795996429,
        0.14777398519217966,
        0.14243066809140142,
        0.11756063364446166,
        0.1329993269406259,
        0.11033559115603572,
        0.09946952071040871,
        0.10862085940316318,
        0.13324205344542864,
        0.10340058974252314,
        0.09880657568573951,
        0.12629958334146069,
        0.11454380461946129,
        0.12189767253585157,
        0.11257445660885425,
        0.09320110779954116
    ],
    "train_accs": [
        0.4637865028490032,
        0.5904335826210823,
        0.6606125356125349,
        0.7060852920227918,
        0.7392049501424494,
        0.7671385327635327,
        0.7890402421652415,
        0.8070023148148139,
        0.8279469373219359,
        0.8406116452991443,
        0.8560808404558398,
        0.8701255341880341,
        0.8783831908831922,
        0.8902466168091177,
        0.8978365384615381,
        0.9063390313390303,
        0.9154424857549853,
        0.9203614672364653,
        0.9277955840455822,
        0.9334713319088304,
        0.9379451566951555,
        0.9437099358974359,
        0.9461805555555561,
        0.948139245014246,
        0.9526798433048451,
        0.9553507834757857,
        0.9577546296296321,
        0.9578881766381793,
        0.9605368589743619,
        0.9626736111111148,
        0.9644987535612569,
        0.9664574430199472,
        0.9665019586894624,
        0.9707977207977252,
        0.9697516025641069,
        0.9700854700854744,
        0.9707754629629677,
        0.973557692307697,
        0.9730457621082664,
        0.9738693019943071
    ],
    "valid_accs": [
        0.5632812500000001,
        0.6466796875,
        0.679296875,
        0.7199218749999998,
        0.7361328125000001,
        0.7990234374999999,
        0.8261718749999998,
        0.8285156250000003,
        0.8519531249999999,
        0.8500000000000001,
        0.8748046875000002,
        0.8744140625,
        0.8876953125000001,
        0.8923828125000002,
        0.9201171874999999,
        0.9226562500000002,
        0.9107421875000001,
        0.9404296875,
        0.9462890625000001,
        0.9492187500000002,
        0.9431640624999996,
        0.9376953125,
        0.9335937500000002,
        0.9662109375000001,
        0.9623046875,
        0.9537109374999997,
        0.9564453125000001,
        0.9656250000000001,
        0.9568359375000001,
        0.9693359374999999,
        0.9724609375,
        0.9681640624999999,
        0.9599609375,
        0.9720703124999999,
        0.9742187500000001,
        0.9621093750000003,
        0.9681640625,
        0.966796875,
        0.9679687499999999,
        0.9755859375
    ],
    "test_loss": 0.6792262209744392,
    "test_acc": 0.8357397151898734,
    "gradient_flows": [
        {
            "hidden_layers": [
                0.013984022662043571,
                0.006573839811608195,
                0.0026729978853836656,
                0.0011707360681612045,
                0.0004786913195857778
            ],
            "output_layer": 0.01373311597853899
        },
        {
            "hidden_layers": [
                0.012769680470228195,
                0.006696919212117791,
                0.002618487167637795,
                0.0011354477028362453,
                0.000440634430560749
            ],
            "output_layer": 0.00891499686986208
        },
        {
            "hidden_layers": [
                0.01321953535079956,
                0.0057860108790919185,
                0.0022702856513205916,
                0.001062375129549764,
                0.00041679175046738237
            ],
            "output_layer": 0.013791683129966259
        },
        {
            "hidden_layers": [
                0.012188912369310856,
                0.004888270341325551,
                0.0019514198356773704,
                0.0009306517313234508,
                0.0003792884890572168
            ],
            "output_layer": 0.011491390876471996
        },
        {
            "hidden_layers": [
                0.015287335030734539,
                0.006648970651440322,
                0.0024802377447485924,
                0.0011821117077488452,
                0.0004792155232280493
            ],
            "output_layer": 0.01565183512866497
        },
        {
            "hidden_layers": [
                0.014427692629396915,
                0.005535436444915831,
                0.0020843580132350326,
                0.0010689078917494044,
                0.0004673373987316154
            ],
            "output_layer": 0.021331442520022392
        },
        {
            "hidden_layers": [
                0.01391158439218998,
                0.00467968825250864,
                0.0018332429754082114,
                0.0009561164188198745,
                0.0004166518810961861
            ],
            "output_layer": 0.011700700037181377
        },
        {
            "hidden_layers": [
                0.016311069950461388,
                0.004883178451564163,
                0.0019742504809983075,
                0.00099048281845171,
                0.00043168435149709694
            ],
            "output_layer": 0.015019585378468037
        },
        {
            "hidden_layers": [
                0.012894011102616787,
                0.005389812984503806,
                0.002031719108344987,
                0.0010699663689592853,
                0.00045727476754109375
            ],
            "output_layer": 0.006560103502124548
        },
        {
            "hidden_layers": [
                0.015191558748483658,
                0.0051615278935059905,
                0.0020268475636839867,
                0.0010960508952848613,
                0.0004738976640510373
            ],
            "output_layer": 0.006313032004982233
        },
        {
            "hidden_layers": [
                0.012304387986660004,
                0.003921798546798527,
                0.0016796608688309789,
                0.0009211862488882616,
                0.0003985340918006841
            ],