{
    "train_losses": [
        1.3389640316324707,
        0.8405570097458664,
        0.6624503255399892,
        0.5545866457994847,
        0.48598860216955897,
        0.43885513970315293,
        0.38320530751491866,
        0.3558115023068889,
        0.3235514967190235,
        0.29287101162804496,
        0.2681455889191382,
        0.2455004672718864,
        0.2307562289117409,
        0.2105275108306496,
        0.18869575541837955
    ],
    "valid_losses": [
        1.3931514143943795,
        0.8481118157505988,
        0.7056198246777057,
        0.4670607708394528,
        0.5492456324398517,
        0.5015589967370033,
        0.36743627563118925,
        0.3914214082062245,
        0.4309700101613999,
        0.24520756676793098,
        0.21461501568555832,
        0.2856882929801941,
        0.22487718667835,
        0.21285966532304876,
        0.18072428498417134
    ],
    "train_accs": [
        0.5202991452991454,
        0.7025240384615385,
        0.7717904202279197,
        0.8051103988603978,
        0.8304843304843293,
        0.8472889957264949,
        0.8670762108262111,
        0.877670940170941,
        0.8882656695156701,
        0.89761396011396,
        0.9057603276353262,
        0.9148637820512812,
        0.9188479344729331,
        0.9263265669515655,
        0.9339832621082605
    ],
    "valid_accs": [
        0.5705078124999999,
        0.7019531249999997,
        0.7728515625,
        0.8396484375000003,
        0.8154296875000002,
        0.8287109374999998,
        0.87578125,
        0.8560546875,
        0.8589843749999999,
        0.9150390625,
        0.9253906250000001,
        0.8976562499999999,
        0.9220703125,
        0.9318359375000002,
        0.9423828125
    ],
    "test_loss": 0.42219655630709246,
    "test_acc": 0.8705498417721516
}