{
    "train_losses": [
        1.3443411063944184,
        0.844881714409233,
        0.6593563817335331,
        0.5517375629681809,
        0.48675702440093416,
        0.4408608194429985,
        0.3866556109780938,
        0.35757322291023713,
        0.3248307047746116,
        0.2962370485576808,
        0.27111717595843504,
        0.2473885006671959,
        0.2297108560545832,
        0.210983476662568,
        0.19161913902671265,
        0.17782051145945524,
        0.16349671759836354,
        0.1551942140543224,
        0.14406959693401275,
        0.1304106722795471,
        0.12417077856334703,
        0.11856420955851542,
        0.10790123125044711,
        0.09926613584755149,
        0.0991380950435996,
        0.09038658158858964,
        0.09087036771333622,
        0.08457469860850664,
        0.08010158804311632,
        0.07501868712861737,
        0.06987991371587382,
        0.07149357344965823,
        0.06438423575106426,
        0.0640504748966449,
        0.059399367400320376,
        0.059020669974301755,
        0.059431955549982714,
        0.05724725042843922,
        0.051197113517003186,
        0.051723446564329645
    ],
    "valid_losses": [
        1.1195294529199602,
        0.7747813582420351,
        0.6845372304320333,
        0.48342840224504485,
        0.5456179864704611,
        0.5060053624212741,
        0.36664659343659867,
        0.32432660833001126,
        0.3153377421200276,
        0.2756334397941828,
        0.2800070077180861,
        0.25971114598214623,
        0.20408116802573198,
        0.2506519457325339,
        0.16817420111037787,
        0.14264822360128165,
        0.20171755086630586,
        0.12255834732204673,
        0.11594539536163212,
        0.11515817017061636,
        0.10516891125589606,
        0.14195552617311483,
        0.11165932063013317,
        0.09992181956768033,
        0.10452994666993613,
        0.11021981639787551,
        0.10395204238593576,
        0.09579728790558877,
        0.1010400537867099,
        0.08173384184483437,
        0.10283519714139405,
        0.08558020093478261,
        0.0814118888694793,
        0.07597287404350937,
        0.0766122374916449,
        0.08403257797472179,
        0.07396023946348576,
        0.07758006819640285,
        0.09209483228623867,
        0.09803358498029409
    ],
    "train_accs": [
        0.5184962606837609,
        0.7036814458689458,
        0.770788817663817,
        0.806891025641025,
        0.8316194800569789,
        0.845998041310541,
        0.8663862179487182,
        0.8743100071225075,
        0.8875979344729348,
        0.8986378205128212,
        0.9046251780626777,
        0.9141070156695156,
        0.919537927350426,
        0.9257478632478625,
        0.9338051994301982,
        0.9371661324786312,
        0.9419738247863245,
        0.9462028133903136,
        0.9490295584045586,
        0.9542156339031355,
        0.9570201210826235,
        0.9588230056980084,
        0.962762642450145,
        0.9651219729344765,
        0.9655003561253601,
        0.9685719373219421,
        0.9678596866096905,
        0.9710202991453039,
        0.9727786680911732,
        0.9742254273504322,
        0.9750489672364725,
        0.9759392806267864,
        0.9776308760683818,
        0.9783653846153899,
        0.978743767806273,
        0.9792111823361871,
        0.9791889245014295,
        0.9809027777777829,
        0.9819488960114007,
        0.9819711538461591
    ],
    "valid_accs": [
        0.6236328125000001,
        0.7302734375000001,
        0.7748046875000001,
        0.8320312499999999,
        0.8191406249999997,
        0.8326171875,
        0.8724609374999996,
        0.8867187500000001,
        0.8935546874999999,
        0.9076171874999999,
        0.9025390624999999,
        0.9169921875,
        0.9304687499999998,
        0.9128906249999998,
        0.9421874999999998,
        0.9498046875,
        0.9337890624999999,
        0.9617187499999998,
        0.9642578124999999,
        0.9611328125,
        0.9666015625000002,
        0.9500000000000001,
        0.9656249999999998,
        0.96953125,
        0.9677734374999998,
        0.9642578125,
        0.9685546875000001,
        0.9736328124999999,
        0.9708984374999999,
        0.9714843750000001,
        0.9693359375000001,
        0.9738281249999999,
        0.9734374999999996,
        0.9789062499999999,
        0.9761718750000002,
        0.9744140625000001,
        0.9783203125000001,
        0.976171875,
        0.9708984374999999,
        0.9703124999999999
    ],
    "test_loss": 0.477214194739921,
    "test_acc": 0.8924050632911387,
    "gradient_flows": [
        {
            "hidden_layers": [
                0.011703209951519966,
                0.0018589224491734058,
                0.0006649348215432838,
                0.00028026572545059025,
                8.076536050793948e-05
            ],
            "output_layer": 0.018100664019584656
        },
        {
            "hidden_layers": [
                0.007778202649205923,
                0.0012462282902561128,
                0.0005859772500116378,
                0.00024063795353868045,
                6.500605195469689e-05
            ],
            "output_layer": 0.012248625047504902
        },
        {
            "hidden_layers": [
                0.00675654411315918,
                0.0010495288879610598,
                0.00045872094779042527,
                0.0001851519446063321,
                5.214229622652056e-05
            ],
            "output_layer": 0.015238523483276367
        },
        {
            "hidden_layers": [
                0.006711252499371767,
                0.0008191453816834837,
                0.0003847425614367239,
                0.00015224093658616766,
                4.0591326524008764e-05
            ],
            "output_layer": 0.008868194185197353
        },
        {
            "hidden_layers": [
                0.011470876634120941,
                0.00104174688749481,
                0.00046086102520348504,
                0.00018043861200567335,
                4.5911429879197385e-05
            ],
            "output_layer": 0.012083367444574833
        },
        {
            "hidden_layers": [
                0.009448091499507427,
                0.0009009786881506443,
                0.000398193318687845,
                0.0001587473634572234,
                4.258204808138544e-05
            ],
            "output_layer": 0.01198763120919466
        },
        {
            "hidden_layers": [
                0.007651335559785366,
                0.0008669050002936274,
                0.0004050274146720767,
                0.00016556154514546506,
                4.370780061435653e-05
            ],
            "output_layer": 0.010004693642258644
        },
        {
            "hidden_layers": [
                0.008568407036364079,
                0.0008328130061272532,
                0.00037848630017833784,
                0.00016459973994642496,
                4.513827025220962e-05
            ],
            "output_layer": 0.011818081140518188
        },
        {
            "hidden_layers": [
                0.007267638109624386,
                0.0007774625555612147,
                0.0003704304763232358,
                0.00016159505685209297,
                3.991025732830167e-05
            ],
            "output_layer": 0.005351289641112089
        },
        {
            "hidden_layers": [
                0.010595767758786678,
                0.0008810928411548957,
                0.000401653211156372,
                0.00016701305139577016,
                4.251789005138562e-05
            ],