{
    "train_losses": [
        1.8199743402649513,
        1.4871523736888526,
        1.3532536111326288,
        1.2775352941958655,
        1.199146728400153,
        1.1401665146194642,
        1.0800210577130664,
        1.0279999572327339,
        0.9836926703099848,
        0.9343809709589713,
        0.8871597075394417,
        0.8446398438551491,
        0.7955598775138207,
        0.7476529634406427,
        0.7131688355380655,
        0.6703584921835501,
        0.6363205890200417,
        0.6000375503148794,
        0.562836926037769,
        0.5283631496449823,
        0.49155180262364545,
        0.4697539789809124,
        0.4446964685903315,
        0.41265051368294947,
        0.3942929082616445,
        0.37964795733618983,
        0.3505432192671331,
        0.338568618876642,
        0.3192651997774077,
        0.3072878462806389,
        0.2917755849001415,
        0.2769050906356585,
        0.2805487314010956,
        0.2602736038869601,
        0.2604371364469881,
        0.2389216297160186,
        0.23662895821777846,
        0.22528970678817173,
        0.22077084317845852,
        0.2153904334856914
    ],
    "valid_losses": [
        1.5758694052696232,
        1.3703191757202149,
        1.2820691943168643,
        1.169488807022572,
        1.1059719100594523,
        1.066546729207039,
        0.981689986586571,
        0.9154608801007272,
        0.8590189218521117,
        0.8170460402965546,
        0.7890427723526957,
        0.7590780526399614,
        0.699517008662224,
        0.6231759577989577,
        0.5697211749851704,
        0.5631001509726049,
        0.5461330078542234,
        0.5003589056432247,
        0.48500610813498496,
        0.42736792489886277,
        0.4263313330709934,
        0.4029430136084557,
        0.36394488587975504,
        0.3570783678442239,
        0.32928978167474265,
        0.2893086181953549,
        0.29566746763885016,
        0.30581607185304155,
        0.28155385367572316,
        0.26831171014346183,
        0.2794216079637408,
        0.2577918117400259,
        0.25103522427380087,
        0.2522200595587492,
        0.23903877353295686,
        0.25627878997474907,
        0.22623081235215067,
        0.24395534526556728,
        0.22355325426906344,
        0.2419157918542624
    ],
    "train_accs": [
        0.35107282763532716,
        0.4634526353276355,
        0.5143785612535613,
        0.5419782763532764,
        0.5686431623931624,
        0.5938612891737889,
        0.6161191239316236,
        0.6350160256410261,
        0.6497061965811964,
        0.6676237535612528,
        0.6862090455840456,
        0.7019008190883191,
        0.7191283831908826,
        0.7346643518518516,
        0.7492209757834747,
        0.7642895299145295,
        0.7764200498575495,
        0.7863025284900281,
        0.8032184829059826,
        0.8155493233618223,
        0.8290820868945867,
        0.835447827635326,
        0.8429709757834749,
        0.8564814814814814,
        0.8612446581196576,
        0.8691684472934479,
        0.879273504273504,
        0.8816773504273512,
        0.8892672720797732,
        0.8939636752136757,
        0.8991497507122507,
        0.904513888888889,
        0.9015535968660973,
        0.9100783475783458,
        0.9114138176638169,
        0.9169560185185164,
        0.9188256766381755,
        0.9229878917378909,
        0.9232995014244996,
        0.9247462606837589
    ],
    "valid_accs": [
        0.44550781250000004,
        0.51484375,
        0.544140625,
        0.5951171875,
        0.6117187500000001,
        0.6259765625,
        0.6558593749999999,
        0.6798828124999999,
        0.7007812500000002,
        0.7203125,
        0.7302734375,
        0.7328124999999999,
        0.7580078125000003,
        0.7857421875,
        0.8085937500000001,
        0.8095703125000002,
        0.8125,
        0.8330078125,
        0.8330078124999999,
        0.8603515625,
        0.86171875,
        0.8634765624999998,
        0.8810546874999999,
        0.8900390625000002,
        0.8966796875000002,
        0.9083984375,
        0.9066406250000001,
        0.9072265624999997,
        0.9146484374999998,
        0.9230468749999999,
        0.9183593749999998,
        0.9234375000000001,
        0.9294921875000001,
        0.9298828125,
        0.9361328125,
        0.9279296875000003,
        0.940625,
        0.9326171875000001,
        0.9365234375000001,
        0.9316406249999999
    ],
    "test_loss": 1.5179349018048631,
    "test_acc": 0.6390427215189876,
    "gradient_flows": [
        {
            "hidden_layers": [
                0.0007349079241976142,
                0.0017233422768185847,
                0.0010897559186560102,
                0.0012705101253231987,
                0.0009452589365537278
            ],
            "output_layer": 0.019320974126458168
        },
        {
            "hidden_layers": [
                0.0007387456716969609,
                0.002369746071053669,
                0.0015163428397499956,
                0.0013983230164740235,
                0.001761527375492733
            ],
            "output_layer": 0.016759490594267845
        },
        {
            "hidden_layers": [
                0.0006113873096182942,
                0.001750668161548674,
                0.0013508583215298131,
                0.0014240831951610744,
                0.000739619521482382
            ],
            "output_layer": 0.013663542456924915
        },
        {
            "hidden_layers": [
                0.0007039614720270038,
                0.0023971077825990506,
                0.0019860459287883714,
                0.0013725370590691455,
                0.0014241401077015325
            ],
            "output_layer": 0.010589586570858955
        },
        {
            "hidden_layers": [
                0.0007060375064611435,
                0.0018216742973891087,
                0.000914480428036768,
                0.0011290173642919399,
                0.0010426117514725775
            ],
            "output_layer": 0.013375951908528805
        },
        {
            "hidden_layers": [
                0.0005988123593851924,
                0.0020207401757943444,
                0.001132738594606053,
                0.0006821807219239417,
                0.0006018287676852196
            ],
            "output_layer": 0.012999010272324085
        },
        {
            "hidden_layers": [
                0.0005910764448344707,
                0.0017417908820789307,
                0.0013320094003574923,
                0.0011216056773264427,
                0.0006092702788009774
            ],
            "output_layer": 0.010697468183934689
        },
        {
            "hidden_layers": [
                0.0006653812597505748,
                0.002152787070372142,
                0.0010429461835883558,
                0.0016311359286191873,
                0.0008793314409558661
            ],
            "output_layer": 0.012170649133622646
        },
        {
            "hidden_layers": [
                0.0006441823788918555,
                0.0015577076046611182,
                0.0010851486949832179,
                0.0009317124640801921,
                0.000511326921696309
            ],
            "output_layer": 0.011743597686290741
        },
        {
            "hidden_layers": [
                0.000528872013092041,
                0.0023145637096604332,
                0.001223544662934728,
                0.0011062829435104504,
                0.001059231253748294
            ],
            "output_layer": 0.01131356880068779
        },
        {
            "hidden_layers": [
                0.000671399524435401,
                0.002219473695731722,
                0.0014643572285422124,
                0.001583909681357909,
                0.00045850121387047693
            ],