{
    "train_losses": [
        1.7603358767311117,
        1.4478315736493488,
        1.3226075544316558,
        1.2400843124104368,
        1.1690043820614815,
        1.113036386477642,
        1.05447281035263,
        1.0049324001681774,
        0.9648565558286817,
        0.9230206478015647,
        0.8754502512790542,
        0.8334051620247022,
        0.7915790575182331,
        0.7484680488917904,
        0.713471141975489,
        0.6771143242674337,
        0.6380974038204239,
        0.6047198171289558,
        0.5777482667200247,
        0.541101632464645,
        0.511025286468006,
        0.4868032820204383,
        0.4616185579968988,
        0.43812933233049167,
        0.42366746704802544,
        0.39921720024527285,
        0.3769878706021865,
        0.3702876051182081,
        0.3456656327656874,
        0.3247346177994355
    ],
    "valid_losses": [
        1.5178352266550066,
        1.3291249454021452,
        1.2644720315933224,
        1.1313485369086267,
        1.0935796305537226,
        1.009361170232296,
        0.9609202206134798,
        0.9249125957489014,
        0.8759363919496537,
        0.8139073222875596,
        0.7675249010324477,
        0.7354070916771889,
        0.695300430059433,
        0.631935615837574,
        0.6070869825780392,
        0.5724626637995243,
        0.5500027507543563,
        0.4972481638193131,
        0.4899948522448539,
        0.4523893520236015,
        0.4191868461668492,
        0.4076073341071607,
        0.3838785164058208,
        0.3677746914327146,
        0.3406494859606028,
        0.3177005719393492,
        0.3050954833626747,
        0.31727934889495363,
        0.29783486574888235,
        0.2973483100533485
    ],
    "train_accs": [
        0.36994747150997126,
        0.4804131054131055,
        0.525507478632479,
        0.5550658831908833,
        0.581218839031339,
        0.6060140669515671,
        0.6250000000000004,
        0.6442530270655272,
        0.6584535256410253,
        0.6744791666666665,
        0.6894809472934471,
        0.706174323361823,
        0.7206641737891742,
        0.7367565883190876,
        0.7489761396011395,
        0.7604834401709393,
        0.7759081196581189,
        0.786191239316239,
        0.7983662749287744,
        0.8106971153846149,
        0.8239182692307678,
        0.830306267806267,
        0.8382968304843287,
        0.8474002849002841,
        0.853788283475783,
        0.8641381766381764,
        0.8696581196581198,
        0.8706819800569805,
        0.8800302706552712,
        0.8888666310541318
    ],
    "valid_accs": [
        0.459375,
        0.527734375,
        0.5486328125000001,
        0.59609375,
        0.6160156250000003,
        0.6507812500000001,
        0.662109375,
        0.6765625000000001,
        0.6923828125000002,
        0.7138671875000001,
        0.7306640625000002,
        0.7417968750000001,
        0.7609375,
        0.7789062500000001,
        0.7884765625000002,
        0.8093750000000001,
        0.8103515625000001,
        0.8326171874999999,
        0.8353515625000002,
        0.855078125,
        0.865625,
        0.8679687500000001,
        0.8742187499999998,
        0.8890625000000002,
        0.8892578125,
        0.9068359375,
        0.9052734375000003,
        0.9021484375,
        0.9048828125000002,
        0.9103515625000003
    ],
    "test_loss": 1.2884311970276172,
    "test_acc": 0.6536787974683547,
    "gradient_flows": [
        {
            "hidden_layers": [
                0.0008729399996809661,
                0.0012429599155439064,
                0.0009930843480105978,
                0.0018618167268869001,
                0.0005257554876152426
            ],
            "output_layer": 0.00908045656979084
        },
        {
            "hidden_layers": [
                0.0007525727851316333,
                0.0013322507729753852,
                0.0009981051443901379,
                0.0012475449802877847,
                0.0009248955902876332
            ],
            "output_layer": 0.007283718790858984
        },
        {
            "hidden_layers": [
                0.00072774279396981,
                0.0012305859199841507,
                0.000993386362097226,
                0.000925340827961918,
                0.0009517528233118355
            ],
            "output_layer": 0.008285545744001865
        },
        {
            "hidden_layers": [
                0.0008995648822747171,
                0.0019715143425855786,
                0.0017632242816034704,
                0.00158559398187208,
                0.0016908317447814625
            ],
            "output_layer": 0.007948222570121288
        },
        {
            "hidden_layers": [
                0.0007538083009421825,
                0.0009696305642137304,
                0.0009425403113709763,
                0.0007892089488450438,
                0.0005649555678246543
            ],
            "output_layer": 0.00729657057672739
        },
        {
            "hidden_layers": [
                0.0005821383092552423,
                0.000696521979989484,
                0.0007325017577386461,
                0.0010650775438989513,
                0.0008593027923780028
            ],
            "output_layer": 0.007172537501901388
        },
        {
            "hidden_layers": [
                0.0007860510959289968,
                0.0014793464360991493,
                0.0017297817939834204,
                0.0012493299873312935,
                0.0009286877757404
            ],
            "output_layer": 0.00791026558727026
        },
        {
            "hidden_layers": [
                0.0006344182183966041,
                0.0012641382636502385,
                0.001188197002193192,
                0.0009927436331054196,
                0.001065185191691853
            ],
            "output_layer": 0.007500544190406799
        },
        {
            "hidden_layers": [
                0.0007302348385564983,
                0.001218481600517407,
                0.0015229566415655427,
                0.001176988982479088,
                0.001339225513220299
            ],
            "output_layer": 0.008649589493870735
        },
        {
            "hidden_layers": [
                0.0005574531969614327,
                0.0009556238874210976,
                0.0011155179818160832,
                0.0010159093944821507,
                0.0007775686608511023
            ],
            "output_layer": 0.00671936571598053
        },
        {
            "hidden_layers": [
                0.0006967491353861988,
                0.0010361979948356748,
                0.0015685001344536431,
                0.0007878215219534468,
                0.0006944575943634845
            ],
            "output_layer": 0.007968503050506115
        },
        {
            "hidden_layers": [
                0.0007445638766512275,
                0.0014131734278635122,
                0.0010426262524561025,
                0.0010542090676608495,
                0.001232430473464774
            ],
            "output_layer": 0.007455155253410339
        },
        {
            "hidden_layers": [
                0.0007441965281032026,
                0.0013181698159314692,
                0.0009734706836752594,
                0.0012391165873850696,
                0.0010743687707872596
            ],
            "output_layer": 0.008139158599078655
        },
        {
            "hidden_layers": [
                0.000857240695040673,
                0.0011682173353619874,
                0.0014461721148109064,
                0.0010993889009114355,
                0.0013060470882919617
            ],