{
    "train_losses": [
        1.8199743402649513,
        1.4871523736888526,
        1.3532536111326288,
        1.2775352941958655,
        1.199146728400153,
        1.1401665146194642,
        1.0800210577130664,
        1.0279999572327339,
        0.9836926703099848,
        0.9343809709589713,
        0.8871597075394417,
        0.8446398438551491,
        0.7955598775138207,
        0.7476529634406427,
        0.7131688355380655
    ],
    "valid_losses": [
        1.5758694052696232,
        1.3703191757202149,
        1.2820691943168643,
        1.169488807022572,
        1.1059719100594523,
        1.066546729207039,
        0.981689986586571,
        0.9154608801007272,
        0.8590189218521117,
        0.8170460402965546,
        0.7890427723526957,
        0.7590780526399614,
        0.699517008662224,
        0.6231759577989577,
        0.5697211749851704
    ],
    "train_accs": [
        0.35107282763532716,
        0.4634526353276355,
        0.5143785612535613,
        0.5419782763532764,
        0.5686431623931624,
        0.5938612891737889,
        0.6161191239316236,
        0.6350160256410261,
        0.6497061965811964,
        0.6676237535612528,
        0.6862090455840456,
        0.7019008190883191,
        0.7191283831908826,
        0.7346643518518516,
        0.7492209757834747
    ],
    "valid_accs": [
        0.44550781250000004,
        0.51484375,
        0.544140625,
        0.5951171875,
        0.6117187500000001,
        0.6259765625,
        0.6558593749999999,
        0.6798828124999999,
        0.7007812500000002,
        0.7203125,
        0.7302734375,
        0.7328124999999999,
        0.7580078125000003,
        0.7857421875,
        0.8085937500000001
    ],
    "test_loss": 1.0768581108201907,
    "test_acc": 0.6331091772151899
}