{
    "train_losses": [
        1.3398271432289712,
        0.8359517393968047,
        0.6570623461846953,
        0.5499248401901322,
        0.4833334630031533,
        0.44001454836622556,
        0.38143553005324465,
        0.35436969218600506,
        0.31975704622574314,
        0.2962396980350855,
        0.2691961129506429,
        0.2468485347820483,
        0.22748178840108055,
        0.20515894991719816,
        0.18945346757812034,
        0.17049884604040708,
        0.16343092136191167,
        0.15102581143846194,
        0.1362823066102642,
        0.12920867713258477,
        0.1236558413806975,
        0.11087538552950761,
        0.10348503210414678,
        0.10021301919323776,
        0.09556455001171331,
        0.08798803624689074,
        0.08558146264987793,
        0.07704194246969077,
        0.07765908327558614,
        0.07439027778390378,
        0.06770551233337477,
        0.06449279672283144,
        0.06199479200996654,
        0.06053775930219992,
        0.061678854735339926,
        0.05477151747506397,
        0.054886997108244226,
        0.0539113372820363,
        0.05231009337366519,
        0.04750097466982968
    ],
    "valid_losses": [
        1.194722066819668,
        0.7859372816979887,
        0.6422160401940347,
        0.4651588089764118,
        0.63764171525836,
        0.47065834552049624,
        0.3611466158181428,
        0.33645001389086243,
        0.39155144914984696,
        0.26178731620311735,
        0.23338113687932494,
        0.24467097111046313,
        0.22489268220961092,
        0.2600621327757836,
        0.17432032723445443,
        0.16855282830074425,
        0.17901073209941384,
        0.144531530700624,
        0.13348552882671358,
        0.09902642029337587,
        0.1363933456130326,
        0.12394279818981885,
        0.15092209437862036,
        0.1521556639112532,
        0.10855586263351141,
        0.10535601256415247,
        0.09639075119048356,
        0.10984332477673889,
        0.09600923970574515,
        0.06645675492472947,
        0.1128491153009236,
        0.08341842782683671,
        0.1005949412472546,
        0.07432138263247907,
        0.07779245759593321,
        0.06403243739623578,
        0.07435573190450669,
        0.09810986230149865,
        0.07747565937243052,
        0.06447789602243575
    ],
    "train_accs": [
        0.5215678418803419,
        0.7062410968660963,
        0.7734374999999993,
        0.8079148860398848,
        0.8326210826210816,
        0.8471109330484322,
        0.8671652421652422,
        0.8764690170940178,
        0.8895121082621076,
        0.8975917022792015,
        0.9069845085470079,
        0.912905092592592,
        0.9205172720797711,
        0.9288639601139588,
        0.93378294159544,
        0.9405938390313385,
        0.9430422008547006,
        0.9473824786324792,
        0.9524572649572662,
        0.9542824074074094,
        0.9569978632478652,
        0.9604478276353303,
        0.9633190883190909,
        0.9654335826210861,
        0.9664129273504312,
        0.9692619301994349,
        0.9703748219373266,
        0.9730902777777828,
        0.9727118945868992,
        0.9740028490028537,
        0.9766960470085521,
        0.9777644230769273,
        0.9771857193732244,
        0.9781205484330534,
        0.978921830484336,
        0.9809472934472988,
        0.9810140669515723,
        0.9807024572649631,
        0.9823717948718004,
        0.9831953347578403
    ],
    "valid_accs": [
        0.61015625,
        0.7228515624999999,
        0.7820312499999998,
        0.840625,
        0.7927734375,
        0.841015625,
        0.8779296874999999,
        0.8845703124999998,
        0.8716796875000001,
        0.9091796874999999,
        0.916015625,
        0.91640625,
        0.92265625,
        0.9140624999999999,
        0.9421875000000001,
        0.9443359374999999,
        0.936328125,
        0.95390625,
        0.95546875,
        0.9673828124999999,
        0.9546875000000001,
        0.9583984375000002,
        0.9591796875,
        0.9535156250000003,
        0.966015625,
        0.9677734374999999,
        0.9673828125,
        0.9666015625000001,
        0.9732421875,
        0.9822265625,
        0.9652343750000003,
        0.9720703125,
        0.96796875,
        0.9777343749999999,
        0.9787109374999999,
        0.9820312499999998,
        0.9798828125000001,
        0.9710937499999999,
        0.9785156250000001,
        0.9835937500000003
    ],
    "test_loss": 0.4337957969194727,
    "test_acc": 0.8963607594936708,
    "gradient_flows": [
        {
            "hidden_layers": [
                0.0068818992003798485,
                0.0017501750553492457,
                0.0006465899205068126,
                0.000272440131084295,
                7.83642171882093e-05
            ],
            "output_layer": 0.015357375144958496
        },
        {
            "hidden_layers": [
                0.00721428357064724,
                0.001178410224383697,
                0.0005303083089529537,
                0.00022228233501664363,
                6.25813090664451e-05
            ],
            "output_layer": 0.01383480429649353
        },
        {
            "hidden_layers": [
                0.006843002513051033,
                0.0010467643005540594,
                0.0004428105676197447,
                0.00017584771921974607,
                4.8277073346980615e-05
            ],
            "output_layer": 0.012529519386589527
        },
        {
            "hidden_layers": [
                0.007619002368301153,
                0.0007883972866693512,
                0.0003665012482088059,
                0.00015518278087256476,
                4.122504742554156e-05
            ],
            "output_layer": 0.009926053695380688
        },
        {
            "hidden_layers": [
                0.01122334599494934,
                0.0009476658160565421,
                0.000410354245104827,
                0.000167654416145524,
                4.409802750160452e-05
            ],
            "output_layer": 0.014070349745452404
        },
        {
            "hidden_layers": [
                0.008243381045758724,
                0.0008335328166140243,
                0.00037194691685726866,
                0.00015918888311716728,
                4.124271299588145e-05
            ],
            "output_layer": 0.0118410037830472
        },
        {
            "hidden_layers": [
                0.010561184026300907,
                0.000930567694013007,
                0.0004064831809955649,
                0.00016780403893790208,
                4.284661008568946e-05
            ],
            "output_layer": 0.009517552331089973
        },
        {
            "hidden_layers": [
                0.008682799525558949,
                0.0008110792550724,
                0.00035455228498904034,
                0.00015547052680631168,
                4.1900938867911464e-05
            ],
            "output_layer": 0.010987887158989906
        },
        {
            "hidden_layers": [
                0.005702126771211624,
                0.0006673862517345697,
                0.0003269355365773663,
                0.00014625729636463802,
                3.799590399466979e-05
            ],
            "output_layer": 0.00547886872664094
        },
        {
            "hidden_layers": [
                0.008001620881259441,
                0.00068386820203159,
                0.00032784939685370773,
                0.00014314968393591698,
                3.532662890393112e-05
            ],
            "output_layer": 0.00640172278508544
        },
        {
            "hidden_layers": [
                0.008520320989191532,
                0.0007129818695830181,
                0.0003331256812089123,
                0.0001489944970671786,
                3.5994944937556284e-05
            ],