{
    "train_losses": [
        1.340886839604446,
        0.8438557948482005,
        0.6634258930160111,
        0.5505366034147747,
        0.4845139031057007,
        0.43987596158118675,
        0.3886152109783941,
        0.3557587644653101,
        0.3197919365517435,
        0.2962753612473821,
        0.2675833913081052,
        0.2425190850964979,
        0.23194362458765,
        0.20580034792168522,
        0.18894342485910803
    ],
    "valid_losses": [
        1.345874646306038,
        0.7849125325679779,
        0.6004250034689903,
        0.5056082144379617,
        0.6220280036330224,
        0.45565703883767134,
        0.35531372725963595,
        0.35529037043452255,
        0.3677556723356246,
        0.25895400494337084,
        0.2530411317944527,
        0.29497894346714026,
        0.22572927977889773,
        0.23528076931834224,
        0.1888151077087968
    ],
    "train_accs": [
        0.5223246082621084,
        0.7037259615384616,
        0.7688078703703706,
        0.808493589743589,
        0.8322649572649556,
        0.8469773860398858,
        0.8655626780626783,
        0.8775373931623933,
        0.8899795227920239,
        0.8975694444444436,
        0.9058048433048426,
        0.914819266381765,
        0.9195156695156681,
        0.9283297720797704,
        0.9350293803418791
    ],
    "valid_accs": [
        0.58203125,
        0.720703125,
        0.7964843749999999,
        0.8310546875,
        0.7953125,
        0.8476562499999998,
        0.880078125,
        0.87578125,
        0.8806640624999998,
        0.909765625,
        0.9107421875000001,
        0.8974609374999999,
        0.9263671874999998,
        0.9203125000000001,
        0.9359375000000001
    ],
    "test_loss": 0.4301509736459466,
    "test_acc": 0.8664952531645563
}