{
    "train_losses": [
        1.3438756455723033,
        0.846140139802569,
        0.6621715715977541,
        0.5523334063186268,
        0.48685016362076144,
        0.4415462558340822,
        0.38789295882750785,
        0.35932172130145906,
        0.32363076232097765,
        0.2976503389598298,
        0.27105834481553115,
        0.24469661956753852,
        0.22729428587985503,
        0.2052406671634767,
        0.19201592103368526,
        0.17793006322577465,
        0.1612134483189156,
        0.15147608996201783,
        0.13620044440667856,
        0.1301151754658276,
        0.12013317401550098,
        0.11550541628587285,
        0.10271696403537718,
        0.10245302238334442,
        0.09145097096485116,
        0.09334205857815053,
        0.08739500104096788,
        0.07760122843734134,
        0.0730935776144521,
        0.0761616315687356,
        0.06599892961575075,
        0.0714117968189623,
        0.05977290353215064,
        0.05696550302971638,
        0.0611377348937625,
        0.0571688169234053,
        0.057190914672833854,
        0.05054840301309429,
        0.052226137564891674,
        0.04725268010601955
    ],
    "valid_losses": [
        1.3857384160161017,
        0.778652373701334,
        0.6070097103714942,
        0.4645706482231616,
        0.6889733642339705,
        0.5014871396124364,
        0.36663180142641066,
        0.30943948179483416,
        0.36813971772789955,
        0.24117108881473528,
        0.21478165686130518,
        0.23861309848725787,
        0.20149854011833668,
        0.2736583536490798,
        0.22318026921711864,
        0.15042928473558276,
        0.21231977958232162,
        0.12709071956924162,
        0.10768195278942586,
        0.15688889836892486,
        0.11370590357109905,
        0.11319561852142214,
        0.1891467104665935,
        0.09149696487002074,
        0.10609932329971343,
        0.08993062926165293,
        0.08465908822836353,
        0.08726756934775039,
        0.08286665289197116,
        0.07287837683688853,
        0.09028514553792776,
        0.07957942327484487,
        0.09213803363963961,
        0.0914443052490242,
        0.08535977343562992,
        0.09327222399006134,
        0.07883580497000366,
        0.07744127562036736,
        0.06980379779706705,
        0.09387664303358177
    ],
    "train_accs": [
        0.5190304487179483,
        0.7028801638176637,
        0.7695201210826204,
        0.8075365028490014,
        0.8299501424501412,
        0.8459535256410246,
        0.8661636396011396,
        0.8746883903133906,
        0.8885772792022791,
        0.8952546296296295,
        0.9045361467236457,
        0.9145521723646713,
        0.9206508190883175,
        0.9271278490028475,
        0.9335158475783464,
        0.9378561253561244,
        0.9432647792022787,
        0.9466257122507123,
        0.9525908119658132,
        0.9545272435897454,
        0.9583333333333355,
        0.9596465455840484,
        0.962807158119661,
        0.9647435897435936,
        0.9679264601139641,
        0.9671029202279247,
        0.9691728988604025,
        0.9724670584045639,
        0.9743367165242217,
        0.9733128561253612,
        0.9765179843304895,
        0.9756499287749328,
        0.9786102207977259,
        0.9803463319088372,
        0.9788105413105465,
        0.9795673076923134,
        0.9798344017094072,
        0.9825943732193783,
        0.9817040598290652,
        0.9836850071225121
    ],
    "valid_accs": [
        0.5734375,
        0.7328125,
        0.7980468749999999,
        0.8408203125,
        0.783984375,
        0.8281249999999998,
        0.8777343749999998,
        0.8896484375000001,
        0.8783203125000002,
        0.9199218749999999,
        0.9306640624999997,
        0.9166015625000001,
        0.9328125,
        0.9115234375000001,
        0.9283203124999999,
        0.9480468749999998,
        0.9246093750000002,
        0.9605468749999998,
        0.9650390625000002,
        0.9478515625000002,
        0.9624999999999999,
        0.9652343749999999,
        0.9390625,
        0.9742187499999998,
        0.9687499999999999,
        0.9744140625,
        0.9724609375000001,
        0.9753906249999998,
        0.9728515625,
        0.9785156250000002,
        0.974609375,
        0.9767578125,
        0.9755859375000002,
        0.9726562500000001,
        0.9749999999999999,
        0.9755859375,
        0.9765624999999999,
        0.9791015624999999,
        0.9816406250000003,
        0.9751953125
    ],
    "test_loss": 0.4916258708962911,
    "test_acc": 0.8882515822784807
}