{
    "train_losses": [
        1.5987543808429006,
        1.258408615392158,
        1.1064200924332668,
        1.0080484851473082,
        0.9277555557058077,
        0.8568086479803779,
        0.8016894559914569,
        0.7472248150412516,
        0.6994951474360934,
        0.6550689272561304,
        0.620151990244531,
        0.5685890900273602,
        0.5447287781116286,
        0.5039297929007103,
        0.463575267341741,
        0.43490130422461726,
        0.4075900837566775,
        0.3767131222279324,
        0.36177792397999015,
        0.3259347248450985,
        0.3108145661673317,
        0.2946720976605375,
        0.27209785092420385,
        0.2639675460479877,
        0.2415816549986515,
        0.23134289140629952,
        0.22574821154870883,
        0.2114929813265461,
        0.2018482080551973,
        0.19433682019214682,
        0.18668813564074363,
        0.18232394353701503,
        0.17798712630981733,
        0.16980925858275506,
        0.1619295634732627,
        0.15899652269193942,
        0.15099208912363762,
        0.14574875851344854,
        0.14250384418670603,
        0.1400840005325287
    ],
    "valid_losses": [
        1.3301310181617738,
        1.144420266151428,
        1.0035407826304434,
        0.8940570816397668,
        0.8308510363101957,
        0.7960494846105577,
        0.6836450293660165,
        0.6738049238920211,
        0.6113233238458632,
        0.5776230223476887,
        0.5764201588928699,
        0.4824827589094639,
        0.46913304179906856,
        0.42495281100273147,
        0.415905088186264,
        0.3565237227827309,
        0.3313001081347465,
        0.334079547226429,
        0.30588767789304255,
        0.27695105923339736,
        0.2585119629278779,
        0.24713932713493703,
        0.2500580042600632,
        0.24359651617705827,
        0.2204612391069531,
        0.2107882893644273,
        0.2163053485564887,
        0.19883746749255807,
        0.19182422417216008,
        0.18461797268828378,
        0.20160917453467847,
        0.19932538259308785,
        0.20121495760977268,
        0.1756704734318191,
        0.1787930588703602,
        0.17953281356021764,
        0.1811582508846186,
        0.1707648417621385,
        0.1726795447815675,
        0.16574760416988285
    ],
    "train_accs": [
        0.4304665242165245,
        0.5496349715099714,
        0.6068153490028492,
        0.6429398148148145,
        0.6678685897435895,
        0.6977386039886037,
        0.717058404558404,
        0.7332398504273496,
        0.7512686965811967,
        0.768985933048433,
        0.7794693732193725,
        0.7988114316239318,
        0.8075142450142444,
        0.8213363603988589,
        0.8365384615384597,
        0.8460425569800558,
        0.8557469729344725,
        0.8693242521367524,
        0.8731303418803424,
        0.8844150641025653,
        0.8906250000000002,
        0.8955662393162394,
        0.9049145299145297,
        0.9072293447293451,
        0.9154647435897427,
        0.9190927706552695,
        0.9207175925925909,
        0.9257923789173778,
        0.9291533119658104,
        0.9326923076923064,
        0.9346732549857537,
        0.936676460113959,
        0.9366542022792008,
        0.940816417378917,
        0.9437767094017098,
        0.945223468660969,
        0.9481615028490036,
        0.9492076210826217,
        0.9503427706552716,
        0.950543091168092
    ],
    "valid_accs": [
        0.52265625,
        0.5998046874999999,
        0.6464843750000002,
        0.6822265624999999,
        0.7136718750000001,
        0.7205078125000001,
        0.7644531249999998,
        0.7650390625,
        0.79375,
        0.8033203124999999,
        0.7984374999999999,
        0.83359375,
        0.8333984374999999,
        0.8548828125,
        0.8542968750000001,
        0.8814453125000001,
        0.8884765625000001,
        0.8888671875,
        0.9015625,
        0.9070312499999997,
        0.9138671874999998,
        0.9234375,
        0.9136718749999999,
        0.925,
        0.9316406249999997,
        0.9365234375,
        0.93515625,
        0.9408203125000002,
        0.9419921875000002,
        0.9441406250000002,
        0.9425781249999999,
        0.9406249999999999,
        0.9369140624999998,
        0.9517578125000004,
        0.9478515625000001,
        0.9478515624999998,
        0.9484374999999999,
        0.9494140625,
        0.9500000000000001,
        0.9529296875000001
    ],
    "test_loss": 1.1975594615634482,
    "test_acc": 0.7201344936708861,
    "gradient_flows": [
        {
            "hidden_layers": [
                0.0019670724868774414,
                0.0030124945697025396,
                0.001728601477225311,
                0.0019230370089644566,
                0.002606564885354601
            ],
            "output_layer": 0.009334308095276356
        },
        {
            "hidden_layers": [
                0.00151725672185421,
                0.002730504857026972,
                0.0016684551956132054,
                0.0016692584249540232,
                0.0018448121409164742
            ],
            "output_layer": 0.008139397017657757
        },
        {
            "hidden_layers": [
                0.0013899477198719978,
                0.0031535981615888886,
                0.0014233494875952601,
                0.0015074887487571687,
                0.0013216335864854045
            ],
            "output_layer": 0.006712806411087513
        },
        {
            "hidden_layers": [
                0.0010785378981381655,
                0.0022989588032942265,
                0.0012890282814623788,
                0.0014690594252897426,
                0.0013758931527263485
            ],
            "output_layer": 0.006014446262270212
        },
        {
            "hidden_layers": [
                0.0014054474886506796,
                0.002225271688075736,
                0.0013486390744219534,
                0.0015857598846196197,
                0.001534363858809229
            ],
            "output_layer": 0.006175090558826923
        },
        {
            "hidden_layers": [
                0.0018990894313901663,
                0.0026594061928335577,
                0.001721430686302483,
                0.0016530729189980775,
                0.0013821587563143112
            ],
            "output_layer": 0.006849633064121008
        },
        {
            "hidden_layers": [
                0.0012012133374810219,
                0.002182850359531585,
                0.0015206267271423712,
                0.001294965244596824,
                0.0011003323197655845
            ],
            "output_layer": 0.005614794325083494
        },
        {
            "hidden_layers": [
                0.0012978173326700926,
                0.0025924240180756897,
                0.0016711645730538294,
                0.0017272785771638155,
                0.001195936267322395
            ],
            "output_layer": 0.007219764869660139
        },
        {
            "hidden_layers": [
                0.0016281720018014312,
                0.003394083723833319,
                0.0014972336139180698,
                0.0017285899521084502,
                0.0010819361741596367
            ],
            "output_layer": 0.007062086369842291
        },
        {
            "hidden_layers": [
                0.0016159124206751585,
                0.002207476893090643,
                0.0015390803455375135,
                0.0017306993395322934,
                0.0011748787110263947
            ],
            "output_layer": 0.0065233297646045685
        },
        {
            "hidden_layers": [
                0.0013721090508624911,
                0.0022503915388369933,
                0.0015396510279970244,
                0.001779200290911831,
                0.0012097096659999806
            ],