{
    "train_losses": [
        1.6609686986673236,
        1.2866624498639014,
        1.1405544669879468,
        1.0369049696161532,
        0.9568783905771049,
        0.8858180081742446,
        0.8274178387772321,
        0.7666747677869608,
        0.7213092015000148,
        0.6662999632691389,
        0.6275097099464505,
        0.5809384676975403,
        0.5470618728728714,
        0.5034024091357857,
        0.46593765281883703,
        0.431701855144949,
        0.40013909734721886,
        0.3702853176413775,
        0.34203121592516234,
        0.31959793803698655,
        0.29384081142070945,
        0.27940107491451105,
        0.2538998045260752,
        0.2453900876632785,
        0.2234675463957664,
        0.21846218027195688,
        0.2070982928289647,
        0.19229732105704822,
        0.1817519535493647,
        0.17266401862911337
    ],
    "valid_losses": [
        1.3985332190990443,
        1.170493304729462,
        1.0257931143045427,
        0.9426044151186944,
        0.8588444694876671,
        0.7999572202563284,
        0.7074766501784324,
        0.6591725312173365,
        0.6265592470765114,
        0.5621034823358061,
        0.551640909165144,
        0.5156805872917176,
        0.46846607178449634,
        0.4230148829519749,
        0.3828924998641014,
        0.34850505068898197,
        0.32322373650968084,
        0.2973213989287614,
        0.2873362988233566,
        0.2567047214135528,
        0.23429353656247262,
        0.24231312740594146,
        0.21396591714583332,
        0.20513869710266594,
        0.24748093020170922,
        0.2063495993614197,
        0.19294714987045156,
        0.17612663311883803,
        0.17012958223931485,
        0.1667652476578951
    ],
    "train_accs": [
        0.3951878561253557,
        0.5395966880341881,
        0.5925480769230763,
        0.631365740740741,
        0.6624376780626774,
        0.6856080840455837,
        0.7080884971509969,
        0.7270299145299146,
        0.7453481125356118,
        0.7629763176638175,
        0.7777777777777778,
        0.7945601851851847,
        0.8047320156695144,
        0.8219373219373206,
        0.8340010683760671,
        0.8473557692307689,
        0.858084045584045,
        0.8702590811965816,
        0.879473824786325,
        0.8874421296296306,
        0.8967904202279199,
        0.901531339031339,
        0.9097889957264945,
        0.9148637820512806,
        0.9214743589743567,
        0.9228320868945856,
        0.9271278490028474,
        0.9323361823361804,
        0.9370325854700845,
        0.9395699786324777
    ],
    "valid_accs": [
        0.50390625,
        0.5853515625000001,
        0.6451171875000001,
        0.6677734374999998,
        0.7044921874999999,
        0.7156249999999998,
        0.7541015625,
        0.7693359374999998,
        0.776953125,
        0.8083984374999997,
        0.8076171874999998,
        0.8166015625,
        0.8416015624999998,
        0.85859375,
        0.8681640624999997,
        0.8810546875,
        0.8914062500000001,
        0.9025390625000002,
        0.9050781250000001,
        0.9166015625,
        0.929296875,
        0.9279296875000002,
        0.9310546874999999,
        0.9369140624999999,
        0.9205078124999999,
        0.937109375,
        0.9404296875,
        0.9466796875000001,
        0.9529296875000001,
        0.9539062499999997
    ],
    "test_loss": 1.0734191763250138,
    "test_acc": 0.7366495253164557,
    "gradient_flows": [
        {
            "hidden_layers": [
                0.0017327151726931334,
                0.0022096290267654695,
                0.0014471676549874246,
                0.0008715539806871675,
                0.0006969986279727891
            ],
            "output_layer": 0.008035433478653431
        },
        {
            "hidden_layers": [
                0.001856842776760459,
                0.002513041836209595,
                0.0011081462798756547,
                0.0008968304027803242,
                0.00066607297048904
            ],
            "output_layer": 0.007584972772747278
        },
        {
            "hidden_layers": [
                0.001450316864065826,
                0.00282026960485382,
                0.0011665884958347306,
                0.0009994574502343312,
                0.0008597686937719118
            ],
            "output_layer": 0.006528879981487989
        },
        {
            "hidden_layers": [
                0.0017041729297488928,
                0.0021921217121416703,
                0.001184128072054591,
                0.0007792346186761279,
                0.000553780677364557
            ],
            "output_layer": 0.006096091121435165
        },
        {
            "hidden_layers": [
                0.001859292620792985,
                0.0025951214411179535,
                0.0013576296114479192,
                0.0011829959294118453,
                0.0007966801313159522
            ],
            "output_layer": 0.006957413163036108
        },
        {
            "hidden_layers": [
                0.0023917073849588633,
                0.002553039201302454,
                0.0012903395108878613,
                0.000934311181481462,
                0.000737259990273742
            ],
            "output_layer": 0.00689731864258647
        },
        {
            "hidden_layers": [
                0.0017625163309276104,
                0.002187855185184162,
                0.0012886062104371376,
                0.0009470471850363538,
                0.0008146289110300131
            ],
            "output_layer": 0.005864552687853575
        },
        {
            "hidden_layers": [
                0.0019618640653789043,
                0.00269934197422117,
                0.0015889850110397674,
                0.001013348090054933,
                0.0007444221846526489
            ],
            "output_layer": 0.006815871689468622
        },
        {
            "hidden_layers": [
                0.0016842519398778677,
                0.0027299558714730665,
                0.0014040770111023448,
                0.0010373282857472077,
                0.0007645648147445172
            ],
            "output_layer": 0.006340473890304565
        },
        {
            "hidden_layers": [
                0.0018895473331212997,
                0.002406953579338733,
                0.0014578730188077316,
                0.0011239640443818644,
                0.00076205144978303
            ],
            "output_layer": 0.006451393943279982
        },
        {
            "hidden_layers": [
                0.0019641881808638573,
                0.0025111099384957924,
                0.0016980271320790052,
                0.0013191013640607707,
                0.0010537255147937685
            ],
            "output_layer": 0.007787130773067474
        },
        {
            "hidden_layers": [
                0.002166150603443384,
                0.002498409492545761,
                0.0017010634692269377,
                0.0014505045546684414,
                0.0009229284041794017
            ],
            "output_layer": 0.00821562297642231
        },
        {
            "hidden_layers": [
                0.0019483182113617659,
                0.00269276526523754,
                0.001669620061875321,
                0.0012292278042878024,
                0.0009147688888333505
            ],
            "output_layer": 0.007655206602066755
        },
        {
            "hidden_layers": [
                0.0014003990218043327,
                0.001671625992457848,
                0.00131155937560834,
                0.001010334824968595,
                0.0006248960053198971
            ],