{
    "train_losses": [
        1.5987543808429006,
        1.258408615392158,
        1.1064200924332668,
        1.0080484851473082,
        0.9277555557058077,
        0.8568086479803779,
        0.8016894559914569,
        0.7472248150412516,
        0.6994951474360934,
        0.6550689272561304,
        0.620151990244531,
        0.5685890900273602,
        0.5447287781116286,
        0.5039297929007103,
        0.463575267341741
    ],
    "valid_losses": [
        1.3301310181617738,
        1.144420266151428,
        1.0035407826304434,
        0.8940570816397668,
        0.8308510363101957,
        0.7960494846105577,
        0.6836450293660165,
        0.6738049238920211,
        0.6113233238458632,
        0.5776230223476887,
        0.5764201588928699,
        0.4824827589094639,
        0.46913304179906856,
        0.42495281100273147,
        0.415905088186264
    ],
    "train_accs": [
        0.4304665242165245,
        0.5496349715099714,
        0.6068153490028492,
        0.6429398148148145,
        0.6678685897435895,
        0.6977386039886037,
        0.717058404558404,
        0.7332398504273496,
        0.7512686965811967,
        0.768985933048433,
        0.7794693732193725,
        0.7988114316239318,
        0.8075142450142444,
        0.8213363603988589,
        0.8365384615384597
    ],
    "valid_accs": [
        0.52265625,
        0.5998046874999999,
        0.6464843750000002,
        0.6822265624999999,
        0.7136718750000001,
        0.7205078125000001,
        0.7644531249999998,
        0.7650390625,
        0.79375,
        0.8033203124999999,
        0.7984374999999999,
        0.83359375,
        0.8333984374999999,
        0.8548828125,
        0.8542968750000001
    ],
    "test_loss": 0.9063864146606831,
    "test_acc": 0.7105419303797467
}