{
    "train_losses": [
        1.4892202011200775,
        1.1344105963014126,
        0.9489455571201788,
        0.8240207883707141,
        0.7357040018777228,
        0.656094709437797,
        0.590894513914728,
        0.5430668752927051,
        0.4928828296158728,
        0.4515670498891436,
        0.40942837582354563,
        0.3716544595114525,
        0.34368958271127137,
        0.31192530547281955,
        0.28692807499160117
    ],
    "valid_losses": [
        1.2195046842098234,
        0.9767223015427592,
        0.8539116948843,
        0.8988528355956076,
        0.7485243067145347,
        0.5853496290743351,
        0.502029861882329,
        0.44794737175107,
        0.4381055667996407,
        0.4268709681928159,
        0.35240487791597847,
        0.34013932980597017,
        0.3022862412035465,
        0.2619754053652287,
        0.2602078180760144
    ],
    "train_accs": [
        0.4637865028490025,
        0.5922809829059822,
        0.662014779202279,
        0.707264957264957,
        0.7400062321937316,
        0.7695201210826207,
        0.7932247150997147,
        0.81054131054131,
        0.8262775997150984,
        0.8420584045584042,
        0.8571714743589743,
        0.8715055199430201,
        0.8802083333333339,
        0.8908920940170943,
        0.8998397435897434
    ],
    "valid_accs": [
        0.568359375,
        0.6529296875,
        0.7068359375,
        0.6931640625,
        0.7404296874999998,
        0.7947265625,
        0.8244140625000002,
        0.8445312500000001,
        0.8494140625000001,
        0.848046875,
        0.8730468750000004,
        0.8855468749999998,
        0.8927734375000002,
        0.9095703124999999,
        0.911328125
    ],
    "test_loss": 0.6369933233230927,
    "test_acc": 0.7976661392405062
}