{
    "train_losses": [
        1.4907489624458157,
        1.1435685015132284,
        0.9567664595071408,
        0.8316277544043342,
        0.7381155039170529,
        0.6627339881200062,
        0.5947098153778627,
        0.5453035030779332,
        0.492961608701282,
        0.4502153507834485,
        0.4082263358298192,
        0.37181839440283276,
        0.344506929954912,
        0.31450046569193885,
        0.2881155742114763,
        0.26339145870799674,
        0.2459785561276297,
        0.22548366348627977,
        0.20369284625491524,
        0.1942772677651158,
        0.1789910826524269,
        0.16559555278586865,
        0.1528516036068273,
        0.14398478608355567,
        0.13942057698795263,
        0.13090596936027563,
        0.1292561741062888,
        0.11653353331180721,
        0.1114337625687787,
        0.10726314385095212,
        0.09989145664535357,
        0.1036263560701131,
        0.0906841227747606,
        0.08963511082372942,
        0.08492598537769583,
        0.08533478444946285,
        0.08285434917146153,
        0.07894474511536263,
        0.0792152426627458,
        0.07418074347662536
    ],
    "valid_losses": [
        1.2327273607254028,
        0.9714474201202392,
        0.8741043925285339,
        0.9037896364927295,
        0.704022468626499,
        0.5944205693900586,
        0.512091301381588,
        0.4524638421833516,
        0.475715407729149,
        0.466428566724062,
        0.34348616972565654,
        0.36254969164729106,
        0.29267953969538213,
        0.2788204923272133,
        0.2550882246345281,
        0.1997608244419098,
        0.22763635404407978,
        0.2034771928563714,
        0.18104921486228703,
        0.14951328318566084,
        0.1868775069713593,
        0.17130291108042,
        0.1834567002952099,
        0.12930183224380018,
        0.12472691414877775,
        0.1268088106997311,
        0.1343736463226378,
        0.1365068781655282,
        0.12067913357168436,
        0.17697444679215552,
        0.11794605366885659,
        0.12489860906498505,
        0.11704811775125566,
        0.1022181829903275,
        0.1066797013860196,
        0.09252447879407555,
        0.10532147092744708,
        0.10853034933097662,
        0.09000289700925351,
        0.08927470960188653
    ],
    "train_accs": [
        0.46347489316239304,
        0.5906784188034191,
        0.6609018874643874,
        0.7057291666666664,
        0.739761396011396,
        0.7702991452991451,
        0.7915331196581192,
        0.8104522792022787,
        0.8288817663817649,
        0.8421474358974351,
        0.8563924501424501,
        0.8718171296296292,
        0.880831552706554,
        0.890558226495727,
        0.8997507122507121,
        0.9090767450142436,
        0.9143518518518512,
        0.9210959757834747,
        0.9297765313390303,
        0.9329594017094006,
        0.9386796652421646,
        0.9432870370370363,
        0.9472044159544164,
        0.9508769586894599,
        0.9516337250712256,
        0.9549056267806286,
        0.9552394943019967,
        0.9600249287749311,
        0.962762642450146,
        0.962495548433052,
        0.9658342236467277,
        0.9642761752136789,
        0.9685941951566992,
        0.9688390313390357,
        0.970330306267811,
        0.9708199786324837,
        0.9713986823361869,
        0.9727341524216572,
        0.9723335113960165,
        0.9750267094017144
    ],
    "valid_accs": [
        0.56328125,
        0.6537109375,
        0.6958984374999999,
        0.6947265624999999,
        0.7589843750000002,
        0.7900390625,
        0.8193359374999999,
        0.8416015625,
        0.8357421875,
        0.83125,
        0.8755859375,
        0.8798828125,
        0.9042968750000001,
        0.9062499999999999,
        0.9150390625000001,
        0.935546875,
        0.9212890625,
        0.930078125,
        0.9396484374999999,
        0.9519531250000001,
        0.9375000000000002,
        0.9464843750000002,
        0.9419921875000002,
        0.9617187500000003,
        0.9617187499999998,
        0.9599609375,
        0.9626953125,
        0.9599609375,
        0.9638671874999999,
        0.9462890624999999,
        0.9673828125000001,
        0.9623046875000001,
        0.9681640625000001,
        0.9718749999999999,
        0.9718749999999999,
        0.9750000000000001,
        0.9697265624999999,
        0.9726562500000001,
        0.9761718750000001,
        0.9750000000000002
    ],
    "test_loss": 0.6756744648836838,
    "test_acc": 0.8370253164556961,
    "gradient_flows": [
        {
            "hidden_layers": [
                0.01441882736980915,
                0.0064959218725562096,
                0.0026246016495861113,
                0.001154508296167478,
                0.00047187081509036943
            ],
            "output_layer": 0.012968356721103191
        },
        {
            "hidden_layers": [
                0.014570078812539577,
                0.0061857306864112616,
                0.00251641619252041,
                0.0011184654867975041,
                0.0004456236711121164
            ],
            "output_layer": 0.00956062413752079
        },
        {
            "hidden_layers": [
                0.012619034387171268,
                0.005632815649732947,
                0.0022077293251641095,
                0.0010100641520693898,
                0.00040198628994403407
            ],
            "output_layer": 0.012518718838691711
        },
        {
            "hidden_layers": [
                0.013933822512626648,
                0.0047453612787649035,
                0.001921864488394931,
                0.0009285002306569368,
                0.00039024947182042524
            ],
            "output_layer": 0.012211349792778492
        },
        {
            "hidden_layers": [
                0.01748715527355671,
                0.0068580989027395844,
                0.0025326406466774642,
                0.0012087921204511076,
                0.00047865552915027365
            ],
            "output_layer": 0.017010346055030823
        },
        {
            "hidden_layers": [
                0.016545064747333527,
                0.00587037461809814,
                0.0021895841346122324,
                0.0010828770173247904,
                0.00046308632590807974
            ],
            "output_layer": 0.01977117545902729
        },
        {
            "hidden_layers": [
                0.01309933140873909,
                0.0048945784801617265,
                0.0019486160308588296,
                0.0009593972936272621,
                0.00040505340803065337
            ],
            "output_layer": 0.009984328411519527
        },
        {
            "hidden_layers": [
                0.014704085886478424,
                0.00507134705549106,
                0.002036694437265396,
                0.0010390253592049703,
                0.0004478772207221482
            ],
            "output_layer": 0.01576978899538517
        },
        {
            "hidden_layers": [
                0.015443867072463036,
                0.005436706938780844,
                0.0021502548188436776,
                0.0010930364078376442,
                0.00045993810635991395
            ],
            "output_layer": 0.007325657643377781
        },
        {
            "hidden_layers": [
                0.01336962915956974,
                0.004924243432469666,
                0.0020361517672427,
                0.0011211054807063192,
                0.0004845578114327509
            ],
            "output_layer": 0.006929874420166016
        },
        {
            "hidden_layers": [
                0.01687854714691639,
                0.005339377385098487,
                0.0021653520816471428,
                0.0011195697588846087,
                0.0004696840624092147
            ],