{
    "train_losses": [
        1.8395632094467462,
        1.3443376247020182,
        1.2118431609919948,
        1.1356047648310317,
        1.0833958589453305,
        1.0455241036890583,
        1.0084565485644543,
        0.9728279599437009,
        0.9504669933577204,
        0.9255781873338919,
        0.9023057258027235,
        0.8847888940759537,
        0.8676573333577211,
        0.8492725100951992,
        0.8330672043680797,
        0.8149564641493333,
        0.802562998570608,
        0.7934122909168229,
        0.7754099746035712,
        0.7687629607328319,
        0.7534369671786278,
        0.740514251071843,
        0.7340762440295642,
        0.7180162255580606,
        0.7104560228494498,
        0.7028476724937087,
        0.6908847395001652,
        0.6805227588214757,
        0.6650702866733581,
        0.6588190528232484,
        0.6475027422619674,
        0.6454125235223369,
        0.6367862281466485,
        0.627863521080072,
        0.6201703939003146,
        0.6112509327396701,
        0.6064136028289792,
        0.5892138482838273,
        0.5898147083585419,
        0.5769540956217337
    ],
    "valid_losses": [
        1.5226305097341535,
        1.3577738881111148,
        1.2628638491034507,
        1.1841260373592377,
        1.0695000112056734,
        1.0503781870007516,
        1.0927898198366166,
        1.006455771625042,
        1.0253513678908348,
        1.0464426442980765,
        0.9285930097103119,
        1.0029678136110305,
        0.9700699269771574,
        0.9199064254760742,
        0.8507269218564031,
        0.9201766595244406,
        0.8800823733210562,
        0.8378801211714745,
        0.8961388438940048,
        0.9387681022286417,
        0.7752781376242638,
        0.7577147886157038,
        0.8093171879649161,
        0.7199023902416231,
        0.6805386140942574,
        0.6935248479247091,
        0.699277377128601,
        0.7008765265345572,
        0.8236741513013839,
        0.7443400517106057,
        0.7223658494651319,
        0.6508839324116706,
        0.6487643137574196,
        0.636883107572794,
        0.614588587731123,
        0.5770045399665833,
        0.6043854855000974,
        0.5655755594372748,
        0.5981213837862014,
        0.5797850638628005
    ],
    "train_accs": [
        0.35561342592592593,
        0.5124198717948721,
        0.562232905982906,
        0.594395477207977,
        0.6136707621082623,
        0.628628027065527,
        0.6434294871794874,
        0.6534232549857549,
        0.6603009259259257,
        0.6702501780626778,
        0.680666844729344,
        0.6853632478632474,
        0.6952234686609684,
        0.6982060185185179,
        0.7053952991452985,
        0.7135861823361817,
        0.7148771367521364,
        0.7187054843304836,
        0.7262063746438744,
        0.7272970085470077,
        0.7319266381766377,
        0.7366007834757831,
        0.7384704415954411,
        0.7442352207977201,
        0.7502003205128198,
        0.7508903133903133,
        0.7550747863247858,
        0.7601273148148145,
        0.765335648148148,
        0.7661814458689452,
        0.7712784900284901,
        0.7719017094017094,
        0.7743945868945863,
        0.7774216524216526,
        0.7806935541310537,
        0.780893874643874,
        0.7845886752136756,
        0.7895076566951567,
        0.7909766737891732,
        0.7945379273504272
    ],
    "valid_accs": [
        0.483984375,
        0.5681640625,
        0.5984375000000001,
        0.6208984375000001,
        0.6654296875,
        0.6751953125000001,
        0.6681640624999999,
        0.684375,
        0.6980468750000001,
        0.6849609374999999,
        0.7136718750000001,
        0.7015625,
        0.7179687499999999,
        0.7302734375000002,
        0.7441406250000002,
        0.734375,
        0.7470703124999999,
        0.7492187500000002,
        0.7470703125,
        0.7457031249999999,
        0.7749999999999999,
        0.780859375,
        0.7742187500000002,
        0.7896484374999999,
        0.7978515624999999,
        0.7980468750000003,
        0.8013671874999997,
        0.7994140625000002,
        0.77109375,
        0.7931640625000004,
        0.8011718749999999,
        0.8121093750000001,
        0.8205078125,
        0.8160156249999999,
        0.8195312499999998,
        0.8292968749999999,
        0.8226562500000001,
        0.8298828124999997,
        0.8302734374999999,
        0.8359374999999999
    ],
    "test_loss": 0.9230960554714445,
    "test_acc": 0.7557357594936709,
    "gradient_flows": [
        {
            "hidden_layers": [
                0.0004047295078635216,
                0.0008491110220347764,
                0.0003303085031802766
            ],
            "output_layer": 0.004361849278211594
        },
        {
            "hidden_layers": [
                0.0006076611462049186,
                0.0010517277123653912,
                0.00027141075588588137
            ],
            "output_layer": 0.004349699709564447
        },
        {
            "hidden_layers": [
                0.0005938584799878299,
                0.0009205206115439069,
                0.00023819371017452795
            ],
            "output_layer": 0.004336733371019363
        },
        {
            "hidden_layers": [
                0.000691000372171402,
                0.0009522700365778292,
                0.0002494138661859324
            ],
            "output_layer": 0.004447413142770529
        },
        {
            "hidden_layers": [
                0.0010365514317527413,
                0.0011320604944558,
                0.0002351417060708627
            ],
            "output_layer": 0.005446176510304213
        },
        {
            "hidden_layers": [
                0.0008369578863494098,
                0.00104652500613156,
                0.0001991066314985801
            ],
            "output_layer": 0.0043607549741864204
        },
        {
            "hidden_layers": [
                0.0009520043386146426,
                0.0010880536110562389,
                0.00020231334929121658
            ],
            "output_layer": 0.004514635540544987
        },
        {
            "hidden_layers": [
                0.0007585340063087642,
                0.0008976688359325635,
                0.0001817771881178487
            ],
            "output_layer": 0.004530193749815226
        },
        {
            "hidden_layers": [
                0.0008317800238728523,
                0.0009160954150502221,
                0.00017686253204374225
            ],
            "output_layer": 0.004175123758614063
        },
        {
            "hidden_layers": [
                0.0009422457660548389,
                0.0010120829492734629,
                0.00019848002375510987
            ],
            "output_layer": 0.0046455347910523415
        },
        {
            "hidden_layers": [
                0.0009538636077195406,
                0.0010520587111386703,
                0.00020890237601633999
            ],
            "output_layer": 0.004860925953835249
        },
        {
            "hidden_layers": [
                0.0008629504009149969,
                0.0009437089911443763,
                0.00017885209717860562
            ],
            "output_layer": 0.00398886576294899
        },
        {
            "hidden_layers": [
                0.001180727151222527,
                0.0009525405384920305,
                0.0001684258672867145
            ],
            "output_layer": 0.004176200833171606
        },
        {
            "hidden_layers": [
                0.0011510124895721674,
                0.00099520563162514,
                0.00017580271651240764
            ],