{
    "train_losses": [
        1.8396160928612086,
        1.344708734767729,
        1.2121180621986714,
        1.1365662938848853,
        1.0847418138444263,
        1.0459632415037887,
        1.0076033186029512,
        0.9741315007889029,
        0.950011663796895,
        0.924841325167577,
        0.9027679601625842,
        0.8837294245717193,
        0.8668242944271821,
        0.8472342380770932,
        0.83400211425928
    ],
    "valid_losses": [
        1.5226528525352478,
        1.3548197656869887,
        1.2643551319837572,
        1.187375503778458,
        1.0641257956624033,
        1.0525453388690946,
        1.0837811306118963,
        0.9938930705189704,
        1.0048385933041573,
        1.0310253083705903,
        0.9350888922810555,
        0.966691197454929,
        0.9925736069679262,
        0.8917934551835061,
        0.8501695066690445
    ],
    "train_accs": [
        0.3558360042735041,
        0.5122195512820512,
        0.563457086894587,
        0.5928151709401707,
        0.6139155982905982,
        0.6273370726495731,
        0.6437410968660964,
        0.6538684116809116,
        0.661258012820513,
        0.6720530626780621,
        0.6799991096866098,
        0.6869658119658119,
        0.6940883190883191,
        0.6978498931623934,
        0.7049278846153845
    ],
    "valid_accs": [
        0.4837890625000001,
        0.5673828124999999,
        0.5990234375,
        0.6199218750000001,
        0.6611328125,
        0.6712890624999999,
        0.6687500000000002,
        0.6880859374999999,
        0.6986328124999999,
        0.6931640625000002,
        0.7126953125,
        0.7193359374999999,
        0.71015625,
        0.734375,
        0.7406250000000001
    ],
    "test_loss": 0.9890820768815056,
    "test_acc": 0.7068829113924051
}