{
    "train_losses": [
        2.5936933229451817,
        2.3126199856782543,
        2.2322943910234683,
        2.18579967612894,
        2.152205467903376,
        2.1194841820969548,
        2.0931410657034952,
        2.0670432643673013,
        2.0399110646669016,
        2.0190505261434786,
        1.9970336989459843,
        1.9767289603198026,
        1.9586339200663765,
        1.9396775719786623,
        1.9239350832425646,
        1.907387448851539,
        1.8971977984463728,
        1.8793972166854784,
        1.8675836810359239,
        1.8548644998474328,
        1.8411397288667504,
        1.8277493372262366,
        1.8175383942079686,
        1.8092269337075388,
        1.796782029320373,
        1.7840120975787819,
        1.7774270535194632,
        1.765475763214959,
        1.7605137427647914,
        1.74959601975574,
        1.7413767464140553,
        1.7332293301226407,
        1.7241145185595572,
        1.7154127559770553,
        1.7085605856360198,
        1.6993589353697238,
        1.6966862077386973,
        1.6883214606858394,
        1.678584675503591,
        1.6740375655329125
    ],
    "valid_losses": [
        2.397613805532455,
        2.2624335944652563,
        2.2050663888454434,
        2.1675236642360685,
        2.1331443309783933,
        2.1086873412132268,
        2.0824204713106154,
        2.0639228284358984,
        2.036317041516304,
        2.0171460688114164,
        1.9964710474014282,
        1.9821751981973643,
        1.9636488378047943,
        1.9499937653541566,
        1.934714353084564,
        1.9165199786424636,
        1.9072570264339448,
        1.8928328931331635,
        1.8790768921375274,
        1.8650063872337344,
        1.8554101586341856,
        1.8450513809919356,
        1.8317685186862944,
        1.8235451966524125,
        1.8076087653636936,
        1.796975064277649,
        1.79153071641922,
        1.782934907078743,
        1.7708144813776014,
        1.7621184170246122,
        1.753863236308098,
        1.7401425182819366,
        1.734236991405487,
        1.7265462547540664,
        1.7176626384258271,
        1.7135535776615136,
        1.706610852479935,
        1.691853183507919,
        1.6882936596870426,
        1.6825866669416427
    ],
    "train_accs": [
        0.10494569088319063,
        0.1504629629629627,
        0.17621527777777726,
        0.1952457264957261,
        0.21118233618233587,
        0.22433671652421622,
        0.23571047008546955,
        0.24425747863247807,
        0.25467414529914495,
        0.26408920940170894,
        0.26827368233618215,
        0.2790242165242161,
        0.28585737179487136,
        0.2936476139601139,
        0.29970174501424485,
        0.3032407407407406,
        0.30682425213675224,
        0.31472578347578334,
        0.31508190883190845,
        0.3221821581196581,
        0.325943732193732,
        0.33055110398860355,
        0.33656071937321913,
        0.3367387820512818,
        0.34196937321937304,
        0.3482460826210825,
        0.34764512108262036,
        0.35385505698005665,
        0.35356570512820507,
        0.3593972578347575,
        0.36300302706552684,
        0.36340366809116803,
        0.3664752492877489,
        0.36932425213675163,
        0.375089031339031,
        0.3764690170940169,
        0.37784900284900275,
        0.3812321937321935,
        0.38207799145299104,
        0.3822115384615382
    ],
    "valid_accs": [
        0.1337890625,
        0.16718749999999996,
        0.19042968750000003,
        0.20859375,
        0.22851562499999997,
        0.23476562499999998,
        0.24433593750000002,
        0.24843749999999998,
        0.2615234375,
        0.2710937499999999,
        0.2740234375,
        0.28203124999999996,
        0.28710937500000006,
        0.29277343750000007,
        0.29433593750000003,
        0.2994140625,
        0.3023437499999999,
        0.30957031249999994,
        0.31152343749999994,
        0.3177734375000001,
        0.32167968750000003,
        0.3265625000000001,
        0.3320312500000001,
        0.3345703125000001,
        0.3419921875,
        0.34453125,
        0.3451171874999999,
        0.3478515625,
        0.3513671875,
        0.3568359375,
        0.35742187499999994,
        0.36113281250000007,
        0.365625,
        0.36992187500000007,
        0.371484375,
        0.3724609375,
        0.37499999999999994,
        0.3826171875,
        0.3859375,
        0.3845703125
    ],
    "test_loss": 1.6721293066121348,
    "test_acc": 0.3836036392405062,
    "gradient_flows": [
        {
            "hidden_layers": [
                0.021334607154130936,
                0.008821406750939786,
                0.003366985358297825,
                0.0015475272666662931,
                0.0007635944639332592
            ],
            "output_layer": 0.03145755082368851
        },
        {
            "hidden_layers": [
                0.02078554779291153,
                0.00873271853197366,
                0.003389354911632836,
                0.001539863646030426,
                0.0007552975730504841
            ],
            "output_layer": 0.01321349572390318
        },
        {
            "hidden_layers": [
                0.017465488985180855,
                0.009044426842592657,
                0.0034361755242571235,
                0.0015620823251083493,
                0.0007594783382955939
            ],
            "output_layer": 0.02676013670861721
        },
        {
            "hidden_layers": [
                0.017877090722322464,
                0.008850748185068369,
                0.003391066042240709,
                0.0015468716737814248,
                0.0007428843236993998
            ],
            "output_layer": 0.019970504567027092
        },
        {
            "hidden_layers": [
                0.018947506323456764,
                0.008382918313145638,
                0.0032749814563430846,
                0.001486591121647507,
                0.0007024085061857477
            ],
            "output_layer": 0.013538393191993237
        },
        {
            "hidden_layers": [
                0.015016566030681133,
                0.008341723936609924,
                0.0032341531477868557,
                0.001486935478169471,
                0.0007406132936012
            ],
            "output_layer": 0.023370474576950073
        },
        {
            "hidden_layers": [
                0.016768936067819595,
                0.008061408181674778,
                0.00322879187297076,
                0.0014823813107796013,
                0.0007199200917966664
            ],
            "output_layer": 0.013269762508571148
        },
        {
            "hidden_layers": [
                0.016727056354284286,
                0.008046020288020372,
                0.0031201860983856022,
                0.0014528456958942115,
                0.0007074242312228307
            ],
            "output_layer": 0.023647744208574295
        },
        {
            "hidden_layers": [
                0.02059417963027954,
                0.008750676410272717,
                0.003176732105202973,
                0.0014645229675807059,
                0.0006991105037741363
            ],
            "output_layer": 0.014817374758422375
        },
        {
            "hidden_layers": [
                0.017542937770485878,
                0.008193985442630947,
                0.0031769697088748217,
                0.0014739802572876215,
                0.0007169306336436421
            ],
            "output_layer": 0.01576189324259758
        },
        {
            "hidden_layers": [
                0.019317105412483215,
                0.008429708308540285,
                0.00323039066279307,
                0.0015139655151870102,
                0.0007308889180421829
            ],