{
    "train_losses": [
        2.593684193075891,
        2.312577993441852,
        2.232263393211908,
        2.185770550344742,
        2.1522546235652387,
        2.119657333759841,
        2.0932971823249424,
        2.0672100361256183,
        2.0401280313475505,
        2.0192535989984135,
        1.9972264797259596,
        1.9769431440918543,
        1.958843904003458,
        1.9398533153398079,
        1.9241702179623463
    ],
    "valid_losses": [
        2.397598427534103,
        2.2623859941959372,
        2.2048881232738498,
        2.167239785194397,
        2.1331179678440098,
        2.1088143587112422,
        2.0826297491788863,
        2.0640017628669742,
        2.0364356517791746,
        2.0173016667366035,
        1.9967545658349992,
        1.9827383726835257,
        1.9639853328466415,
        1.9502784132957458,
        1.935035926103592
    ],
    "train_accs": [
        0.10490117521367495,
        0.15059650997150967,
        0.1765046296296292,
        0.19524572649572608,
        0.21058137464387439,
        0.2246260683760681,
        0.23530982905982867,
        0.24387909544159495,
        0.2543847934472931,
        0.2640224358974355,
        0.2687188390313387,
        0.27918002136752124,
        0.2865696225071223,
        0.29420405982905945,
        0.2997907763532763
    ],
    "valid_accs": [
        0.133984375,
        0.16816406250000002,
        0.19140625,
        0.2091796875,
        0.22753906249999997,
        0.23281249999999998,
        0.24492187499999998,
        0.24648437499999998,
        0.26074218749999994,
        0.2708984374999999,
        0.27441406249999994,
        0.28183593749999997,
        0.288671875,
        0.294140625,
        0.2941406250000001
    ],
    "test_loss": 1.9175668985028813,
    "test_acc": 0.30013844936708867
}