{
    "train_losses": [
        2.2033049594982392,
        1.9282746281039673,
        1.8009307309772888,
        1.7125757654168339,
        1.650055037264809,
        1.603280532054414,
        1.562072970249034,
        1.5281132469829328,
        1.4978014797906263,
        1.4770085370099097,
        1.4460031833404157,
        1.4269710575413497,
        1.4045420593006328,
        1.3852651795091115,
        1.366059766196118,
        1.3470940141596348,
        1.332284625778851,
        1.316521030205945,
        1.2998842177567662,
        1.28405098052446,
        1.2711628193189617,
        1.2552736077213567,
        1.2424847841942082,
        1.2312617748551213,
        1.2184015841905207,
        1.2062795332014733,
        1.1939508743435567,
        1.1811692252797619,
        1.173887589038946,
        1.1621771636511866,
        1.153778472177662,
        1.1436436751968846,
        1.1328430483144232,
        1.1194439455654541,
        1.110606748493989,
        1.1011045339100722,
        1.0956643561691977,
        1.085698455657036,
        1.073283242194401,
        1.064503872666265
    ],
    "valid_losses": [
        2.0240591317415237,
        1.8728622287511827,
        1.7700790137052536,
        1.6910737961530686,
        1.626246643066406,
        1.5854465842247008,
        1.5344659745693208,
        1.5120320171117785,
        1.4810791730880735,
        1.4581297367811206,
        1.4298643112182614,
        1.408167752623558,
        1.3879880338907238,
        1.3662355959415435,
        1.361547833681106,
        1.3438603907823565,
        1.3203850120306015,
        1.3126635283231736,
        1.2938180834054949,
        1.278967314958572,
        1.2612994551658636,
        1.2606772810220717,
        1.2537426680326464,
        1.240351638197899,
        1.2151152133941647,
        1.2150485515594485,
        1.2069771289825437,
        1.1761564701795575,
        1.1710635274648664,
        1.1616837710142136,
        1.159726822376251,
        1.135866932570934,
        1.1273747250437738,
        1.122295832633972,
        1.1125575616955758,
        1.1039912134408947,
        1.1086990877985952,
        1.0919180706143377,
        1.0843209132552145,
        1.079921241104603
    ],
    "train_accs": [
        0.200253739316239,
        0.29480502136752107,
        0.3409009971509968,
        0.3709490740740736,
        0.3939859330484328,
        0.41197026353276334,
        0.4290197649572646,
        0.4417067307692308,
        0.4532140313390316,
        0.4646990740740744,
        0.47329059829059855,
        0.48121438746438755,
        0.48980591168091175,
        0.4987758190883193,
        0.5064547720797723,
        0.51110665954416,
        0.5190304487179487,
        0.5250400641025641,
        0.5297809829059836,
        0.5367031695156698,
        0.5424234330484333,
        0.547142094017094,
        0.5548655626780625,
        0.5551771723646721,
        0.5631899928774926,
        0.5693108974358976,
        0.5709134615384612,
        0.5789707977207976,
        0.5791488603988606,
        0.584780092592593,
        0.5857149216524216,
        0.5915242165242167,
        0.594707086894587,
        0.6002492877492877,
        0.6044560185185183,
        0.6053463319088321,
        0.6074608262108259,
        0.6118901353276351,
        0.6181668447293448,
        0.6196136039886041
    ],
    "valid_accs": [
        0.26171875,
        0.319921875,
        0.34707031250000003,
        0.37578124999999996,
        0.3937499999999999,
        0.41328125000000004,
        0.4341796875,
        0.43574218750000004,
        0.4513671875000001,
        0.458203125,
        0.46835937499999997,
        0.4818359375000001,
        0.48691406250000013,
        0.49609374999999983,
        0.4974609374999999,
        0.51484375,
        0.519140625,
        0.5240234374999999,
        0.533984375,
        0.5376953125,
        0.5466796875000002,
        0.54921875,
        0.553515625,
        0.5642578125000001,
        0.5716796875000001,
        0.5648437500000001,
        0.5669921875000001,
        0.58359375,
        0.58515625,
        0.5865234375,
        0.5902343750000001,
        0.5974609375,
        0.6035156250000001,
        0.6029296875000001,
        0.6101562500000001,
        0.6134765624999999,
        0.6115234374999999,
        0.6197265625,
        0.6195312499999999,
        0.6234374999999999
    ],
    "test_loss": 1.1308257262918016,
    "test_acc": 0.5955300632911394,
    "gradient_flows": [
        {
            "hidden_layers": [
                0.016309374943375587,
                0.007954923901706934,
                0.00314951193286106,
                0.0014239586889743805,
                0.0006819582777097821
            ],
            "output_layer": 0.01411925908178091
        },
        {
            "hidden_layers": [
                0.017123792320489883,
                0.007881136843934655,
                0.003190469171386212,
                0.0014665111084468663,
                0.0006839812558609992
            ],
            "output_layer": 0.007868836633861065
        },
        {
            "hidden_layers": [
                0.018433930352330208,
                0.007692730403505266,
                0.003115353814791888,
                0.0014387020200956613,
                0.0006845549796707928
            ],
            "output_layer": 0.020045792683959007
        },
        {
            "hidden_layers": [
                0.013738448731601238,
                0.007111720624379814,
                0.002952578302938491,
                0.001414005906553939,
                0.0007074715103954077
            ],
            "output_layer": 0.018693575635552406
        },
        {
            "hidden_layers": [
                0.01564575731754303,
                0.00797557586338371,
                0.003007303981576115,
                0.0013764523318968713,
                0.0006467548955697566
            ],
            "output_layer": 0.015032983385026455
        },
        {
            "hidden_layers": [
                0.015065629966557026,
                0.00764446472749114,
                0.00306088593788445,
                0.0014491323963738978,
                0.0007143685797927901
            ],
            "output_layer": 0.02359582483768463
        },
        {
            "hidden_layers": [
                0.014741436578333378,
                0.007005599094554782,
                0.0028174660983495414,
                0.0013053493748884648,
                0.0006095630669733509
            ],
            "output_layer": 0.014441321603953838
        },
        {
            "hidden_layers": [
                0.01418163813650608,
                0.006963567226193845,
                0.0028216217760927975,
                0.0013311701477505267,
                0.0006394942902261391
            ],
            "output_layer": 0.0201871320605278
        },
        {
            "hidden_layers": [
                0.014280617237091064,
                0.007293376256711781,
                0.003054508357308805,
                0.0013931517023593187,
                0.0006412324437405914
            ],
            "output_layer": 0.010946288704872131
        },
        {
            "hidden_layers": [
                0.01604137197136879,
                0.007353262044489384,
                0.0029522040276788175,
                0.001396432431647554,
                0.0006631972646573558
            ],
            "output_layer": 0.013125148601830006
        },
        {
            "hidden_layers": [
                0.012978401966392994,
                0.00686878536362201,
                0.00283823418430984,
                0.001318610244197771,
                0.0006140929326647893
            ],