{
    "train_losses": [
        2.203950325647989,
        1.9285990767329508,
        1.7990856921231313,
        1.7117334132180932,
        1.6477460834035835,
        1.601274274353289,
        1.5597999632528365,
        1.5277789138321178,
        1.4962895881076819,
        1.4759598348894687,
        1.4453108782781843,
        1.425579323388232,
        1.404313018179348,
        1.3835077982003177,
        1.3658794317490015
    ],
    "valid_losses": [
        2.024116945266724,
        1.8757697135210039,
        1.7699452191591258,
        1.688746324181557,
        1.6253689378499987,
        1.5903644233942034,
        1.533977571129799,
        1.5102902978658679,
        1.4787912726402284,
        1.4568118900060654,
        1.434858429431915,
        1.4042322278022767,
        1.386372923851013,
        1.3678592562675476,
        1.3607710242271425
    ],
    "train_accs": [
        0.19956374643874603,
        0.29422631766381735,
        0.3414351851851848,
        0.36999198717948717,
        0.3943865740740738,
        0.41197026353276295,
        0.42908653846153855,
        0.4416176994301992,
        0.45294693732193725,
        0.4623174857549864,
        0.4735354344729345,
        0.4811030982905987,
        0.4905626780626783,
        0.4995548433048434,
        0.5073005698005699
    ],
    "valid_accs": [
        0.2630859375,
        0.318359375,
        0.34902343750000003,
        0.3775390625,
        0.39980468750000003,
        0.4082031250000001,
        0.42910156250000003,
        0.4398437499999999,
        0.45546875000000003,
        0.45800781250000006,
        0.47480468750000004,
        0.483984375,
        0.4945312500000001,
        0.49921875,
        0.5066406250000001
    ],
    "test_loss": 1.3779268460937697,
    "test_acc": 0.49564873417721506
}