{
    "train_losses": [
        1.9421504878590252,
        1.6552391595650253,
        1.5672224457786976,
        1.5097829460078822,
        1.4757958956253836,
        1.4121193566553274,
        1.3513952289891034,
        1.2914306618209572,
        1.2558477509055717,
        1.224597228218687,
        1.1937745600684075,
        1.1697174643519261,
        1.1417321467671295,
        1.1269222565865584,
        1.1091267689001187
    ],
    "valid_losses": [
        1.7524234861135481,
        1.574762880802154,
        1.5132610678672789,
        1.48630328476429,
        1.4746818065643308,
        1.3706695288419726,
        1.3549158632755278,
        1.2244159936904908,
        1.209702605009079,
        1.1506494492292403,
        1.1422605097293854,
        1.1525409922003746,
        1.1946780264377597,
        1.1316784501075743,
        1.0498124793171884
    ],
    "train_accs": [
        0.2971643518518516,
        0.3999732905982901,
        0.42955395299145266,
        0.45537304131054124,
        0.46556712962962954,
        0.490228810541311,
        0.5115963319088321,
        0.5346554487179485,
        0.5500801282051285,
        0.5620325854700855,
        0.5699563746438744,
        0.5813301282051281,
        0.5921696937321937,
        0.5968660968660965,
        0.6032318376068375
    ],
    "valid_accs": [
        0.3697265625000001,
        0.42929687499999997,
        0.4570312500000001,
        0.474609375,
        0.4685546875000001,
        0.5107421875,
        0.5234375,
        0.5685546875000002,
        0.5748046874999999,
        0.5890625,
        0.5982421875,
        0.6029296875,
        0.598828125,
        0.6189453125,
        0.6306640625000002
    ],
    "test_loss": 1.115986913065367,
    "test_acc": 0.6070015822784811
}