{
    "train_losses": [
        1.7258439271198718,
        1.4084431900937333,
        1.2755094851523727,
        1.180192045336774,
        1.1061540442993845,
        1.0576181960241757,
        1.015409017729963,
        0.968865467612221,
        0.9296539896234147,
        0.9078770300261995,
        0.8769090552615304,
        0.8523046573003127,
        0.8281573420576218,
        0.8082744229553095,
        0.7852483956392673,
        0.7768355137602216,
        0.7587320225530879,
        0.7397396263913215,
        0.7206365119697705,
        0.7080200161689371,
        0.6979649157775434,
        0.6800435756855882,
        0.6678417884556314,
        0.6612335219342488,
        0.6508840097491226,
        0.6351146090913705,
        0.6257253845362925,
        0.61635539793221,
        0.6100408949403683,
        0.5952030101053393
    ],
    "valid_losses": [
        1.7118684798479074,
        1.596240743994713,
        1.2768159717321397,
        1.1879100605845452,
        1.1101343005895612,
        1.0456048592925071,
        0.97749283015728,
        0.9741556316614152,
        0.952304427325726,
        0.9145143657922746,
        0.8601517170667649,
        0.8288668543100355,
        0.8545975863933561,
        0.8265734538435936,
        0.8355434745550158,
        0.7752538889646532,
        0.7399704813957215,
        0.7417667001485826,
        0.7390729568898678,
        0.6601103730499747,
        0.6365427255630494,
        0.6048223346471787,
        0.644668537378311,
        0.6278159253299237,
        0.6214872352778911,
        0.5973652802407744,
        0.5791670359671116,
        0.5834340304136277,
        0.5488392062485219,
        0.5038213342428208
    ],
    "train_accs": [
        0.3595753205128202,
        0.4872462606837607,
        0.5405760327635326,
        0.5755876068376071,
        0.6049011752136747,
        0.6209268162393157,
        0.6386663105413104,
        0.655760327635327,
        0.6710737179487173,
        0.67752849002849,
        0.6885461182336172,
        0.6960470085470085,
        0.7044382122507121,
        0.7135861823361817,
        0.7215767450142446,
        0.7232460826210819,
        0.730190527065526,
        0.7376691595441585,
        0.746104878917379,
        0.7485532407407409,
        0.7518919159544148,
        0.7590811965811959,
        0.7633547008547008,
        0.7631988960113962,
        0.768785612535612,
        0.7731926638176637,
        0.7754184472934472,
        0.7787348646723639,
        0.7791577635327629,
        0.7870815527065517
    ],
    "valid_accs": [
        0.42792968749999993,
        0.4853515625000001,
        0.5722656250000001,
        0.5962890625000001,
        0.6353515625,
        0.6531250000000001,
        0.6779296875,
        0.6742187499999998,
        0.6867187499999997,
        0.6923828125000002,
        0.7111328125,
        0.7287109374999999,
        0.719140625,
        0.7335937500000003,
        0.7306640625,
        0.7498046875000002,
        0.753125,
        0.7582031250000002,
        0.7607421874999998,
        0.7806640624999999,
        0.7812500000000003,
        0.788671875,
        0.7832031249999999,
        0.7939453125000002,
        0.7929687500000001,
        0.7945312499999999,
        0.8066406250000002,
        0.8072265625,
        0.8166015624999998,
        0.8349609375
    ],
    "test_loss": 0.76953075656408,
    "test_acc": 0.7641416139240509,
    "gradient_flows": [
        {
            "hidden_layers": [
                0.0015038559213280678,
                0.0014173546805977821,
                0.00046136329183354974,
                0.0003348651916894596,
                0.0002689828379516257,
                0.00024116998793033417,
                0.00026112462001037784
            ],
            "output_layer": 0.0067419493570923805
        },
        {
            "hidden_layers": [
                0.0021431127097457647,
                0.0015756394932395779,
                0.0003854259120998904,
                0.0002783401814667741,
                0.00022071500279707834,
                0.00017694515736366156,
                0.00019114906172035262
            ],
            "output_layer": 0.006205301266163588
        },
        {
            "hidden_layers": [
                0.0018472219817340374,
                0.0013645672661368735,
                0.00036659370380220935,
                0.0002760723746177973,
                0.0002231101352663245,
                0.00019095952302450314,
                0.00019273438101663487
            ],
            "output_layer": 0.0059286924079060555
        },
        {
            "hidden_layers": [
                0.0022005424834787846,
                0.0017389216009178199,
                0.00043735720100812614,
                0.0004297978739487007,
                0.0003481851890683174,
                0.00032510742676095106,
                0.00036113687019678764
            ],
            "output_layer": 0.008690685033798218
        },
        {
            "hidden_layers": [
                0.0018521774327382445,
                0.0015740981252747588,
                0.0004394685856823344,
                0.0003382056365808239,
                0.00025486506092420314,
                0.00023060089370119385,
                0.0002464600074745249
            ],
            "output_layer": 0.006600913591682911
        },
        {
            "hidden_layers": [
                0.002624318702146411,
                0.0015418275652336888,
                0.00043436868145363405,
                0.0003135896313324338,
                0.00022922151765669696,
                0.00017794841369322967,
                0.00018265586368215736
            ],
            "output_layer": 0.00597612326964736
        },
        {
            "hidden_layers": [
                0.0023124031722545624,
                0.001654525098274462,
                0.00044414031799533404,
                0.0003202543030056404,
                0.00025524981901980937,
                0.00020406432668096386,
                0.0001876749256553012
            ],
            "output_layer": 0.006519044283777475
        },
        {
            "hidden_layers": [
                0.0028086439706385136,
                0.0016302246222039685,
                0.0004194313623884227,
                0.0003149319873045897,
                0.00025392931638634764,
                0.0002042230134975398,
                0.00019961366069765063
            ],
            "output_layer": 0.006585530936717987
        },
        {
            "hidden_layers": [
                0.0024707927368581295,
                0.0017430322332074866,
                0.0004856979758187663,
                0.00036461429044720717,
                0.00027305353978590574,
                0.00021993105474393815,
                0.00021273601851135027
            ],
            "output_layer": 0.006977477110922337
        },
        {
            "hidden_layers": [
                0.0029922823887318373,
                0.001477588142734021,
                0.0004302230227040127,
                0.0003021591837750748,
                0.0002467354843247449,
                0.00020682897229562514,
                0.0001982824342121603
            ],
            "output_layer": 0.006610475480556488
        },
        {
            "hidden_layers": [
                0.002947577740997076,
                0.001418241961800959,
                0.00040668440851732157,
                0.0003128535445284797,
                0.00023810379389033187,
                0.00018229040142614394,
                0.00017500209833087865
            ],