{
    "train_losses": [
        2.9748851261247595,
        2.807904780080853,
        2.7013370087343733,
        2.62431945216622,
        2.568177105015162,
        2.518325459243905,
        2.4826959028542848,
        2.450731745472659,
        2.420126887128563,
        2.3976798872662415,
        2.3751329465469437,
        2.358294518245252,
        2.340342940767945,
        2.32327570127286,
        2.312815234871673,
        2.2994251441412175,
        2.2912582474896035,
        2.279732572387087,
        2.2723399818453,
        2.2690235447679843,
        2.254905331848015,
        2.248769039442055,
        2.245421506061174,
        2.2398851984246853,
        2.2322084930887236,
        2.227790763914753,
        2.222563799290234,
        2.215507640458239,
        2.213304365462386,
        2.2076794938144526,
        2.204576228079295,
        2.201985828557245,
        2.1939407373085986,
        2.191125769900461,
        2.1876601772090987,
        2.18189811842394,
        2.179086860428509,
        2.177018352383559,
        2.1712087830926596,
        2.168565993295437
    ],
    "valid_losses": [
        2.9759909927845003,
        2.818102174997329,
        2.700895357131958,
        2.6256100714206694,
        2.5632045805454253,
        2.5194204032421115,
        2.4799823820590974,
        2.4473895311355593,
        2.419037371873856,
        2.3929953753948205,
        2.3718125164508823,
        2.3552916884422306,
        2.3358057618141177,
        2.3227734982967374,
        2.3105274975299843,
        2.2969086349010466,
        2.289066487550735,
        2.2787398934364314,
        2.2680236876010893,
        2.2604345500469214,
        2.2534458100795742,
        2.247396159172058,
        2.240556514263153,
        2.2359944105148317,
        2.226908242702484,
        2.2211746990680683,
        2.217265248298645,
        2.2138052761554716,
        2.2074851334095,
        2.2038095653057104,
        2.199069541692734,
        2.1948088705539703,
        2.1921444833278665,
        2.186709761619567,
        2.1825289905071257,
        2.180725067853927,
        2.1763480126857755,
        2.1725754439830784,
        2.171681463718414,
        2.164694184064864
    ],
    "train_accs": [
        0.0996260683760682,
        0.09944800569800552,
        0.09926994301994273,
        0.0974002849002847,
        0.10227475071225058,
        0.10418892450142439,
        0.10706018518518493,
        0.11193465099715089,
        0.11527332621082594,
        0.12315259971509947,
        0.13034188034188018,
        0.1326121794871793,
        0.14011306980056967,
        0.14467592592592568,
        0.14839298433048412,
        0.15170940170940145,
        0.15409099002848983,
        0.1597444800569799,
        0.15916577635327603,
        0.15876513532763506,
        0.16771278490028463,
        0.16987179487179457,
        0.17418981481481446,
        0.173321759259259,
        0.1770833333333331,
        0.177105591168091,
        0.18102297008546994,
        0.1852519586894584,
        0.1843393874643871,
        0.18707710113960097,
        0.18861289173789142,
        0.18814547720797697,
        0.1948005698005694,
        0.1958021723646721,
        0.19615829772079724,
        0.20167824074074045,
        0.2008101851851849,
        0.1995192307692306,
        0.20261306980056948,
        0.2040375712250708
    ],
    "valid_accs": [
        0.1052734375,
        0.103515625,
        0.10449218750000001,
        0.10214843750000004,
        0.10429687500000002,
        0.11093750000000002,
        0.11445312500000003,
        0.12226562499999999,
        0.12890625,
        0.13671875,
        0.13710937499999998,
        0.14238281249999998,
        0.1484375,
        0.15429687499999997,
        0.15625,
        0.15820312500000003,
        0.16152343750000003,
        0.16640625000000003,
        0.16757812499999997,
        0.17148437500000002,
        0.17050781250000002,
        0.17499999999999996,
        0.17597656249999996,
        0.17792968749999996,
        0.17792968750000002,
        0.18378906250000002,
        0.1841796875,
        0.18515624999999994,
        0.1884765625,
        0.19101562499999994,
        0.193359375,
        0.19550781249999996,
        0.1974609375,
        0.196484375,
        0.20175781249999997,
        0.2033203125,
        0.20175781250000002,
        0.20722656250000002,
        0.2076171875,
        0.2111328125
    ],
    "test_loss": 2.1658051919333543,
    "test_acc": 0.20500395569620247,
    "gradient_flows": [
        {
            "hidden_layers": [
                0.021191556006669998,
                0.009508232586085796,
                0.0035491735907271504,
                0.00162983761401847,
                0.000816530387965031
            ],
            "output_layer": 0.06292609125375748
        },
        {
            "hidden_layers": [
                0.019440460950136185,
                0.008848507655784488,
                0.0035499364021234214,
                0.0016304274613503367,
                0.0008282808266812935
            ],
            "output_layer": 0.052340783178806305
        },
        {
            "hidden_layers": [
                0.016564058139920235,
                0.00900495401583612,
                0.003530347137711942,
                0.0016424728382844478,
                0.0008298269094666466
            ],
            "output_layer": 0.06914640963077545
        },
        {
            "hidden_layers": [
                0.016393842175602913,
                0.00916740670800209,
                0.003499446320347488,
                0.001609791215742007,
                0.0007661966956220567
            ],
            "output_layer": 0.043881502002477646
        },
        {
            "hidden_layers": [
                0.01833789423108101,
                0.009087350335903466,
                0.0034552690340206027,
                0.001602310105226934,
                0.0007877977623138577
            ],
            "output_layer": 0.03667968139052391
        },
        {
            "hidden_layers": [
                0.019276896491646767,
                0.008482599048875272,
                0.00343279488151893,
                0.001593764463905245,
                0.0008268310484709218
            ],
            "output_layer": 0.0333951972424984
        },
        {
            "hidden_layers": [
                0.0182601697742939,
                0.008960111066699028,
                0.003436446189880371,
                0.001582465076353401,
                0.0007795530545990914
            ],
            "output_layer": 0.03244464844465256
        },
        {
            "hidden_layers": [
                0.01771867647767067,
                0.00864052097313106,
                0.0034129395498894155,
                0.0015700539806857705,
                0.00078363370266743
            ],
            "output_layer": 0.03592553734779358
        },
        {
            "hidden_layers": [
                0.02042550966143608,
                0.008710396126843989,
                0.003414143167901784,
                0.0015671734581701458,
                0.0007526120461989194
            ],
            "output_layer": 0.03162357956171036
        },
        {
            "hidden_layers": [
                0.020566312596201897,
                0.008654070785269141,
                0.0034081003977917135,
                0.0015790654288139194,
                0.000775304579292424
            ],
            "output_layer": 0.03561437129974365
        },
        {
            "hidden_layers": [
                0.01944183185696602,
                0.009323104750365019,
                0.0034340356360189617,
                0.0015818169922567904,
                0.0007709489436820149
            ],