{
    "train_losses": [
        2.9748852320885715,
        2.807904790948938,
        2.7013363980839395,
        2.6243183490557547,
        2.5681758572233364,
        2.518324346623869,
        2.482695254844819,
        2.4507312815413527,
        2.4201279698613716,
        2.3976815086484318,
        2.3751329200559876,
        2.3582956233934795,
        2.3403429095222044,
        2.3232744921985855,
        2.3128150935865865
    ],
    "valid_losses": [
        2.9759899914264683,
        2.8181020319461827,
        2.7008957803249354,
        2.625609803199767,
        2.5632018446922307,
        2.5194160282611846,
        2.479979664087295,
        2.4473908901214605,
        2.419035667181015,
        2.3929913759231565,
        2.3718084573745726,
        2.355294215679169,
        2.3358011245727535,
        2.3227688372135167,
        2.3105218708515167
    ],
    "train_accs": [
        0.0996260683760682,
        0.09944800569800552,
        0.09926994301994273,
        0.0974002849002847,
        0.10227475071225058,
        0.10414440883190873,
        0.10706018518518493,
        0.11200142450142438,
        0.11522881054131028,
        0.12321937321937296,
        0.13040865384615366,
        0.13250089031339007,
        0.14006855413105396,
        0.14472044159544134,
        0.14830395299145283
    ],
    "valid_accs": [
        0.1052734375,
        0.103515625,
        0.10449218750000001,
        0.10214843750000004,
        0.10429687500000002,
        0.11093750000000002,
        0.11464843750000002,
        0.12226562499999999,
        0.1291015625,
        0.1369140625,
        0.13730468749999997,
        0.14238281249999998,
        0.148828125,
        0.1544921875,
        0.1564453125
    ],
    "test_loss": 2.3160015812403043,
    "test_acc": 0.14903085443037967
}