{
    "train_losses": [
        2.2029255275373103,
        1.9285906301944014,
        1.8010527612137324,
        1.7124239253861944,
        1.646999597549438,
        1.6009514932958495,
        1.5600834748683832,
        1.528363817777389,
        1.497574554209696,
        1.4768871503677794,
        1.4445033844379944,
        1.423993523643907,
        1.4039736850309228,
        1.38382449822548,
        1.3662102385463881,
        1.344912978998276,
        1.3321766866917628,
        1.31307446583044,
        1.2959138650839834,
        1.28102571706147,
        1.265938433486851,
        1.250002824682795,
        1.236009336604692,
        1.224664024647824,
        1.2112417146351258,
        1.1984205278236293,
        1.182771476585302,
        1.1715838017626714,
        1.1618223755787584,
        1.1522051787104688,
        1.142517217034288,
        1.1302873558468294,
        1.118090216760281,
        1.1041950761762442,
        1.095216422508925,
        1.0864607798747528,
        1.0791273595940352,
        1.0701482448822404,
        1.058003625299177,
        1.046484896260449
    ],
    "valid_losses": [
        2.024511078000068,
        1.8758017420768736,
        1.7707465887069702,
        1.68528693318367,
        1.6227606058120727,
        1.5841464757919315,
        1.5315552175045017,
        1.5098228633403779,
        1.4761150389909743,
        1.454833480715752,
        1.4320879727602005,
        1.4092064321041111,
        1.3878412216901783,
        1.3673843711614606,
        1.3588353037834167,
        1.3403369247913361,
        1.3153603583574294,
        1.305835020542145,
        1.2912756025791168,
        1.2770547062158588,
        1.2564793229103088,
        1.249078470468521,
        1.2461674451828,
        1.229363003373146,
        1.2036408990621568,
        1.201693034172058,
        1.1883166521787643,
        1.1673820495605471,
        1.1595826417207715,
        1.1498327255249026,
        1.1383165627717973,
        1.1194783061742783,
        1.111518193781376,
        1.1111706614494323,
        1.0951647728681562,
        1.0899327576160434,
        1.087486098706722,
        1.0721896111965183,
        1.0690532609820367,
        1.0608588933944703
    ],
    "train_accs": [
        0.20012019230769204,
        0.2945601851851848,
        0.34090099715099664,
        0.3703035968660965,
        0.39436431623931595,
        0.4130386396011397,
        0.43077813390313374,
        0.44172898860398846,
        0.45430466524216495,
        0.4636752136752138,
        0.4720219017094016,
        0.48283920940170943,
        0.48907140313390335,
        0.4998219373219372,
        0.5074563746438745,
        0.5136440527065529,
        0.5200765669515666,
        0.5272435897435896,
        0.5317174145299148,
        0.5362357549857552,
        0.5436698717948719,
        0.548789173789174,
        0.5573361823361827,
        0.5613425925925924,
        0.5659277065527065,
        0.5738069800569805,
        0.57658920940171,
        0.5817975427350421,
        0.5845575142450143,
        0.5890313390313392,
        0.5907897079772072,
        0.5957977207977206,
        0.6014957264957262,
        0.6050124643874647,
        0.6099314458689459,
        0.613537215099715,
        0.6138488247863243,
        0.6198361823361821,
        0.6242654914529913,
        0.6282941595441595
    ],
    "valid_accs": [
        0.26523437499999997,
        0.3185546874999999,
        0.3564453124999999,
        0.38203125,
        0.4048828125000001,
        0.4154296874999999,
        0.4414062500000001,
        0.4441406249999999,
        0.4593750000000001,
        0.46875000000000006,
        0.4804687499999999,
        0.4849609375000001,
        0.4953125,
        0.5015624999999998,
        0.5089843749999998,
        0.5210937499999999,
        0.5263671875,
        0.5263671875000001,
        0.53671875,
        0.5492187500000001,
        0.5498046875,
        0.555859375,
        0.5589843750000001,
        0.5654296875,
        0.574609375,
        0.5683593750000001,
        0.5771484375,
        0.5826171875,
        0.5861328125000002,
        0.5884765625000002,
        0.5955078125000002,
        0.6042968750000002,
        0.6044921875000001,
        0.606640625,
        0.6123046875,
        0.614453125,
        0.6162109374999999,
        0.6236328125000001,
        0.6279296875,
        0.629296875
    ],
    "test_loss": 1.1143290883378139,
    "test_acc": 0.6017602848101266,
    "gradient_flows": [
        {
            "hidden_layers": [
                0.015674682334065437,
                0.007871483452618122,
                0.003107818542048335,
                0.0014275230641942471,
                0.0006829910853412002
            ],
            "output_layer": 0.014617097564041615
        },
        {
            "hidden_layers": [
                0.01535426452755928,
                0.007987076416611671,
                0.003168511262629181,
                0.0014556610258296132,
                0.0006784717115806416
            ],
            "output_layer": 0.007726285140961409
        },
        {
            "hidden_layers": [
                0.015982583165168762,
                0.007825209060683846,
                0.0030882570426911116,
                0.0014452894392888993,
                0.0006870233191875741
            ],
            "output_layer": 0.02018541656434536
        },
        {
            "hidden_layers": [
                0.016798440366983414,
                0.007281412486918271,
                0.0029592401115223765,
                0.0014092331693973392,
                0.0007034648733679205
            ],
            "output_layer": 0.0186855997890234
        },
        {
            "hidden_layers": [
                0.015042232349514961,
                0.007185340509749949,
                0.002942589169833809,
                0.001371770486002788,
                0.0006426443287637085
            ],
            "output_layer": 0.014521235600113869
        },
        {
            "hidden_layers": [
                0.016625957563519478,
                0.0073619190370664,
                0.003039778908714652,
                0.0014351365389302373,
                0.0007055590249365196
            ],
            "output_layer": 0.023467903956770897
        },
        {
            "hidden_layers": [
                0.014363855123519897,
                0.006929585128091276,
                0.0027553774998523295,
                0.0012967580405529588,
                0.0006037182902218774
            ],
            "output_layer": 0.01451036985963583
        },
        {
            "hidden_layers": [
                0.01517479494214058,
                0.006873120786622167,
                0.0027555059641599655,
                0.001316068199230358,
                0.0006315749342320487
            ],
            "output_layer": 0.020284419879317284
        },
        {
            "hidden_layers": [
                0.01211033295840025,
                0.007226395537145436,
                0.002936104196123779,
                0.0013483107613865286,
                0.0006181637290865183
            ],
            "output_layer": 0.010769118554890156
        },
        {
            "hidden_layers": [
                0.01488296315073967,
                0.006993404356762767,
                0.00285546388477087,
                0.0013639958924613893,
                0.0006525174248963594
            ],
            "output_layer": 0.012363972142338753
        },
        {
            "hidden_layers": [
                0.014027653262019157,
                0.006791520863771439,
                0.0026998964021913707,
                0.0012742401158902794,
                0.0005889085441594943
            ],