{
    "train_losses": [
        2.2043531212711613,
        1.9291693502002294,
        1.8005915397932037,
        1.712366853684102,
        1.6479089616710294,
        1.6014677958610726,
        1.5598539507966431,
        1.5270515819560424,
        1.49645417232459,
        1.4763541778607923,
        1.4449102589887086,
        1.4248648864930853,
        1.40404586914258,
        1.382916003550559,
        1.3650409886640007
    ],
    "valid_losses": [
        2.0257724016904834,
        1.8758276134729384,
        1.7692423254251481,
        1.6878333598375326,
        1.6225857973098756,
        1.5815309941768643,
        1.5299623429775235,
        1.5077547758817673,
        1.4758474677801132,
        1.453555205464363,
        1.4305607825517652,
        1.4071396440267563,
        1.3873348176479334,
        1.3674837470054628,
        1.3625093638896941
    ],
    "train_accs": [
        0.19867343304843282,
        0.2940705128205124,
        0.3404335826210824,
        0.37197293447293384,
        0.39385238603988537,
        0.4140624999999999,
        0.42959846866096846,
        0.4420851139601141,
        0.4535478988603989,
        0.4629629629629629,
        0.4738915598290599,
        0.48355146011395994,
        0.49031784188034183,
        0.5002670940170943,
        0.5067218660968661
    ],
    "valid_accs": [
        0.2701171875000001,
        0.3185546875,
        0.3490234374999999,
        0.3800781250000001,
        0.40253906250000016,
        0.41816406250000004,
        0.4431640625,
        0.44453125,
        0.4552734375000001,
        0.46562500000000007,
        0.47499999999999987,
        0.47890624999999987,
        0.49394531249999996,
        0.4986328124999999,
        0.5035156249999999
    ],
    "test_loss": 1.375890986828864,
    "test_acc": 0.4947587025316455
}