{
    "train_losses": [
        1.6170600313067092,
        1.2376496565987254,
        1.076368385570342,
        0.9626893372277585,
        0.8728391091708106,
        0.8135986613412194,
        0.7576404889764276,
        0.699916975111024,
        0.6518698914608039,
        0.6063133468824916,
        0.5635147539638721,
        0.5156764799033814,
        0.4711977266348325,
        0.4247777387287544,
        0.3889954495973399,
        0.3465858329819819,
        0.307979738185888,
        0.27079063361017125,
        0.24645761929006665,
        0.22314568940136156,
        0.19767577419763271,
        0.18764578937380402,
        0.16621741393522665,
        0.15046570847007293,
        0.1440754912241741,
        0.13452224483304903,
        0.12945087992737433,
        0.12273220683944198,
        0.11338513722892674,
        0.11128389879933794
    ],
    "valid_losses": [
        1.3741206437349327,
        1.099244350194931,
        0.9687669858336451,
        0.8605011627078054,
        0.8195516034960746,
        0.7415706381201743,
        0.7113321185111999,
        0.6327139154076575,
        0.614751198142767,
        0.5541102230548859,
        0.5155861876904965,
        0.44121214002370834,
        0.4223138183355332,
        0.3833747588098048,
        0.38273832499980925,
        0.3172282878309489,
        0.2697059068828821,
        0.24600292183458805,
        0.2432429000735283,
        0.2015844542533159,
        0.19725130908191207,
        0.1808713138103485,
        0.2284192606806755,
        0.16163638941943648,
        0.17177681382745502,
        0.17589857149869204,
        0.15666463542729617,
        0.19157941620796923,
        0.19418870192021137,
        0.1650526814628392
    ],
    "train_accs": [
        0.41045673076923067,
        0.5535746082621082,
        0.6176549145299148,
        0.6594328703703699,
        0.6900596509971512,
        0.7109820156695151,
        0.7314369658119655,
        0.7527377136752134,
        0.7702768874643875,
        0.7842993233618233,
        0.7995681980056973,
        0.816528668091167,
        0.8331552706552694,
        0.8472889957264945,
        0.8606882122507126,
        0.8760461182336183,
        0.8902688746438743,
        0.9025551994301998,
        0.9130163817663808,
        0.9214075854700845,
        0.9297765313390297,
        0.9338274572649559,
        0.9413728632478631,
        0.946158297720798,
        0.9482950498575501,
        0.953748219373221,
        0.9541043447293456,
        0.9557514245014265,
        0.9596910612535635,
        0.9614494301994326
    ],
    "valid_accs": [
        0.5,
        0.6158203124999999,
        0.6646484375,
        0.7052734375,
        0.7080078125000001,
        0.7414062499999997,
        0.7535156249999999,
        0.7722656250000002,
        0.7804687499999998,
        0.8041015625000002,
        0.8179687500000001,
        0.8435546875000001,
        0.8552734375000002,
        0.8726562499999999,
        0.8728515625000001,
        0.8923828124999998,
        0.9056640625000001,
        0.9212890625,
        0.9183593750000002,
        0.9335937499999999,
        0.9404296875,
        0.9439453125,
        0.9265624999999997,
        0.9531249999999999,
        0.9490234375000001,
        0.9478515625000002,
        0.95859375,
        0.9451171875,
        0.9416015624999998,
        0.958203125
    ],
    "test_loss": 1.0801436455943914,
    "test_acc": 0.7640427215189873,
    "gradient_flows": [
        {
            "hidden_layers": [
                0.0030951686203479767,
                0.002016150967392605,
                0.0009347117156721652,
                0.0006193871085997671,
                0.0004220202172291465,
                0.0003521906692185439,
                0.00033064632589230314
            ],
            "output_layer": 0.00875935796648264
        },
        {
            "hidden_layers": [
                0.0018967194482684135,
                0.0017359710254822858,
                0.0006797821552027017,
                0.00040692807306186296,
                0.00027212616441829596,
                0.00021163876408536453,
                0.00020480272178247105
            ],
            "output_layer": 0.008273479528725147
        },
        {
            "hidden_layers": [
                0.0019085395615547895,
                0.001534757531771902,
                0.0005902035009057727,
                0.00039741979344398715,
                0.00027838726782647427,
                0.00021407569238363067,
                0.00022432568039221223
            ],
            "output_layer": 0.005570632871240377
        },
        {
            "hidden_layers": [
                0.0032335296273231506,
                0.0017080224206438288,
                0.0007289312161447015,
                0.0004647717214538716,
                0.0003063600797759136,
                0.000221100290218601,
                0.00023757551934977528
            ],
            "output_layer": 0.007594591472297907
        },
        {
            "hidden_layers": [
                0.001708522322587669,
                0.0015085371705936268,
                0.0006483983743237332,
                0.00043925178761128336,
                0.00027898740518139675,
                0.0002044789516730816,
                0.0002131174924215884
            ],
            "output_layer": 0.006230548024177551
        },
        {
            "hidden_layers": [
                0.002477213740348816,
                0.00177201593760401,
                0.0008100099657895043,
                0.0004625972105714027,
                0.00034002860775217414,
                0.00023002145553618902,
                0.00023567897824250394
            ],
            "output_layer": 0.007358680013567209
        },
        {
            "hidden_layers": [
                0.0038059931248426437,
                0.0018704862741287798,
                0.0008405658372794278,
                0.0005245988359092735,
                0.0003259732638980495,
                0.00021144694983377121,
                0.00021522143651964143
            ],
            "output_layer": 0.007395121734589338
        },
        {
            "hidden_layers": [
                0.002378649078309536,
                0.0017024393455358222,
                0.0008055038488237187,
                0.0005067857509857276,
                0.00033355616324115545,
                0.00024936832778621465,
                0.00022628421538684051
            ],
            "output_layer": 0.008449596352875233
        },
        {
            "hidden_layers": [
                0.004455586429685354,
                0.0019497039975249209,
                0.0009306096326326951,
                0.0005817789606226142,
                0.00038892832890269347,
                0.0002642844738147687,
                0.00023904440604383126
            ],
            "output_layer": 0.008766138926148415
        },
        {
            "hidden_layers": [
                0.004144073463976383,
                0.0018953743201564066,
                0.0007833212694094982,
                0.0004888435196335195,
                0.0003159189709549537,
                0.00022794433607487008,
                0.00019535266255843453
            ],
            "output_layer": 0.008437806740403175
        },
        {
            "hidden_layers": [
                0.004336106590926647,
                0.002101146244967822,
                0.0011783883965108544,
                0.0007766531634842977,
                0.0004983844264643267,
                0.0003482075517240446,
                0.00034430653067829553
            ],