{
    "train_losses": [
        1.334216733603735,
        0.8367415340537697,
        0.6578555054474422,
        0.5454481919946154,
        0.4822371262430812,
        0.4356207589478237,
        0.3809931077423939,
        0.35469585177395735,
        0.3187043852785712,
        0.29665565902521135,
        0.26777743490842665,
        0.24106890982032828,
        0.22729192733594852,
        0.20516041991038225,
        0.1918181643908858
    ],
    "valid_losses": [
        1.2319657176733014,
        0.78310901671648,
        0.5867871671915056,
        0.4767420843243597,
        0.597924230247736,
        0.5249601431190968,
        0.4041399922221899,
        0.3759199690073729,
        0.3563810750842095,
        0.2404379647225142,
        0.2244970913976431,
        0.2598789447918534,
        0.2702781558036804,
        0.21370116081088777,
        0.2072403974831105
    ],
    "train_accs": [
        0.5228142806267805,
        0.7040153133903131,
        0.7720575142450136,
        0.8105190527065518,
        0.8311965811965796,
        0.8489138176638176,
        0.8670984686609691,
        0.877181267806268,
        0.8885105056980064,
        0.8977475071225075,
        0.9066506410256401,
        0.916444088319088,
        0.9209179131054113,
        0.9290197649572637,
        0.9340277777777765
    ],
    "valid_accs": [
        0.6111328125000001,
        0.7294921874999999,
        0.7994140625,
        0.8361328124999999,
        0.805078125,
        0.8226562500000001,
        0.8683593749999996,
        0.8707031249999998,
        0.8802734374999998,
        0.9140625,
        0.9242187500000001,
        0.9093749999999999,
        0.912109375,
        0.9306640625000003,
        0.9275390625000002
    ],
    "test_loss": 0.439290045182916,
    "test_acc": 0.8651107594936706
}