{
    "train_losses": [
        1.346163296122157,
        0.8469583813281482,
        0.658925662607889,
        0.5472378626338439,
        0.47821541525359856,
        0.4340408421055206,
        0.38387186871974205,
        0.3523558733979522,
        0.32332551768023066,
        0.2911936016461451,
        0.26984410917657053,
        0.2442743669547927,
        0.22425528774913564,
        0.20254339324443094,
        0.18957025424028068,
        0.17222796306226354,
        0.165190007611897,
        0.1518507811248812,
        0.13479528236508026,
        0.13109319406611958,
        0.11812420616037832,
        0.11458589346745075,
        0.10397909756781709,
        0.09961265724608707,
        0.08985196850514653,
        0.08896070749544013,
        0.08431191656982623,
        0.07815046709805644,
        0.07849937036070986,
        0.0717065484087882,
        0.06574625090465078,
        0.06829352233495209,
        0.06083060141276047,
        0.061864154473042596,
        0.058711864521190954,
        0.053891797544715965,
        0.05426008886381707,
        0.051576612161690016,
        0.04795759884863455,
        0.04898533745910285
    ],
    "valid_losses": [
        1.202123720943928,
        0.8418993324041367,
        0.6265236735343932,
        0.4748841248452663,
        0.6900168694555759,
        0.47216301038861275,
        0.3400751300156115,
        0.33884473741054527,
        0.30848793536424646,
        0.23245200971141464,
        0.22292580492794514,
        0.21747437454760074,
        0.2412818986922503,
        0.2429316007532179,
        0.1760725888889283,
        0.15551906474865973,
        0.19463510084897276,
        0.1548187681473792,
        0.11878642989322541,
        0.09320229801815005,
        0.09763531645294278,
        0.15907925488427285,
        0.13592860437929627,
        0.09741218939889223,
        0.08740351776359603,
        0.11719195744954046,
        0.07417622830253094,
        0.08020500317215919,
        0.10491586911957711,
        0.06571636479347945,
        0.100189767498523,
        0.08155488441698254,
        0.07271957750199362,
        0.0712425136807724,
        0.08248908347704856,
        0.08057462589349597,
        0.07220684801286552,
        0.08053225278854369,
        0.07413520340342077,
        0.08171498468145727
    ],
    "train_accs": [
        0.5183627136752136,
        0.701923076923077,
        0.7712562321937311,
        0.810830662393162,
        0.8333110754985746,
        0.8510060541310537,
        0.8663862179487183,
        0.8786502849002857,
        0.8874643874643883,
        0.8990384615384615,
        0.9042467948717944,
        0.9143073361823354,
        0.92216435185185,
        0.9294426638176619,
        0.9336716524216512,
        0.9393028846153835,
        0.9419515669515661,
        0.9479166666666674,
        0.952880163817665,
        0.9536814458689478,
        0.9593571937321963,
        0.9593571937321962,
        0.9642316595441635,
        0.9649884259259297,
        0.9684606481481524,
        0.9699741809116859,
        0.9697961182336229,
        0.9723557692307742,
        0.9728454415954464,
        0.9747373575498631,
        0.97723023504274,
        0.9761841168091212,
        0.9779647435897489,
        0.978343126780632,
        0.9788995726495785,
        0.9815037393162447,
        0.9812143874643924,
        0.9821714743589803,
        0.9839075854700913,
        0.9833733974359031
    ],
    "valid_accs": [
        0.5986328125,
        0.701953125,
        0.7953125000000002,
        0.8373046875000001,
        0.7783203125000001,
        0.8388671874999998,
        0.8828124999999997,
        0.884765625,
        0.8955078125000001,
        0.9216796875000001,
        0.920703125,
        0.9259765624999998,
        0.9201171874999997,
        0.9189453124999998,
        0.9380859375,
        0.9500000000000001,
        0.9283203124999999,
        0.9503906249999998,
        0.9619140624999999,
        0.968359375,
        0.9679687500000002,
        0.9509765625,
        0.9562500000000002,
        0.9685546875000001,
        0.9734375000000001,
        0.9644531250000005,
        0.9767578124999998,
        0.9755859375000001,
        0.9683593750000001,
        0.9771484375,
        0.966015625,
        0.9765624999999999,
        0.9791015624999999,
        0.9818359375000002,
        0.97578125,
        0.9783203125,
        0.9794921874999998,
        0.9759765625000001,
        0.9769531250000002,
        0.9761718749999998
    ],
    "test_loss": 0.4993679048139839,
    "test_acc": 0.8932950949367088,
    "gradient_flows": [
        {
            "hidden_layers": [
                0.008762951008975506,
                0.0018726654816418886,
                0.0006389238260453567,
                0.00027156283977092244,
                7.522649957536487e-05
            ],
            "output_layer": 0.014503294602036476
        },
        {
            "hidden_layers": [
                0.008885039947926998,
                0.00122344252304174,
                0.0005401458038249984,
                0.00022610001178691164,
                6.534081785503076e-05
            ],
            "output_layer": 0.012819342315196991
        },
        {
            "hidden_layers": [
                0.006164252758026123,
                0.0010437737655593082,
                0.0004619010505848564,
                0.00018200001795776188,
                4.7968365834094584e-05
            ],
            "output_layer": 0.012769750319421291
        },
        {
            "hidden_layers": [
                0.006134842522442341,
                0.0008093514043139294,
                0.0003747541704797186,
                0.00015192194769042544,
                4.074625849170843e-05
            ],
            "output_layer": 0.007412625942379236
        },
        {
            "hidden_layers": [
                0.015468716621398926,
                0.001110726676415652,
                0.00046260971430456266,
                0.00018757728321361355,
                4.901613738184096e-05
            ],
            "output_layer": 0.01330024003982544
        },
        {
            "hidden_layers": [
                0.007725795265287161,
                0.0008653502445667982,
                0.0003863030651700683,
                0.00015881660874583758,
                4.3161289340787334e-05
            ],
            "output_layer": 0.011953113600611687
        },
        {
            "hidden_layers": [
                0.008105861023068428,
                0.0008806590922176838,
                0.0003790234695770778,
                0.00016488114852108993,
                4.4206502479937626e-05
            ],
            "output_layer": 0.009424245916306973
        },
        {
            "hidden_layers": [
                0.00600049551576376,
                0.0007702119910391048,
                0.0003532998016453348,
                0.00015624758816557005,
                4.171536193098291e-05
            ],
            "output_layer": 0.01018928736448288
        },
        {
            "hidden_layers": [
                0.0061158230528235435,
                0.0007750430231681094,
                0.0003621550786192529,
                0.00015356215226347558,
                3.9075528093235334e-05
            ],
            "output_layer": 0.004971164744347334
        },
        {
            "hidden_layers": [
                0.0075989896431565285,
                0.0007321122247958556,
                0.0003596150054363534,
                0.00015598862228216603,
                3.876306436723098e-05
            ],