{
    "train_losses": [
        1.5233633239724365,
        1.164102765909287,
        1.0217993823211753,
        0.9232113135506289,
        0.8474643962335722,
        0.7851175496041604,
        0.7291623471129657,
        0.6816388321907769,
        0.636532905519518,
        0.5962681516453071,
        0.5638829652230627,
        0.5284683968436686,
        0.4932093058216606,
        0.4662916357615737,
        0.4440694952282806,
        0.41813230951796926,
        0.38441017359240426,
        0.3668007013464923,
        0.34810206659159426,
        0.3213385623744408,
        0.30247759577046085,
        0.2889289822843338,
        0.27493667390271787,
        0.25623926817521747,
        0.24358457280190254,
        0.22952133245193046,
        0.2203625030921736,
        0.21228569709932044,
        0.19967825313833704,
        0.18712156718103293,
        0.1718643971233286,
        0.17448794865115758,
        0.1634284570133925,
        0.16136564285709315,
        0.1569627180079959,
        0.14486120872602848,
        0.14036256908585043,
        0.14021249475260064,
        0.13216427714693932,
        0.1297470154373395
    ],
    "valid_losses": [
        1.2058198243379592,
        1.0564285889267924,
        0.9279164344072343,
        0.8635635524988173,
        0.7712704956531524,
        0.7201630383729934,
        0.7087804317474365,
        0.6094200260937214,
        0.5774132199585437,
        0.538166794925928,
        0.5267416678369046,
        0.48481115847825995,
        0.4480775885283947,
        0.447858715057373,
        0.4060660485178233,
        0.3403956167399884,
        0.3812069207429886,
        0.32633242383599276,
        0.31023849807679654,
        0.30762466788291937,
        0.2797389704734087,
        0.28549288362264635,
        0.23889588713645935,
        0.24466867335140705,
        0.2428067419445143,
        0.22886565951630475,
        0.21562905441969632,
        0.21154107293114066,
        0.20498143667355173,
        0.20369601491838701,
        0.17461093030869967,
        0.1851959175430238,
        0.19158371349330988,
        0.19608527619857338,
        0.19168278351426127,
        0.16994929832872005,
        0.18679670693818481,
        0.17186540975817483,
        0.16026009875349695,
        0.17833728902041912
    ],
    "train_accs": [
        0.4505208333333335,
        0.5834001068376062,
        0.6353944088319082,
        0.6738559472934476,
        0.7019230769230757,
        0.7234241452991447,
        0.7422765313390307,
        0.7605502136752132,
        0.7753739316239313,
        0.7878160612535607,
        0.8009036680911679,
        0.8136574074074066,
        0.824675035612534,
        0.8371171652421636,
        0.8429709757834746,
        0.8524082977207972,
        0.8644720441595449,
        0.8699474715099722,
        0.8766470797720805,
        0.8874643874643885,
        0.8928952991452999,
        0.8964342948717954,
        0.9022881054131059,
        0.9085202991452992,
        0.9132389601139587,
        0.9179576210826205,
        0.9234998219373205,
        0.9244123931623908,
        0.9308894230769211,
        0.9330261752136737,
        0.9388577279202275,
        0.9379896723646716,
        0.9422409188034183,
        0.9427305911680908,
        0.9447337962962966,
        0.948183760683761,
        0.9500311609686615,
        0.950008903133904,
        0.9540153133903145,
        0.954905626780629
    ],
    "valid_accs": [
        0.57109375,
        0.622265625,
        0.6773437499999999,
        0.6935546874999999,
        0.7388671875000002,
        0.7513671875000001,
        0.7468750000000005,
        0.7945312500000001,
        0.8015625000000002,
        0.8117187500000002,
        0.8162109375000001,
        0.832421875,
        0.8431640625,
        0.8435546875,
        0.8625000000000002,
        0.8839843750000002,
        0.8714843749999999,
        0.8919921875000002,
        0.8912109374999999,
        0.8958984375000002,
        0.9035156249999999,
        0.9009765625000001,
        0.9189453124999998,
        0.9207031250000001,
        0.9242187499999999,
        0.928125,
        0.931640625,
        0.930078125,
        0.9345703125000001,
        0.9361328125000004,
        0.9414062500000001,
        0.9425781249999999,
        0.9388671875000001,
        0.9388671875,
        0.9419921875,
        0.9484374999999999,
        0.9462890625000001,
        0.9525390625000001,
        0.9517578124999999,
        0.9478515625
    ],
    "test_loss": 0.9406090944628173,
    "test_acc": 0.7672072784810126,
    "gradient_flows": [
        {
            "hidden_layers": [
                0.0027153536211699247,
                0.002041743544396013,
                0.0012232298031449318,
                0.0010790969536174089,
                0.0007387840450974181
            ],
            "output_layer": 0.00606149947270751
        },
        {
            "hidden_layers": [
                0.0022099546622484922,
                0.0022802127641625702,
                0.0014659139997093007,
                0.0012382080021779984,
                0.0009279729129048064
            ],
            "output_layer": 0.007214641664177179
        },
        {
            "hidden_layers": [
                0.0014334608567878604,
                0.0017415627953596413,
                0.0010453644281369634,
                0.0009115668799495324,
                0.0006218860362423584
            ],
            "output_layer": 0.006246447097510099
        },
        {
            "hidden_layers": [
                0.002514697378501296,
                0.00227613550669048,
                0.0012795690563507378,
                0.0010703812586143613,
                0.0006715779527439736
            ],
            "output_layer": 0.00641430402174592
        },
        {
            "hidden_layers": [
                0.0025162757374346256,
                0.0022353427193593234,
                0.0014198677818058059,
                0.00127661745500518,
                0.0007474169906345196
            ],
            "output_layer": 0.0064007737673819065
        },
        {
            "hidden_layers": [
                0.002530652331188321,
                0.002204964548582211,
                0.0014741682243766263,
                0.0011858418583869934,
                0.000729659412172623
            ],
            "output_layer": 0.007605250459164381
        },
        {
            "hidden_layers": [
                0.003045153571292758,
                0.002317844395292923,
                0.0014062101836316288,
                0.0012248238344909623,
                0.0007857366508687846
            ],
            "output_layer": 0.006919169332832098
        },
        {
            "hidden_layers": [
                0.002419624011963606,
                0.0021392287308117375,
                0.0013912768481532112,
                0.0011598195851547644,
                0.0006630427196796518
            ],
            "output_layer": 0.006829458754509687
        },
        {
            "hidden_layers": [
                0.0021018031984567642,
                0.0017178377602249384,
                0.0012206654864712618,
                0.0010134286567335948,
                0.0006536543260153849
            ],
            "output_layer": 0.005564683582633734
        },
        {
            "hidden_layers": [
                0.0026042191311717033,
                0.0022062240313971415,
                0.0014703370397910476,
                0.0011744450021069497,
                0.0007252878931467421
            ],
            "output_layer": 0.0074994214810431
        },
        {
            "hidden_layers": [
                0.0030538185965269804,
                0.002015610589296557,
                0.001469817740144208,
                0.001241183519596234,
                0.0006880475921207108
            ],