{
    "train_losses": [
        1.5081678594958752,
        1.142459340075142,
        0.9886453499821173,
        0.9010708926410076,
        0.8282564742612701,
        0.7644837087715449,
        0.7075024350755912,
        0.6612878423980161,
        0.6121692342466105,
        0.5703325440571179,
        0.5245722871899945,
        0.47885352203309345,
        0.4369080530697125,
        0.39745847868104256,
        0.3620679971159693,
        0.3226873361402089,
        0.29049950067558844,
        0.2610814229842604,
        0.23746471478473788,
        0.21137803729273302,
        0.2004522904753682,
        0.18346076917189832,
        0.16792392245682208,
        0.15150542849107,
        0.15315137665580816,
        0.1372980127891159,
        0.12999443718341006,
        0.12636227444068998,
        0.12272368437289512,
        0.1140899389897316,
        0.10745860975331219,
        0.1032756042064425,
        0.10481580309675968,
        0.10321199733158973,
        0.09765478381170672,
        0.08960658455654935,
        0.10018370641751,
        0.08015159771583993,
        0.0832273382560862,
        0.08562098458897523
    ],
    "valid_losses": [
        1.229521995782852,
        1.0117484986782073,
        0.9041656807065007,
        0.8374156162142756,
        0.7922458022832868,
        0.6733416751027105,
        0.6708952829241751,
        0.6048099167644979,
        0.5557928964495659,
        0.4994966872036456,
        0.4644057892262935,
        0.42255043908953666,
        0.358025699108839,
        0.3560714274644851,
        0.31477810628712183,
        0.2945652544498444,
        0.25040689967572693,
        0.26303197443485266,
        0.21742853019386532,
        0.2016757274046541,
        0.22181338667869566,
        0.2558406222611666,
        0.20200993951875715,
        0.19795184026006607,
        0.1872203022008762,
        0.19069212200120095,
        0.2206698382273317,
        0.18107548160478476,
        0.18262785584665828,
        0.1846130218356848,
        0.18416595282033085,
        0.15941070816479622,
        0.18268986232578757,
        0.1673094850033521,
        0.16212082654237744,
        0.16356474794447426,
        0.1535103029804304,
        0.14482744409906442,
        0.1738156285136938,
        0.15336393996403785
    ],
    "train_accs": [
        0.45555110398860404,
        0.5925925925925919,
        0.6515535968660972,
        0.6786191239316234,
        0.7085559116809114,
        0.7303685897435892,
        0.7509348290598288,
        0.7656027421652418,
        0.782808048433048,
        0.7979878917378903,
        0.8122774216524203,
        0.8308181980056961,
        0.8447293447293439,
        0.8579059829059825,
        0.8706819800569798,
        0.8846153846153856,
        0.8961004273504278,
        0.9063167735042736,
        0.9168002136752128,
        0.9251914173789165,
        0.9287749287749268,
        0.9340945512820502,
        0.940349002849002,
        0.9467370014245013,
        0.9460692663817662,
        0.9519898504273512,
        0.9539707977207993,
        0.9556623931623947,
        0.9566639957264976,
        0.9598913817663846,
        0.9618278133903158,
        0.9637865028490057,
        0.9634303774928806,
        0.964253917378921,
        0.9660790598290637,
        0.9680377492877539,
        0.9648771367521404,
        0.9718438390313436,
        0.9719106125356168,
        0.9710870726495776
    ],
    "valid_accs": [
        0.5548828124999998,
        0.6408203124999999,
        0.6826171874999999,
        0.70625,
        0.721484375,
        0.7648437499999996,
        0.76875,
        0.7974609375000002,
        0.8130859374999999,
        0.8287109375000001,
        0.8357421875000001,
        0.8546875,
        0.8792968749999998,
        0.8791015625000002,
        0.8966796875,
        0.9005859375000002,
        0.9205078124999998,
        0.9119140625,
        0.9310546875000003,
        0.936328125,
        0.931640625,
        0.917578125,
        0.940625,
        0.9400390625000001,
        0.9441406249999998,
        0.9462890624999999,
        0.9376953124999999,
        0.9515625000000001,
        0.9484374999999999,
        0.9455078125,
        0.94921875,
        0.9529296875000001,
        0.94609375,
        0.9541015625000001,
        0.9523437499999998,
        0.9541015624999998,
        0.9589843750000001,
        0.9658203124999999,
        0.9572265625,
        0.9619140625000002
    ],
    "test_loss": 1.1836708067338682,
    "test_acc": 0.7460443037974686,
    "gradient_flows": [
        {
            "hidden_layers": [
                0.0015167058445513248,
                0.0020116382438573055,
                0.0009945751007762738,
                0.0010383409171481617,
                0.0008261502152890898
            ],
            "output_layer": 0.005756364669650793
        },
        {
            "hidden_layers": [
                0.002690655644983053,
                0.002646476117661223,
                0.001293454690312501,
                0.0010564531403360888,
                0.0010296361142536625
            ],
            "output_layer": 0.00834666471928358
        },
        {
            "hidden_layers": [
                0.0025354649405926466,
                0.0024176616279873997,
                0.00103241931356024,
                0.0008767380932113156,
                0.0005917276976106223
            ],
            "output_layer": 0.006670681294053793
        },
        {
            "hidden_layers": [
                0.0031404800247401,
                0.002001282700803131,
                0.0010402444095234387,
                0.0008297951353597455,
                0.00059872968995478
            ],
            "output_layer": 0.006805515382438898
        },
        {
            "hidden_layers": [
                0.0024140523746609688,
                0.001965685856703203,
                0.0010426121079945005,
                0.0008754613663768396,
                0.0006090583119657822
            ],
            "output_layer": 0.006947971880435944
        },
        {
            "hidden_layers": [
                0.002649960108101368,
                0.0018611961204442196,
                0.0009844935993896797,
                0.0008249665843322873,
                0.0005474482240970246
            ],
            "output_layer": 0.006906802300363779
        },
        {
            "hidden_layers": [
                0.002793335122987628,
                0.002240116235043388,
                0.0011652241082629189,
                0.0009144251380348578,
                0.0007269589623319916
            ],
            "output_layer": 0.007494026329368353
        },
        {
            "hidden_layers": [
                0.0029936570208519697,
                0.002126651394064538,
                0.0011704714997904375,
                0.0010264506272505969,
                0.000597976591961924
            ],
            "output_layer": 0.007162770722061396
        },
        {
            "hidden_layers": [
                0.0026769903488457203,
                0.0019153933099005371,
                0.001034126806189306,
                0.0009428142730030231,
                0.000627723173238337
            ],
            "output_layer": 0.007630247622728348
        },
        {
            "hidden_layers": [
                0.002240875968709588,
                0.0017420642107026652,
                0.0012091392200090922,
                0.0009304020641138777,
                0.0005367321209632792
            ],
            "output_layer": 0.006134760566055775
        },
        {
            "hidden_layers": [
                0.0030193831771612167,
                0.0023325771471718326,
                0.0012988429371034727,
                0.0010883971699513495,
                0.0007392594634438865
            ],