{
    "train_losses": [
        1.5905676400899205,
        1.2227208549820117,
        1.0673864735157732,
        0.9666668266652317,
        0.8902157884717328,
        0.8265206992116741,
        0.766735258180531,
        0.7205039388433823,
        0.6772086360515693,
        0.6341184559371063,
        0.5930592809137792,
        0.5570060242275229,
        0.519052834507407,
        0.48049135221714995,
        0.4376176885220402,
        0.40160937849273015,
        0.37330128698267473,
        0.3351305720643098,
        0.30597695682802784,
        0.2775401270966925,
        0.25154648761548887,
        0.23542385675713537,
        0.21347804017301317,
        0.19626273278497233,
        0.18441831182550514,
        0.1661225319800215,
        0.16125109476538796,
        0.1488573324476552,
        0.14158539510095905,
        0.12861564300126507
    ],
    "valid_losses": [
        1.3177851021289824,
        1.1008549407124524,
        0.9986699506640434,
        0.878295485675335,
        0.884299747645855,
        0.8059065952897073,
        0.7303752452135085,
        0.66985714584589,
        0.6371884882450103,
        0.5940839111804963,
        0.5329317152500151,
        0.49842396676540374,
        0.47343562170863146,
        0.42904424592852586,
        0.38080763891339303,
        0.36604385077953344,
        0.31134872362017624,
        0.33091099932789786,
        0.30136153846979147,
        0.2770648043602705,
        0.23341478183865552,
        0.23191874455660585,
        0.18710341285914184,
        0.2127491499762982,
        0.17814771058037876,
        0.1939347328618169,
        0.18043229073518888,
        0.16691856291145088,
        0.16237681071506813,
        0.17550440279301258
    ],
    "train_accs": [
        0.4206508190883191,
        0.5614761396011396,
        0.6197471509971508,
        0.6561832264957266,
        0.6860532407407403,
        0.7081330128205128,
        0.7293669871794868,
        0.7461716524216518,
        0.7594373219373214,
        0.7759526353276346,
        0.7892628205128197,
        0.8013488247863242,
        0.8158386752136744,
        0.8295940170940163,
        0.8444845085470081,
        0.8552573005698,
        0.8674991096866097,
        0.880408653846154,
        0.8901353276353281,
        0.9011084401709398,
        0.9102118945868937,
        0.9155315170940165,
        0.9233440170940146,
        0.9312900641025633,
        0.9351851851851841,
        0.9403490028490017,
        0.94284188034188,
        0.9465366809116809,
        0.950587606837608,
        0.9549056267806288
    ],
    "valid_accs": [
        0.522265625,
        0.6099609375000001,
        0.6494140625,
        0.6904296874999999,
        0.691796875,
        0.7195312500000001,
        0.7455078124999999,
        0.7714843750000002,
        0.7787109375,
        0.793359375,
        0.8173828125,
        0.8306640624999999,
        0.8328124999999998,
        0.8439453124999999,
        0.86484375,
        0.869140625,
        0.8884765625000001,
        0.8888671874999999,
        0.8953125000000001,
        0.9050781250000003,
        0.9275390625000001,
        0.9257812500000001,
        0.9408203125,
        0.9273437500000001,
        0.94765625,
        0.9396484374999998,
        0.9447265624999999,
        0.951171875,
        0.9521484375000002,
        0.9505859375000002
    ],
    "test_loss": 0.9694460728500464,
    "test_acc": 0.7641416139240507,
    "gradient_flows": [
        {
            "hidden_layers": [
                0.002243208233267069,
                0.0016352367820218205,
                0.0007183680354501121,
                0.0005644005213980563,
                0.000476161436381517
            ],
            "output_layer": 0.005903267301619053
        },
        {
            "hidden_layers": [
                0.0029972854536026716,
                0.0026917717332253233,
                0.0012156564553151838,
                0.0007969000980665442,
                0.0005510856499313377
            ],
            "output_layer": 0.009844630025327206
        },
        {
            "hidden_layers": [
                0.0024605700746178627,
                0.002026665308221709,
                0.0008568029625166673,
                0.00045721797505393624,
                0.0003423022681090515
            ],
            "output_layer": 0.007420442998409271
        },
        {
            "hidden_layers": [
                0.0031560580246150494,
                0.002154960166080855,
                0.0009694396794657223,
                0.00046087179907772224,
                0.0003376457061676774
            ],
            "output_layer": 0.006953510921448469
        },
        {
            "hidden_layers": [
                0.0029762722551822662,
                0.001940466114319861,
                0.0007424246286973357,
                0.00047129032463999465,
                0.00033211579830094706
            ],
            "output_layer": 0.00759933004155755
        },
        {
            "hidden_layers": [
                0.003700096160173416,
                0.0019209778038202785,
                0.0007845529180485755,
                0.000515848410941544,
                0.0004172354638285469
            ],
            "output_layer": 0.006953679025173187
        },
        {
            "hidden_layers": [
                0.004622035659849644,
                0.0021092562747071497,
                0.0009249568611267023,
                0.000577722614252707,
                0.00041549577326804865
            ],
            "output_layer": 0.008220716379582882
        },
        {
            "hidden_layers": [
                0.0033444594591856003,
                0.0019421661636442877,
                0.0008860292364261113,
                0.0005423412803793326,
                0.00039128761636675335
            ],
            "output_layer": 0.006913586053997278
        },
        {
            "hidden_layers": [
                0.0035292841494083405,
                0.0022053689099266194,
                0.0009764439018908888,
                0.0007157573454605881,
                0.0005953718373348238
            ],
            "output_layer": 0.008079581893980503
        },
        {
            "hidden_layers": [
                0.003054279601201415,
                0.0019784551186603494,
                0.0009230062714777887,
                0.0006396418102667667,
                0.0005102675313537475
            ],
            "output_layer": 0.007422968745231628
        },
        {
            "hidden_layers": [
                0.002206648699939251,
                0.001916940207593143,
                0.000924083695281297,
                0.0006017073974362575,
                0.0003417255047679646
            ],
            "output_layer": 0.0060783992521464825
        },
        {
            "hidden_layers": [
                0.004208900034427643,
                0.002039665218035225,
                0.0010251180065097287,
                0.0006415924872271717,
                0.00034171051083831117
            ],
            "output_layer": 0.008346264250576496
        },
        {
            "hidden_layers": [
                0.004262550733983517,
                0.0020340988485259004,
                0.0010930879216175526,
                0.0006491230851679575,
                0.00040296881707035936
            ],
            "output_layer": 0.007865066640079021
        },
        {
            "hidden_layers": [
                0.0024891162756830454,
                0.0014902589682606049,
                0.0007818616250006016,
                0.0004873998877883423,
                0.0002754856686806306
            ],