{
    "train_losses": [
        1.7541304093140828,
        1.4154394515219575,
        1.2845912540060844,
        1.1877922140634976,
        1.106747044287517,
        1.0417965893392211,
        0.9825912282677446,
        0.9289367168377605,
        0.8816835168759708,
        0.8468793116064158,
        0.8033737054577582,
        0.7686456778110601,
        0.7341868221929606,
        0.7060451553418086,
        0.6718776513878101
    ],
    "valid_losses": [
        1.4855812937021258,
        1.2987895935773852,
        1.2710920989513401,
        1.1268813595175742,
        1.0425194814801217,
        1.003298489749432,
        0.9042711332440381,
        0.8992776691913607,
        0.8593909710645675,
        0.8458194568753241,
        0.744252735376358,
        0.7088563561439514,
        0.685199923813343,
        0.6994976013898849,
        0.6311754040420056
    ],
    "train_accs": [
        0.3588185541310539,
        0.4859775641025639,
        0.5344773860398863,
        0.5724937678062678,
        0.6051014957264954,
        0.6275596509971506,
        0.6505297364672367,
        0.669894052706553,
        0.6869212962962955,
        0.7011663105413098,
        0.7164351851851851,
        0.730368589743589,
        0.7415865384615375,
        0.7533386752136746,
        0.7648904914529909
    ],
    "valid_accs": [
        0.46210937500000004,
        0.5326171875,
        0.5451171875,
        0.5986328125000001,
        0.6298828125000002,
        0.6468750000000001,
        0.6830078124999999,
        0.6849609375,
        0.699609375,
        0.7050781250000003,
        0.7453124999999998,
        0.7564453125,
        0.7562499999999998,
        0.7570312499999998,
        0.7759765624999997
    ],
    "test_loss": 0.7802813845344736,
    "test_acc": 0.7270569620253161
}