{
    "train_losses": [
        1.756805783663039,
        1.4068856904988964,
        1.2718605499321916,
        1.1757394688421512,
        1.0957633647483978,
        1.030076743530752,
        0.9744161693458887,
        0.921383298700012,
        0.8769858501575609,
        0.8374271272254463,
        0.7915634996870654,
        0.7582710675704175,
        0.7280328078487321,
        0.6964232920751273,
        0.6652497830044514,
        0.6399319768801034,
        0.6157672467224956,
        0.5937180221080782,
        0.5679319294599386,
        0.548416818903382,
        0.5297316547982034,
        0.506882162769975,
        0.48746189101469095,
        0.4687427919984203,
        0.44960130144048666,
        0.4387614257909633,
        0.41960100630070074,
        0.4041077647029163,
        0.3902570087345917,
        0.37648309652621914,
        0.3543549617725898,
        0.3432029315039646,
        0.33332492916332684,
        0.31929757813272996,
        0.3092611798873313,
        0.29268355434097115,
        0.2827859369353352,
        0.2682995867100877,
        0.25885860787497605,
        0.2494003403178307
    ],
    "valid_losses": [
        1.48496441245079,
        1.303186333179474,
        1.2599939733743668,
        1.1018990412354468,
        1.0803577050566673,
        0.9931777924299239,
        0.8877365246415136,
        0.9030270844697952,
        0.8311663597822191,
        0.8172039985656736,
        0.7539309620857237,
        0.735368412733078,
        0.6940841853618622,
        0.729141493141651,
        0.6403607971966266,
        0.6263670526444911,
        0.6095725692808628,
        0.5397470109164716,
        0.5321873605251314,
        0.5397524163126945,
        0.4885748349130154,
        0.5177187748253345,
        0.5349873617291451,
        0.42769897878170016,
        0.4169937662780285,
        0.3821133099496363,
        0.3850133936852217,
        0.3720135442912579,
        0.35474627427756783,
        0.33520614020526407,
        0.3125122897326946,
        0.30765505097806456,
        0.30512381568551056,
        0.27181923612952236,
        0.25636678561568255,
        0.29882361665368073,
        0.23860014639794822,
        0.2514870774000883,
        0.24414033051580197,
        0.21367328837513927
    ],
    "train_accs": [
        0.36082175925925897,
        0.4886930199430195,
        0.5403757122507122,
        0.5761217948717945,
        0.6073050213675211,
        0.63301282051282,
        0.6522881054131049,
        0.6738782051282051,
        0.6886128917378914,
        0.7036369301994302,
        0.7204638532763522,
        0.7341079059829054,
        0.745526175213674,
        0.7579905626780624,
        0.7672943376068366,
        0.7762865028490018,
        0.7846554487179481,
        0.7914886039886029,
        0.8012152777777777,
        0.808805199430198,
        0.8150596509971496,
        0.8217592592592582,
        0.8299501424501419,
        0.8362045940170928,
        0.8443064458689452,
        0.8472222222222221,
        0.8548121438746438,
        0.860376602564102,
        0.8648504273504274,
        0.8700587606837612,
        0.8776041666666671,
        0.8821002492877497,
        0.882834757834759,
        0.8885772792022799,
        0.8952768874643872,
        0.8997952279202277,
        0.9025774572649572,
        0.9081864316239306,
        0.9114360754985741,
        0.9136396011396004
    ],
    "valid_accs": [
        0.45957031249999997,
        0.532421875,
        0.5556640625,
        0.6056640625000002,
        0.6154296875,
        0.6500000000000001,
        0.6923828125,
        0.6898437499999999,
        0.7125,
        0.7183593749999999,
        0.7396484375,
        0.7466796875,
        0.762890625,
        0.7529296874999999,
        0.77734375,
        0.7865234375000001,
        0.7841796875,
        0.81484375,
        0.8109375,
        0.816796875,
        0.8287109374999998,
        0.8212890625,
        0.8146484375000002,
        0.85,
        0.8517578124999998,
        0.871484375,
        0.8691406249999999,
        0.8777343749999998,
        0.87890625,
        0.8853515625000001,
        0.892578125,
        0.8953125000000001,
        0.8960937500000001,
        0.9148437500000001,
        0.9220703125,
        0.9000000000000001,
        0.9312500000000001,
        0.923046875,
        0.9193359375000001,
        0.934765625
    ],
    "test_loss": 0.650429587575454,
    "test_acc": 0.7956882911392404,
    "gradient_flows": [
        {
            "hidden_layers": [
                0.01282697357237339,
                0.00708576082251966,
                0.0031541423522867262,
                0.0014289896935224533,
                0.0006775232614018023
            ],
            "output_layer": 0.01356018241494894
        },
        {
            "hidden_layers": [
                0.012625623494386673,
                0.006543557276017964,
                0.0029305345378816128,
                0.0013714757224079221,
                0.0006223957898328081
            ],
            "output_layer": 0.008808234706521034
        },
        {
            "hidden_layers": [
                0.015659261494874954,
                0.006528101279400289,
                0.0029947571456432343,
                0.001457335049053654,
                0.0006760403630323708
            ],
            "output_layer": 0.02103405073285103
        },
        {
            "hidden_layers": [
                0.017409339547157288,
                0.0067697778576985,
                0.0028564244275912642,
                0.0013869796239305288,
                0.0006381529819918796
            ],
            "output_layer": 0.016565648838877678
        },
        {
            "hidden_layers": [
                0.013742742128670216,
                0.006271181860938668,
                0.002968480112031102,
                0.0015020946448203176,
                0.0006599890475627035
            ],
            "output_layer": 0.014788500033318996
        },
        {
            "hidden_layers": [
                0.01689372956752777,
                0.006657385849393904,
                0.0031804846948944032,
                0.0015835062367841601,
                0.0007115354237612337
            ],
            "output_layer": 0.02315552346408367
        },
        {
            "hidden_layers": [
                0.015770573168992996,
                0.005372655461542308,
                0.0024874081718735397,
                0.0013113553286530077,
                0.0005798421188956127
            ],
            "output_layer": 0.013886779546737671
        },
        {
            "hidden_layers": [
                0.01764858514070511,
                0.006375488941557705,
                0.003038858179934323,
                0.0015421948046423495,
                0.0006519276794278994
            ],
            "output_layer": 0.017689479514956474
        },
        {
            "hidden_layers": [
                0.015409858897328377,
                0.00593359291087836,
                0.002853718353435397,
                0.0015289073344320059,
                0.0006509436425403692
            ],
            "output_layer": 0.009741028770804405
        },
        {
            "hidden_layers": [
                0.01620187610387802,
                0.006125860149040818,
                0.002869300893507898,
                0.0016270582855213434,
                0.0007162441543187015
            ],
            "output_layer": 0.012296587228775024
        },
        {
            "hidden_layers": [
                0.016667980700731277,
                0.0055213354062289,
                0.00264407298527658,
                0.0014681694156024605,
                0.0006148167667561211
            ],