{
    "train_losses": [
        1.4903980697322092,
        1.1411998823836986,
        0.9534613004437208,
        0.8298037155740963,
        0.7352330574282896,
        0.6612438358302809,
        0.5928964012029164,
        0.5448969842871371,
        0.4944354952060938,
        0.45478498061158423,
        0.41000720276961633,
        0.37686997087422947,
        0.34431910039352914,
        0.3165198928780024,
        0.2922456445772084
    ],
    "valid_losses": [
        1.228923523426056,
        0.9773138344287873,
        0.9086155697703362,
        0.8362361952662466,
        0.7688726529479027,
        0.6060948066413402,
        0.4871616065502167,
        0.47945346459746363,
        0.44026583880186076,
        0.4384740814566613,
        0.3644142180681228,
        0.3265259727835655,
        0.29459580443799493,
        0.33590679094195364,
        0.27004675902426245
    ],
    "train_accs": [
        0.4621616809116811,
        0.590478098290598,
        0.6606347934472935,
        0.7077323717948716,
        0.738448183760683,
        0.7687188390313384,
        0.7921118233618224,
        0.8082487535612517,
        0.826722756410255,
        0.8391203703703694,
        0.8580840455840457,
        0.8705039173789174,
        0.8801638176638189,
        0.8902911324786329,
        0.8974581552706555
    ],
    "valid_accs": [
        0.562890625,
        0.6544921874999999,
        0.6921875,
        0.7074218750000001,
        0.7394531250000002,
        0.7898437500000002,
        0.8324218750000001,
        0.8363281250000001,
        0.8476562499999999,
        0.84140625,
        0.8716796875000001,
        0.8912109375,
        0.9023437499999999,
        0.8867187500000001,
        0.9044921875
    ],
    "test_loss": 0.6563616530804696,
    "test_acc": 0.7920292721518987
}