{
    "train_losses": [
        1.4900104401797638,
        1.1417326037360735,
        0.9581949012911216,
        0.8351227315063146,
        0.7433927354649603,
        0.6657719066170203,
        0.5991609661157995,
        0.5492310985880356,
        0.4981598010939414,
        0.4593846615393277,
        0.41465021258066137,
        0.3774174922636773,
        0.35150238931009226,
        0.32224975377745796,
        0.2969619444547557,
        0.27024436517064077,
        0.24680941628339972,
        0.2333824182422754,
        0.205250465971792,
        0.19354045123626026,
        0.1836185810233113,
        0.17139374928554235,
        0.15056401365927483,
        0.14727056929655913,
        0.13880202386453952,
        0.13110447485010512,
        0.12508822779072987,
        0.1214677065908059,
        0.11071855838057666,
        0.11234382878553831,
        0.10120109027182617,
        0.09885285683825305,
        0.09784919982431119,
        0.09243242895798466,
        0.08857615464008771,
        0.08576536209898283,
        0.08430418573808134,
        0.0777004323687479,
        0.08080697061754022,
        0.07306619042376761
    ],
    "valid_losses": [
        1.2334600120782855,
        0.972949829697609,
        0.8711090534925462,
        0.8650248467922208,
        0.691759268194437,
        0.6377942450344564,
        0.5032916523516179,
        0.4545896470546723,
        0.4635299079120158,
        0.44986154772341247,
        0.34409774988889685,
        0.35044755339622496,
        0.3007120307534931,
        0.26922513432800765,
        0.261282978951931,
        0.2212721562478691,
        0.27919334694743153,
        0.18790183123201135,
        0.15173902809619907,
        0.14711793065071113,
        0.2086348991841078,
        0.22524825185537337,
        0.19207294490188362,
        0.1307094357907772,
        0.13072959948331114,
        0.16129348538815982,
        0.10503590255975721,
        0.1299759570043534,
        0.1266470910049975,
        0.1240012729540467,
        0.11062541063874959,
        0.1119534113444388,
        0.09934834344312549,
        0.10608084630221126,
        0.09594154758378863,
        0.10617392584681512,
        0.10326852346770465,
        0.10843326014291962,
        0.09058009248110466,
        0.09474646243033931
    ],
    "train_accs": [
        0.4619613603988605,
        0.5907451923076922,
        0.6603231837606839,
        0.7042378917378914,
        0.7361111111111109,
        0.7666488603988608,
        0.789685719373218,
        0.8079594017094011,
        0.8267004985754984,
        0.8390090811965804,
        0.8555911680911681,
        0.8693465099715095,
        0.8772925569800574,
        0.8879763176638187,
        0.8960336538461544,
        0.9059161324786316,
        0.914908297720797,
        0.9187589031339013,
        0.9297097578347555,
        0.9331597222222211,
        0.9364316239316234,
        0.9413728632478633,
        0.9476495726495731,
        0.9487624643874651,
        0.9513221153846162,
        0.9543491809116827,
        0.9569310897435921,
        0.9582443019943042,
        0.9618500712250748,
        0.961560719373223,
        0.9655448717948754,
        0.9666577635327673,
        0.9659455128205165,
        0.9683716168091208,
        0.9689948361823401,
        0.9705528846153894,
        0.9720441595441643,
        0.9732683404558454,
        0.9720886752136796,
        0.9747373575498623
    ],
    "valid_accs": [
        0.5574218750000001,
        0.6503906250000001,
        0.697265625,
        0.7031250000000001,
        0.7564453125000001,
        0.7744140625000004,
        0.8265625000000001,
        0.8404296874999998,
        0.8416015625000002,
        0.8404296875,
        0.8826171875,
        0.8867187500000002,
        0.8929687499999999,
        0.9083984375000002,
        0.9089843750000001,
        0.9246093749999998,
        0.9060546875,
        0.9371093750000001,
        0.9515625000000001,
        0.9533203125,
        0.935546875,
        0.925390625,
        0.9369140625000001,
        0.9591796875000002,
        0.9597656250000002,
        0.946484375,
        0.9673828124999999,
        0.9583984375,
        0.9626953125,
        0.9656249999999998,
        0.9683593749999999,
        0.966796875,
        0.97265625,
        0.9677734375,
        0.9750000000000002,
        0.9703125,
        0.9726562500000001,
        0.966796875,
        0.9749999999999998,
        0.9777343750000002
    ],
    "test_loss": 0.6790314795850197,
    "test_acc": 0.8371242088607596,
    "gradient_flows": [
        {
            "hidden_layers": [
                0.01496274583041668,
                0.0068158351350575686,
                0.0026648472412489355,
                0.0011706491059157997,
                0.00047539921797579154
            ],
            "output_layer": 0.012066748924553394
        },
        {
            "hidden_layers": [
                0.014086825773119926,
                0.006473243003711104,
                0.002527642820496112,
                0.0011222795146750286,
                0.0004410702094901353
            ],
            "output_layer": 0.00905398465692997
        },
        {
            "hidden_layers": [
                0.01649537868797779,
                0.0060168474446982145,
                0.0022700212721247226,
                0.0010518579365452752,
                0.0004147140425629914
            ],
            "output_layer": 0.015445326454937458
        },
        {
            "hidden_layers": [
                0.013924776576459408,
                0.005144408147316426,
                0.0019948177214246243,
                0.0009410966013092548,
                0.0003792191891989205
            ],
            "output_layer": 0.012462376616895199
        },
        {
            "hidden_layers": [
                0.02057529427111149,
                0.006762694916687906,
                0.002427892934065312,
                0.0011566121829673648,
                0.00047131334576988593
            ],
            "output_layer": 0.017151452600955963
        },
        {
            "hidden_layers": [
                0.014046483673155308,
                0.005957842222414911,
                0.0021514736872632056,
                0.0010727933113230392,
                0.0004578048174153082
            ],
            "output_layer": 0.020961875095963478
        },
        {
            "hidden_layers": [
                0.012839855626225471,
                0.00498636846896261,
                0.0018835308437701315,
                0.0009423942683497444,
                0.00039482755164499395
            ],
            "output_layer": 0.011147940531373024
        },
        {
            "hidden_layers": [
                0.016204359009861946,
                0.005269702640362084,
                0.0020680443849414587,
                0.0010690402996260673,
                0.0004564867231238168
            ],
            "output_layer": 0.01635262928903103
        },
        {
            "hidden_layers": [
                0.017578626051545143,
                0.0048648802330717444,
                0.0020640353322960436,
                0.0010872378043131903,
                0.00045180090819485486
            ],
            "output_layer": 0.008503048680722713
        },
        {
            "hidden_layers": [
                0.013650311157107353,
                0.004672497452702373,
                0.0019283438159618527,
                0.0010594859340926632,
                0.00046645811380585656
            ],
            "output_layer": 0.00879511795938015
        },
        {
            "hidden_layers": [
                0.014385062269866467,
                0.0045958582777529955,
                0.0018529145454522222,
                0.0010090599389513955,
                0.00042730589120765217
            ],