{
    "train_losses": [
        2.1849700528332305,
        1.9247101555522699,
        1.7971877433635552,
        1.7108470479986946,
        1.6479860309861667,
        1.6022781174407053,
        1.5617356843758163,
        1.5280313301629826,
        1.4964607318921648,
        1.4758321107962187,
        1.445508069462246,
        1.4245254674188779,
        1.402762919070036,
        1.3826234208212964,
        1.3638294021628181,
        1.3461098137744136,
        1.330987311835982,
        1.3133455613399847,
        1.2973078710061532,
        1.2805189909758385,
        1.267734172337415,
        1.2498797568840183,
        1.23930911596684,
        1.2277270601345944,
        1.2152671076972947,
        1.2024826966119964,
        1.187173378773224,
        1.17547457561194,
        1.1680473425449471,
        1.1575846767153846,
        1.1490873877818772,
        1.13765484773875,
        1.125272778873769,
        1.111559968388658,
        1.1020826592064983,
        1.0952888010573865,
        1.0900281591293133,
        1.0761902218530668,
        1.067816427460423,
        1.0575815578471564
    ],
    "valid_losses": [
        2.020342475175858,
        1.870009082555771,
        1.7672073513269426,
        1.686561042070388,
        1.6267178565263747,
        1.5835883498191832,
        1.5348479479551318,
        1.5071996569633477,
        1.4836362838745119,
        1.4556031733751296,
        1.4299380779266357,
        1.4068761527538298,
        1.3933572262525558,
        1.373153045773506,
        1.3591088205575943,
        1.3444156259298325,
        1.3233711540699002,
        1.3242456763982773,
        1.293625858426094,
        1.281056821346283,
        1.262985071539879,
        1.2578926831483843,
        1.2530219614505773,
        1.239877158403397,
        1.207551693916321,
        1.2027363896369934,
        1.1914697885513303,
        1.178323781490326,
        1.1873330205678942,
        1.1575641974806787,
        1.138087520003319,
        1.1335556000471116,
        1.1193487614393232,
        1.1234552428126336,
        1.1107462391257288,
        1.1125918835401536,
        1.0836748898029327,
        1.0805668860673905,
        1.0735382378101348,
        1.0542488813400268
    ],
    "train_accs": [
        0.20472756410256374,
        0.2969862891737888,
        0.34116809116809094,
        0.37050391737891686,
        0.39371883903133875,
        0.412704772079772,
        0.4283965455840454,
        0.44128383190883164,
        0.45477207977207973,
        0.46398682336182345,
        0.4731347934472937,
        0.4817708333333335,
        0.4905849358974361,
        0.4992877492877499,
        0.5070334757834758,
        0.511373753561254,
        0.5211004273504274,
        0.5267094017094016,
        0.5318732193732196,
        0.5373931623931625,
        0.5448272792022796,
        0.5497462606837611,
        0.5540197649572655,
        0.5600293803418802,
        0.5633012820512826,
        0.5730947293447296,
        0.5726050569800568,
        0.5798165954415956,
        0.5801282051282053,
        0.5877626424501425,
        0.5870281339031338,
        0.5920806623931621,
        0.5972222222222223,
        0.6046563390313393,
        0.6071269586894584,
        0.6090411324786318,
        0.6084846866096858,
        0.6179665242165242,
        0.6181668447293445,
        0.6229300213675211
    ],
    "valid_accs": [
        0.26562499999999994,
        0.31816406249999996,
        0.3546875,
        0.3787109375,
        0.4078125,
        0.4232421875000001,
        0.44238281250000017,
        0.4427734375000001,
        0.45429687500000004,
        0.4652343749999998,
        0.4742187500000001,
        0.4833984375,
        0.4896484374999999,
        0.4916015625,
        0.5015625,
        0.5097656249999999,
        0.5119140625000002,
        0.5162109374999999,
        0.5306640625000001,
        0.5376953125000001,
        0.5468750000000001,
        0.5423828125,
        0.5501953125,
        0.5560546875,
        0.5677734375000001,
        0.571875,
        0.5708984374999999,
        0.582421875,
        0.5791015624999999,
        0.5890624999999998,
        0.6011718750000001,
        0.5970703124999998,
        0.6052734375000001,
        0.6072265625000003,
        0.604296875,
        0.6072265624999998,
        0.6162109375,
        0.6189453124999998,
        0.623046875,
        0.6267578125
    ],
    "test_loss": 1.1114371056798138,
    "test_acc": 0.6026503164556962,
    "gradient_flows": [
        {
            "hidden_layers": [
                0.016744038090109825,
                0.007934973225928843,
                0.0031409221119247377,
                0.0014391951845027506,
                0.0006862249574624002
            ],
            "output_layer": 0.014123099856078625
        },
        {
            "hidden_layers": [
                0.015322908759117126,
                0.00761204503942281,
                0.003116959473118186,
                0.0014435558405239135,
                0.0006820457783760503
            ],
            "output_layer": 0.008051509037613869
        },
        {
            "hidden_layers": [
                0.014346932992339134,
                0.007713111583143473,
                0.003067513811402023,
                0.0014373773883562535,
                0.000684746919432655
            ],
            "output_layer": 0.02093760296702385
        },
        {
            "hidden_layers": [
                0.014964503236114979,
                0.007299424498341978,
                0.003009116160683334,
                0.0014189747453201562,
                0.0007078069902490824
            ],
            "output_layer": 0.018853385001420975
        },
        {
            "hidden_layers": [
                0.014950116164982319,
                0.007534198695793748,
                0.003037370159290731,
                0.0013798232830595225,
                0.0006414087692974135
            ],
            "output_layer": 0.015087167732417583
        },
        {
            "hidden_layers": [
                0.015047040767967701,
                0.0073295863112434745,
                0.003037634596694261,
                0.001457172242226079,
                0.0007266106695169583
            ],
            "output_layer": 0.02422908879816532
        },
        {
            "hidden_layers": [
                0.015317393466830254,
                0.006947979796677828,
                0.0028336679097265005,
                0.0013347333006095141,
                0.0006200579955475405
            ],
            "output_layer": 0.01465365570038557
        },
        {
            "hidden_layers": [
                0.015834864228963852,
                0.006913138437084854,
                0.0027943893801420927,
                0.0013410498795565218,
                0.0006510246603284031
            ],
            "output_layer": 0.020572936162352562
        },
        {
            "hidden_layers": [
                0.013790504075586796,
                0.0072309537790715694,
                0.0030195273575372994,
                0.0013733003288507462,
                0.0006287652358878404
            ],
            "output_layer": 0.010742603801190853
        },
        {
            "hidden_layers": [
                0.0147240050137043,
                0.007124606403522193,
                0.0029833437874913216,
                0.001399151748046279,
                0.0006679404905298725
            ],
            "output_layer": 0.01314574759453535
        },
        {
            "hidden_layers": [
                0.015289920382201672,
                0.006913606426678598,
                0.00283596821827814,
                0.0013275360397528857,
                0.0006098321755416691
            ],