{
    "train_losses": [
        2.1852767650897666,
        1.925737811968877,
        1.798868376305301,
        1.711710170123653,
        1.647862357631368,
        1.6028298289008283,
        1.5610150808622354,
        1.5278946789581214,
        1.4964793329564932,
        1.4744914240307285,
        1.4442905506856758,
        1.4245062268357662,
        1.4039386398771891,
        1.384584657826654,
        1.3650477261964404
    ],
    "valid_losses": [
        2.0188381791114804,
        1.8719735354185105,
        1.7704467564821247,
        1.68825021982193,
        1.6264713317155837,
        1.586467716097832,
        1.53355698287487,
        1.5045153379440306,
        1.4808797150850297,
        1.4586252093315124,
        1.4294262826442716,
        1.4048209041357038,
        1.3933773696422576,
        1.3754913091659546,
        1.3609258085489275
    ],
    "train_accs": [
        0.20454950142450123,
        0.29371438746438727,
        0.34219195156695126,
        0.37054843304843316,
        0.3934294871794866,
        0.41190349002848947,
        0.4292423433048428,
        0.44235220797720765,
        0.4532362891737894,
        0.46494391025641,
        0.4734241452991455,
        0.48384081196581213,
        0.4915420227920229,
        0.5002225783475789,
        0.5074563746438747
    ],
    "valid_accs": [
        0.26484375,
        0.31855468750000004,
        0.3546875000000001,
        0.38007812500000004,
        0.40234375000000006,
        0.41660156249999997,
        0.4343750000000001,
        0.442578125,
        0.44980468749999997,
        0.4619140625000002,
        0.4779296875000001,
        0.4847656250000001,
        0.4919921875000001,
        0.498828125,
        0.5025390625000001
    ],
    "test_loss": 1.377098715758022,
    "test_acc": 0.49367088607594933
}