{
    "train_losses": [
        2.9748832377952716,
        2.807901038063897,
        2.7013316806564953,
        2.6243121352290815,
        2.5681683229245365,
        2.5183152547928676,
        2.482684158531689,
        2.4507200018293154,
        2.4201168029057016,
        2.3976711140059344,
        2.375124627029115,
        2.3582842954543226,
        2.3403311889735354,
        2.323266083019072,
        2.3128035353799157
    ],
    "valid_losses": [
        2.9759846270084385,
        2.818094658851624,
        2.700887721776963,
        2.6256011903285983,
        2.563192754983902,
        2.519405829906464,
        2.479970234632491,
        2.447376894950867,
        2.4190215826034547,
        2.392978286743164,
        2.3717977821826937,
        2.355277991294861,
        2.335786455869675,
        2.322756057977676,
        2.3105087935924526
    ],
    "train_accs": [
        0.0996260683760682,
        0.09944800569800552,
        0.09926994301994273,
        0.0974002849002847,
        0.10227475071225058,
        0.10416666666666656,
        0.10701566951566926,
        0.11195690883190872,
        0.11518429487179463,
        0.1231748575498573,
        0.13038639601139582,
        0.13256766381766358,
        0.14011306980056967,
        0.14465366809116784,
        0.1483262108262106
    ],
    "valid_accs": [
        0.1052734375,
        0.103515625,
        0.10449218750000001,
        0.10214843750000004,
        0.10429687500000002,
        0.11093750000000002,
        0.11445312500000003,
        0.12226562499999999,
        0.12890625,
        0.1369140625,
        0.13710937499999998,
        0.14238281249999998,
        0.1484375,
        0.15449218749999996,
        0.1564453125
    ],
    "test_loss": 2.315989038612269,
    "test_acc": 0.14883306962025308
}