{
    "train_losses": [
        2.9748832343989937,
        2.807900911043173,
        2.7013322926654464,
        2.624313479475145,
        2.568169024595168,
        2.5183160637858246,
        2.4826840002652277,
        2.4507187812077036,
        2.420116252708977,
        2.397668985220103,
        2.3751264847921165,
        2.3582834355172273,
        2.3403312378799135,
        2.323266288833401,
        2.312804503318592,
        2.2994156916256983,
        2.291246650565384,
        2.279722098950987,
        2.2723268396154777,
        2.2690154820086272,
        2.254893330087689,
        2.248757917996488,
        2.245413573039562,
        2.239878231303983,
        2.232205369873266,
        2.2277819410688156,
        2.2225607480758267,
        2.2155013974235955,
        2.2132913740272175,
        2.2076685143332195,
        2.2045647561380317,
        2.2019780035372136,
        2.1939285609796864,
        2.1911186920611603,
        2.187653409110175,
        2.1818904625384548,
        2.1790800943673507,
        2.1770053453255254,
        2.1712015612512587,
        2.168558937871558
    ],
    "valid_losses": [
        2.9759850740432743,
        2.8180960476398464,
        2.7008888840675356,
        2.6256036818027493,
        2.5631909787654883,
        2.5194047868251803,
        2.479965078830718,
        2.447374153137207,
        2.419020968675614,
        2.392979818582535,
        2.371795815229416,
        2.355275374650955,
        2.335787010192871,
        2.3227545261383056,
        2.3105065047740934,
        2.296887964010238,
        2.289046716690063,
        2.278718441724778,
        2.2679992556571964,
        2.260417956113815,
        2.253421914577484,
        2.2473782896995544,
        2.2405292034149173,
        2.235968059301376,
        2.2268888413906094,
        2.221158534288406,
        2.2172383189201357,
        2.213785618543626,
        2.207459050416946,
        2.2037869989871974,
        2.199045616388321,
        2.1947878241539,
        2.1921139478683473,
        2.1866951346397396,
        2.182508724927902,
        2.1806933164596556,
        2.1763154089450842,
        2.1725531220436096,
        2.17165812253952,
        2.164673298597336
    ],
    "train_accs": [
        0.0996260683760682,
        0.09944800569800552,
        0.09926994301994273,
        0.09742254273504254,
        0.1022302350427349,
        0.10418892450142439,
        0.10706018518518493,
        0.11195690883190872,
        0.11516203703703677,
        0.12319711538461513,
        0.13040865384615366,
        0.1325676638176636,
        0.14015758547008533,
        0.14460915242165218,
        0.1483262108262106,
        0.1517316595441593,
        0.15397970085470064,
        0.15985576923076902,
        0.1592770655270652,
        0.1586761039886037,
        0.16771278490028463,
        0.1698940527065524,
        0.17401175213675177,
        0.173321759259259,
        0.17721688034188013,
        0.17710559116809094,
        0.18108974358974345,
        0.18511841168091145,
        0.18440616096866053,
        0.18712161680911663,
        0.18861289173789145,
        0.1880341880341878,
        0.1947337962962959,
        0.19571314102564075,
        0.19613603988603934,
        0.20170049857549827,
        0.2008547008547006,
        0.19945245726495717,
        0.2025685541310538,
        0.20403757122507074
    ],
    "valid_accs": [
        0.1052734375,
        0.103515625,
        0.10449218750000001,
        0.10214843750000004,
        0.10429687500000002,
        0.11093750000000002,
        0.11445312500000003,
        0.12226562499999999,
        0.1291015625,
        0.1369140625,
        0.13730468749999997,
        0.14238281249999998,
        0.1486328125,
        0.15449218749999996,
        0.15625,
        0.15820312500000003,
        0.16113281250000006,
        0.16621093750000002,
        0.16757812499999997,
        0.17148437500000002,
        0.17050781250000002,
        0.17480468749999997,
        0.17578124999999994,
        0.17753906249999996,
        0.178125,
        0.18378906250000002,
        0.1841796875,
        0.18515624999999994,
        0.18828125,
        0.19082031249999995,
        0.19296875000000002,
        0.19589843749999997,
        0.19746093749999996,
        0.19628906249999997,
        0.20214843749999997,
        0.202734375,
        0.20156250000000003,
        0.20703125,
        0.2076171875,
        0.211328125
    ],
    "test_loss": 2.1657924712458754,
    "test_acc": 0.20510284810126575,
    "gradient_flows": [
        {
            "hidden_layers": [
                0.02115684375166893,
                0.009511629003100097,
                0.00354942143894732,
                0.0016298059781547636,
                0.0008165363979060203
            ],
            "output_layer": 0.06292586773633957
        },
        {
            "hidden_layers": [
                0.019465941935777664,
                0.008858046145178378,
                0.0035501791862770915,
                0.0016302965814247727,
                0.0008282954950118437
            ],
            "output_layer": 0.05234037712216377
        },
        {
            "hidden_layers": [
                0.01663099229335785,
                0.009006471489556134,
                0.0035307538928464055,
                0.0016425714420620352,
                0.0008298127650050446
            ],
            "output_layer": 0.06914589554071426
        },
        {
            "hidden_layers": [
                0.016351863741874695,
                0.009169010794721544,
                0.00349914951948449,
                0.0016096312028821558,
                0.0007662099524168298
            ],
            "output_layer": 0.04388097673654556
        },
        {
            "hidden_layers": [
                0.018340976908802986,
                0.009080599062144756,
                0.003453720884863287,
                0.0016020007606130093,
                0.0007876806193962693
            ],
            "output_layer": 0.036679066717624664
        },
        {
            "hidden_layers": [
                0.019275987520813942,
                0.008482118370011449,
                0.003432447847444564,
                0.0015937737189233303,
                0.0008268507808679715
            ],
            "output_layer": 0.03339472413063049
        },
        {
            "hidden_layers": [
                0.01817696914076805,
                0.00896249816287309,
                0.0034362670849077404,
                0.0015826609742362052,
                0.0007795745914336294
            ],
            "output_layer": 0.03244375064969063
        },
        {
            "hidden_layers": [
                0.017758356407284737,
                0.008630353957414627,
                0.0034120394266210496,
                0.0015702905075158924,
                0.0007836204167688265
            ],
            "output_layer": 0.035924848169088364
        },
        {
            "hidden_layers": [
                0.020702145993709564,
                0.008726780535653234,
                0.003414496313780546,
                0.0015670322754886001,
                0.0007526506524300203
            ],
            "output_layer": 0.03162228688597679
        },
        {
            "hidden_layers": [
                0.020636161789298058,
                0.008652464020997286,
                0.003409104479942471,
                0.0015793803904671222,
                0.0007753145619062707
            ],
            "output_layer": 0.03561333566904068
        },
        {
            "hidden_layers": [
                0.019405992701649666,
                0.009322313941083848,
                0.0034355095704086125,
                0.0015816838422324508,
                0.0007709273195359856
            ],