{
    "train_losses": [
        2.5935792291266275,
        2.312524618246618,
        2.232268953595067,
        2.1859090606711162,
        2.152383813830864,
        2.11972346400943,
        2.093424732528861,
        2.0674123512713662,
        2.0402571774615863,
        2.019466133538814,
        1.99747620450805,
        1.9772787291100218,
        1.959154327031213,
        1.940209942325909,
        1.9246195901153424
    ],
    "valid_losses": [
        2.397442370653152,
        2.262456470727921,
        2.2050633072853087,
        2.167464917898178,
        2.1332853972911843,
        2.1087820410728457,
        2.0825330942869185,
        2.0639103591442107,
        2.0362399071454997,
        2.0170778334140773,
        1.9964738667011261,
        1.9822179853916162,
        1.9638532757759095,
        1.9500992685556413,
        1.934573844075203
    ],
    "train_accs": [
        0.10485665954415928,
        0.15028490028490002,
        0.1763265669515665,
        0.19555733618233587,
        0.2107816951566948,
        0.22475961538461503,
        0.23473112535612498,
        0.24414618945868913,
        0.25454059829059783,
        0.2643340455840452,
        0.2684740028490026,
        0.27915776353276345,
        0.28648059116809077,
        0.294537927350427,
        0.2984107905982905
    ],
    "valid_accs": [
        0.13359374999999998,
        0.16777343749999998,
        0.19003906250000002,
        0.21015625000000004,
        0.22832031249999998,
        0.23320312499999993,
        0.24433593750000004,
        0.24589843749999998,
        0.2613281250000001,
        0.27148437499999994,
        0.27402343749999997,
        0.2798828125,
        0.2859375,
        0.29394531250000006,
        0.2951171875000001
    ],
    "test_loss": 1.917918523655662,
    "test_acc": 0.3002373417721519
}