{
    "train_losses": [
        2.593582562231951,
        2.3124992983293673,
        2.2321979299909396,
        2.1857018239817383,
        2.1522041399594385,
        2.1196021734819106,
        2.093237608925909,
        2.0672685756982236,
        2.040157940652635,
        2.019425344263385,
        1.9971930902568025,
        1.9771073934359418,
        1.9591575697955923,
        1.940098892249951,
        1.9245237407521305,
        1.9079925406013116,
        1.897823341551669,
        1.8802150919226828,
        1.8680171243145953,
        1.8556952045174404,
        1.8418597390509064,
        1.8285309208763962,
        1.818196531374569,
        1.809844473148683,
        1.7974246784492764,
        1.784822772710752,
        1.7779148049504006,
        1.7662155563675104,
        1.7613871114546074,
        1.7503401458772838,
        1.7421140935685895,
        1.7340863019312884,
        1.7249162601269885,
        1.7161292153545926,
        1.709250081977953,
        1.70011346530371,
        1.6972857187276558,
        1.6890365279298223,
        1.679175267192373,
        1.6748772044467113
    ],
    "valid_losses": [
        2.3974234700202945,
        2.262293958663941,
        2.2049221456050874,
        2.1673340857028953,
        2.1331720471382134,
        2.1087453484535215,
        2.082659670710564,
        2.0640572935342782,
        2.0365707844495775,
        2.017392435669899,
        1.996880453824997,
        1.9827071040868758,
        1.964197328686714,
        1.950343328714371,
        1.9352507323026653,
        1.9171162605285637,
        1.9077647954225543,
        1.8931963533163065,
        1.8798268139362333,
        1.8652767539024355,
        1.856020560860633,
        1.8456239432096482,
        1.8323409199714662,
        1.82425679564476,
        1.8087175935506823,
        1.797743347287178,
        1.7922389268875125,
        1.7840276122093202,
        1.7716793656349183,
        1.763127493858337,
        1.7547484844923018,
        1.741303396224976,
        1.7352179497480396,
        1.7275425702333451,
        1.7189415633678435,
        1.7145172178745272,
        1.7072454661130905,
        1.6924758374691007,
        1.6891224980354307,
        1.683377912640572
    ],
    "train_accs": [
        0.10478988603988582,
        0.15052973646723614,
        0.17630430911680872,
        0.19544604700854643,
        0.2107816951566949,
        0.22475961538461509,
        0.23562143874643834,
        0.24436876780626723,
        0.2544293091168088,
        0.26366631054131007,
        0.2683849715099711,
        0.2792690527065526,
        0.2861467236467233,
        0.2940259971509967,
        0.29918981481481466,
        0.30281784188034155,
        0.3066684472934474,
        0.31586093304843293,
        0.31510416666666674,
        0.32209312678062674,
        0.32589921652421633,
        0.3297275641025637,
        0.33506944444444425,
        0.3368945868945865,
        0.34163550569800527,
        0.34857995014245013,
        0.3484018874643869,
        0.35367699430199395,
        0.35372150997150986,
        0.3596643518518515,
        0.3625133547008545,
        0.3631810897435896,
        0.3667646011396009,
        0.36921296296296285,
        0.373887108262108,
        0.37758190883190845,
        0.37831641737891747,
        0.38127670940170905,
        0.3828347578347579,
        0.3834357193732191
    ],
    "valid_accs": [
        0.13320312499999998,
        0.167578125,
        0.1919921875,
        0.2080078125,
        0.22871093750000002,
        0.23417968749999998,
        0.24414062499999997,
        0.24648437500000003,
        0.2595703125,
        0.26953125,
        0.27441406249999994,
        0.2810546874999999,
        0.2888671875,
        0.293359375,
        0.29433593750000003,
        0.3001953125,
        0.30175781249999994,
        0.3082031249999999,
        0.31152343750000006,
        0.31875,
        0.32421874999999994,
        0.32910156250000006,
        0.3304687500000001,
        0.3353515624999999,
        0.34160156250000007,
        0.34492187500000004,
        0.3451171875,
        0.34667968750000006,
        0.34980468750000004,
        0.35546875000000006,
        0.3587890624999999,
        0.36093749999999997,
        0.3640625,
        0.3685546875,
        0.36972656249999997,
        0.37343750000000003,
        0.3759765624999999,
        0.3820312500000001,
        0.385546875,
        0.38359375000000007
    ],
    "test_loss": 1.6726413467262369,
    "test_acc": 0.3846914556962025,
    "gradient_flows": [
        {
            "hidden_layers": [
                0.02092437632381916,
                0.008872024365700781,
                0.003366490185726434,
                0.0015476028493139893,
                0.000763000309234485
            ],
            "output_layer": 0.0314360111951828
        },
        {
            "hidden_layers": [
                0.02090040035545826,
                0.008752238703891635,
                0.0033843601122498512,
                0.0015385915467049927,
                0.0007547468267148361
            ],
            "output_layer": 0.013214833103120327
        },
        {
            "hidden_layers": [
                0.017746970057487488,
                0.009099007584154606,
                0.0034203589311800897,
                0.0015586281951982528,
                0.0007586626597912982
            ],
            "output_layer": 0.026744050905108452
        },
        {
            "hidden_layers": [
                0.018429743126034737,
                0.008862006128765643,
                0.0033761952072381973,
                0.001545457897009328,
                0.0007420235051540658
            ],
            "output_layer": 0.019925838336348534
        },
        {
            "hidden_layers": [
                0.019007911905646324,
                0.008357675862498581,
                0.0032736455905251205,
                0.0014843942190054804,
                0.0007016757735982537
            ],
            "output_layer": 0.013505332171916962
        },
        {
            "hidden_layers": [
                0.014157474972307682,
                0.008194669615477324,
                0.0032341471523977816,
                0.0014843998942524195,
                0.0007401766633847728
            ],
            "output_layer": 0.02330469898879528
        },
        {
            "hidden_layers": [
                0.016665179282426834,
                0.00814052193891257,
                0.003198004444129765,
                0.0014787784311920404,
                0.0007178515224950388
            ],
            "output_layer": 0.013268006034195423
        },
        {
            "hidden_layers": [
                0.017169896513223648,
                0.008030407829210162,
                0.0031027813092805445,
                0.001448958326363936,
                0.0007063662342261523
            ],
            "output_layer": 0.023572279140353203
        },
        {
            "hidden_layers": [
                0.018499497324228287,
                0.008586308802478015,
                0.0031915554427541792,
                0.0014601271541323513,
                0.0006970195099711418
            ],
            "output_layer": 0.014784607104957104
        },
        {
            "hidden_layers": [
                0.017140084877610207,
                0.00808194896671921,
                0.0031905234791338444,
                0.0014736167795490474,
                0.0007155268976930529
            ],
            "output_layer": 0.01565847359597683
        },
        {
            "hidden_layers": [
                0.018700076267123222,
                0.008420236990787089,
                0.0032213463564403355,
                0.0015051131485961378,
                0.0007294218521565199
            ],