{
    "train_losses": [
        2.5370863224366453,
        1.877887471788627,
        1.6887799970105168,
        1.5373798758216066,
        1.4293605585043916,
        1.3491898024523692,
        1.279409120225499,
        1.2404797374353127,
        1.1855045514568652,
        1.1615391190235431,
        1.1278178423558212,
        1.0924312329699846,
        1.0752618842654753,
        1.0541919145489018,
        1.0348172539319749
    ],
    "valid_losses": [
        1.9860811740159992,
        1.7912412375211715,
        1.5891946166753768,
        1.4336985439062118,
        1.3515674203634263,
        1.290531325340271,
        1.2860079407691953,
        1.1923919305205346,
        1.1332894295454028,
        1.104048675298691,
        1.1205304935574534,
        1.0832234516739845,
        1.0541432425379753,
        1.023659327626228,
        1.076278032362461
    ],
    "train_accs": [
        0.1811120014245012,
        0.3040197649572647,
        0.38463764245014237,
        0.4394809472934472,
        0.48577724358974317,
        0.5146011396011395,
        0.5400863603988602,
        0.5571581196581198,
        0.5744747150997144,
        0.5832888176638178,
        0.5989805911680908,
        0.611444978632479,
        0.6171652421652424,
        0.6258235398860389,
        0.6345486111111108
    ],
    "valid_accs": [
        0.2546875,
        0.35605468749999997,
        0.4248046875,
        0.4826171875,
        0.5166015625,
        0.52890625,
        0.5501953125,
        0.5666015625,
        0.5923828124999999,
        0.6138671875,
        0.6027343749999998,
        0.6103515624999999,
        0.63046875,
        0.6429687499999999,
        0.6255859375000001
    ],
    "test_loss": 1.12447549421576,
    "test_acc": 0.6029469936708861
}