{
    "train_losses": [
        1.666834715085152,
        1.2228539127569926,
        1.070286434939784,
        0.9520546146947102,
        0.872221550710521,
        0.8067713286462324,
        0.7528545082124886,
        0.692740087071036,
        0.6400201780843593,
        0.590514740118614,
        0.5384089266642546,
        0.4901883228551967,
        0.44174243938549307,
        0.39267655039614796,
        0.34476417837998835
    ],
    "valid_losses": [
        1.2776626914739613,
        1.1199864551424978,
        0.9841524720191954,
        0.8665183693170548,
        0.8257589757442475,
        0.7743147999048234,
        0.6505803763866423,
        0.6345646597445009,
        0.5547911919653417,
        0.5245672039687633,
        0.4345420852303505,
        0.3858001366257668,
        0.38555914387106893,
        0.35590495690703383,
        0.27585192732512953
    ],
    "train_accs": [
        0.41664440883190884,
        0.5620325854700856,
        0.6207264957264951,
        0.6653311965811959,
        0.6922854344729346,
        0.7144987535612527,
        0.7353988603988599,
        0.7546296296296293,
        0.7721020299145289,
        0.7911324786324782,
        0.8101629273504265,
        0.8270566239316232,
        0.8433048433048427,
        0.8599982193732193,
        0.8762019230769237
    ],
    "valid_accs": [
        0.5429687499999999,
        0.603125,
        0.6572265625000002,
        0.6910156250000001,
        0.7146484375,
        0.7263671875,
        0.7763671875,
        0.7816406250000001,
        0.8078124999999999,
        0.8232421875,
        0.8482421875000002,
        0.8669921874999998,
        0.8693359374999998,
        0.8783203125,
        0.9107421874999999
    ],
    "test_loss": 0.8048040851762023,
    "test_acc": 0.7512856012658229
}