{
    "train_losses": [
        1.6668341631902919,
        1.2228674591436686,
        1.070263744079829,
        0.9524527061359155,
        0.8720953566396341,
        0.8064128476330358,
        0.7529602600977962,
        0.6943459745146275,
        0.6397209336445202,
        0.5910455993777328,
        0.5398006333075356,
        0.48921889440286515,
        0.4425124211868329,
        0.3939304938088791,
        0.3438320788223177,
        0.2948179692879022,
        0.25819874586712593,
        0.22680255312186023,
        0.19969671115576376,
        0.18089018863999953,
        0.16167106053810523,
        0.14736986024427282,
        0.1372900435918586,
        0.12379041289714324,
        0.12345604152760949,
        0.1125977483400252,
        0.10284336732217556,
        0.09851664618888804,
        0.09789501997692628,
        0.09117109617722506,
        0.09381527888808829,
        0.08190884050565567,
        0.08230232191338409,
        0.08270704002514942,
        0.07181146782836179,
        0.07056002307715067,
        0.0761745371815996,
        0.07015763009046641,
        0.06418481632600143,
        0.06360566244590656
    ],
    "valid_losses": [
        1.2776473820209504,
        1.1197777599096301,
        0.9846228390932084,
        0.8754614055156705,
        0.8285929471254347,
        0.7680540546774863,
        0.6496904328465462,
        0.6359461516141892,
        0.5584473192691803,
        0.525562597811222,
        0.43870552927255624,
        0.3951582565903665,
        0.38275837153196335,
        0.3590345010161401,
        0.287290408089757,
        0.26356775313615805,
        0.24677715413272375,
        0.22014437224715955,
        0.26078746132552627,
        0.19481232976540924,
        0.20034723463468254,
        0.18344176353421063,
        0.1855675074562896,
        0.18042076919227837,
        0.15660632329527294,
        0.1800070073455572,
        0.16056040500989185,
        0.17366809309460227,
        0.17015949481319695,
        0.14221373093314468,
        0.1604819988831878,
        0.14785796673968438,
        0.12600719809997826,
        0.125014032155741,
        0.15066657951392698,
        0.1299891885661054,
        0.12644205530705221,
        0.12964144131728975,
        0.12563919429667295,
        0.13382078661816194
    ],
    "train_accs": [
        0.41662215099715105,
        0.5621883903133904,
        0.620926816239316,
        0.6638844373219365,
        0.6925302706552702,
        0.7154558404558395,
        0.7352430555555542,
        0.7543180199430195,
        0.7727475071225066,
        0.7910434472934469,
        0.8090722934472917,
        0.827101139601139,
        0.8417690527065526,
        0.8597088675213669,
        0.8771590099715108,
        0.8959668803418805,
        0.9076745014245011,
        0.9202724358974341,
        0.9293536324786313,
        0.9354077635327626,
        0.9436431623931624,
        0.9488292378917381,
        0.9523682336182343,
        0.9574652777777798,
        0.9573985042735061,
        0.9595129985755011,
        0.9645210113960143,
        0.96518874643875,
        0.9659009971510012,
        0.9677483974359014,
        0.9673032407407448,
        0.9715544871794918,
        0.9706641737891778,
        0.9714877136752181,
        0.9749154202279255,
        0.9756944444444497,
        0.9735799501424549,
        0.9758279914529965,
        0.9779424857549909,
        0.9779870014245069
    ],
    "valid_accs": [
        0.5429687499999999,
        0.6033203125,
        0.6572265625000001,
        0.6878906250000001,
        0.7134765625,
        0.7279296874999998,
        0.7775390624999998,
        0.7781250000000001,
        0.8068359375000002,
        0.8150390625,
        0.8410156249999999,
        0.8662109375,
        0.8712890624999997,
        0.8761718749999999,
        0.9033203125000001,
        0.9093749999999999,
        0.9126953124999998,
        0.9283203124999999,
        0.9128906249999998,
        0.9373046875000002,
        0.9412109375,
        0.9423828125000001,
        0.94375,
        0.9427734375000001,
        0.9550781250000001,
        0.9455078125,
        0.9552734375,
        0.9513671874999999,
        0.9492187499999999,
        0.9619140624999999,
        0.9582031249999998,
        0.9589843749999999,
        0.9640624999999999,
        0.96640625,
        0.9603515625,
        0.9650390624999999,
        0.9683593749999997,
        0.9673828124999999,
        0.967578125,
        0.9650390624999999
    ],
    "test_loss": 1.2454424085496347,
    "test_acc": 0.7462420886075953,
    "gradient_flows": [
        {
            "hidden_layers": [
                0.0005975005915388465,
                0.0012244352910784073,
                0.0004365522581792902,
                0.00041540241545590106,
                0.0005177296752663096
            ],
            "output_layer": 0.0039568678475916386
        },
        {
            "hidden_layers": [
                0.0008185996557585895,
                0.0014029563280928414,
                0.00041470541873422917,
                0.00045502479770220816,
                0.00045492480785469525
            ],
            "output_layer": 0.005583814810961485
        },
        {
            "hidden_layers": [
                0.0011061844415962696,
                0.0017316377525276039,
                0.00045898610551375896,
                0.0004561575533443829,
                0.00041698068343976047
            ],
            "output_layer": 0.005374377127736807
        },
        {
            "hidden_layers": [
                0.0013132247840985656,
                0.0017313964908680646,
                0.00044886162504553795,
                0.00047183486094581895,
                0.00047341343451989815
            ],
            "output_layer": 0.006424685474485159
        },
        {
            "hidden_layers": [
                0.0012186761014163494,
                0.0013839272833138239,
                0.0004085308264620835,
                0.00038500106711580884,
                0.00035935664345743135
            ],
            "output_layer": 0.005943567957729101
        },
        {
            "hidden_layers": [
                0.0011764224618673325,
                0.0015475529107789043,
                0.00034292376585653983,
                0.000372779781173449,
                0.0003025478818017291
            ],
            "output_layer": 0.005430254619568586
        },
        {
            "hidden_layers": [
                0.001048461301252246,
                0.001333668538791244,
                0.0003668301542347763,
                0.0003614512133935932,
                0.0003068183750656317
            ],
            "output_layer": 0.005501338746398687
        },
        {
            "hidden_layers": [
                0.0014311743434518576,
                0.001498738611189765,
                0.0004509539794526063,
                0.0003852569916489301,
                0.0002900274466810515
            ],
            "output_layer": 0.005826218519359827
        },
        {
            "hidden_layers": [
                0.0014108465984463692,
                0.001327132933511166,
                0.00041213727854483295,
                0.0003888457067660056,
                0.00028354941423458513
            ],
            "output_layer": 0.0060342117212712765
        },
        {
            "hidden_layers": [
                0.0011244071647524834,
                0.001148372606621706,
                0.00035122493864037097,
                0.00034521437737566885,
                0.00029665986949112266
            ],