{
    "train_losses": [
        2.183854799664598,
        1.9238215766401379,
        1.7966992742994916,
        1.7102926837073433,
        1.648628670605499,
        1.6019567509322423,
        1.5621671663050634,
        1.528667736936499,
        1.496033304097645,
        1.4750735803886692,
        1.446133117050868,
        1.4242181231153654,
        1.4042965234854277,
        1.3833582584674535,
        1.3647247987595037,
        1.346194846338016,
        1.3309528348792319,
        1.3138513344305531,
        1.298357078832099,
        1.2812250930699187,
        1.2670483609550012,
        1.252239005857723,
        1.238248259593278,
        1.2291118181668796,
        1.2144597109906017,
        1.2028179173795575,
        1.1877908769496142,
        1.1759811595634178,
        1.1670002672407365,
        1.157921152406948,
        1.1482690229714774,
        1.1380948032069413,
        1.1255635405198128,
        1.1107330125281603,
        1.101189797590261,
        1.0942756569283647,
        1.088869916237997,
        1.0776479750277306,
        1.0670143493220334,
        1.0572531421979268
    ],
    "valid_losses": [
        2.0186526030302048,
        1.8686873704195024,
        1.764118707180023,
        1.684681868553162,
        1.6210656970739368,
        1.579955875873566,
        1.5321198344230647,
        1.506364649534226,
        1.4831933200359344,
        1.453694185614586,
        1.4278577148914338,
        1.4060308128595351,
        1.3905790299177172,
        1.3715099334716798,
        1.3553911745548246,
        1.335972666740418,
        1.318275040388107,
        1.3188003450632089,
        1.2892429649829864,
        1.2737139165401459,
        1.2543436825275422,
        1.2493849158287047,
        1.2401872277259829,
        1.230324554443359,
        1.1992760092020034,
        1.20352765917778,
        1.1840523421764368,
        1.1706771552562714,
        1.1785916805267334,
        1.150432050228119,
        1.126912832260132,
        1.1247425794601438,
        1.1202639281749727,
        1.1096562296152117,
        1.0957951664924623,
        1.1072774544358255,
        1.0776652157306672,
        1.069180466234684,
        1.0634137734770774,
        1.0462224110960963
    ],
    "train_accs": [
        0.20446047008546975,
        0.29602920227920193,
        0.34279291310541254,
        0.3704594017094015,
        0.39336271367521314,
        0.4126825142450139,
        0.42937589031339046,
        0.4415064102564103,
        0.45532852564102566,
        0.4640535968660967,
        0.4722889957264959,
        0.4810808404558405,
        0.48916043447293456,
        0.500578703703704,
        0.5081908831908833,
        0.5124643874643877,
        0.5216791310541308,
        0.5265313390313393,
        0.5317396723646731,
        0.537504451566952,
        0.5432247150997155,
        0.5490340099715102,
        0.5550436253561254,
        0.5572694088319091,
        0.5647035256410253,
        0.5723824786324792,
        0.5735844017094017,
        0.5801727207977211,
        0.5811298076923076,
        0.5858262108262102,
        0.5865829772079777,
        0.5925925925925923,
        0.5963319088319083,
        0.6025418447293446,
        0.6060363247863246,
        0.6078614672364668,
        0.6103766025641024,
        0.6173878205128197,
        0.6192352207977209,
        0.6227964743589741
    ],
    "valid_accs": [
        0.26269531250000006,
        0.31835937499999994,
        0.3550781250000001,
        0.37832031250000003,
        0.40527343749999994,
        0.42187500000000006,
        0.43515624999999986,
        0.443359375,
        0.4630859375,
        0.4751953125000001,
        0.482421875,
        0.4867187499999999,
        0.4947265624999999,
        0.49941406250000014,
        0.505859375,
        0.5154296874999998,
        0.5267578125000001,
        0.5242187500000001,
        0.5326171875000001,
        0.5373046874999998,
        0.5482421875000001,
        0.548046875,
        0.5500000000000002,
        0.5583984375,
        0.5689453124999998,
        0.5662109375,
        0.5712890624999999,
        0.5826171875000001,
        0.5794921875000001,
        0.5835937500000001,
        0.6011718749999999,
        0.6003906250000001,
        0.6015624999999999,
        0.6089843749999999,
        0.6136718750000001,
        0.6113281249999999,
        0.6197265624999999,
        0.6236328125,
        0.6232421875,
        0.6304687499999999
    ],
    "test_loss": 1.1056388367580468,
    "test_acc": 0.6066060126582277,
    "gradient_flows": [
        {
            "hidden_layers": [
                0.019794706255197525,
                0.008053838857449591,
                0.003100244386587292,
                0.0014363582304213196,
                0.0006862039444968104
            ],
            "output_layer": 0.014305374585092068
        },
        {
            "hidden_layers": [
                0.015530133619904518,
                0.007865994703024626,
                0.0031476562144234776,
                0.0014535156660713255,
                0.0006844853633083403
            ],
            "output_layer": 0.00835549645125866
        },
        {
            "hidden_layers": [
                0.01654856838285923,
                0.007902896963059902,
                0.003095334570389241,
                0.0014465544954873621,
                0.000690162880346179
            ],
            "output_layer": 0.021100247278809547
        },
        {
            "hidden_layers": [
                0.01545373909175396,
                0.007196355611085892,
                0.0029469357104972005,
                0.0014041573740541935,
                0.0007016961317276582
            ],
            "output_layer": 0.019023844972252846
        },
        {
            "hidden_layers": [
                0.014722349122166634,
                0.007333413232117891,
                0.002980068151373416,
                0.0013685159501619637,
                0.0006431802175939083
            ],
            "output_layer": 0.014655358158051968
        },
        {
            "hidden_layers": [
                0.014526627957820892,
                0.007125572417862713,
                0.0030382457771338522,
                0.001437231432646513,
                0.0007197121885837987
            ],
            "output_layer": 0.024935562163591385
        },
        {
            "hidden_layers": [
                0.012760097160935402,
                0.006547071970999241,
                0.002835953317116946,
                0.00133961730170995,
                0.0006214972963789478
            ],
            "output_layer": 0.014759773388504982
        },
        {
            "hidden_layers": [
                0.014168379828333855,
                0.006807879428379238,
                0.0027713821618817747,
                0.0013425737852230668,
                0.0006481755699496716
            ],
            "output_layer": 0.020063748583197594
        },
        {
            "hidden_layers": [
                0.012711088173091412,
                0.007095560780726373,
                0.003012728353496641,
                0.0013980034564156085,
                0.0006417249533114955
            ],
            "output_layer": 0.01138532068580389
        },
        {
            "hidden_layers": [
                0.014409936964511871,
                0.007021808065474033,
                0.0029411089490167797,
                0.0014102813438512385,
                0.0006705378473270684
            ],
            "output_layer": 0.013149844482541084
        },
        {
            "hidden_layers": [
                0.013975073583424091,
                0.007058111950755119,
                0.002916004043072462,
                0.0013332015951164067,
                0.0006136396259535104
            ],