{
    "train_losses": [
        2.18507849219178,
        1.9245769532657413,
        1.7957268664639898,
        1.7092407198033785,
        1.6470004697131304,
        1.6005820728774756,
        1.5599786651100525,
        1.5264297601504195,
        1.495832762147625,
        1.475173773588958,
        1.4448238230838384,
        1.424294169811782,
        1.4024107632813627,
        1.382037632146113,
        1.3634029691375562
    ],
    "valid_losses": [
        2.020023047924042,
        1.8696073383092882,
        1.7663047373294827,
        1.6887813389301298,
        1.622269144654274,
        1.5837764054536823,
        1.5337812274694442,
        1.506442278623581,
        1.4836414784193035,
        1.4552526593208315,
        1.4321477621793746,
        1.4073022067546843,
        1.3909278005361556,
        1.3714868843555452,
        1.3572844445705416
    ],
    "train_accs": [
        0.20350338319088293,
        0.29578436609686587,
        0.3439503205128204,
        0.37255163817663767,
        0.3932069088319083,
        0.4127492877492875,
        0.4291533119658116,
        0.44097222222222227,
        0.45466079059829057,
        0.4647435897435897,
        0.4741141381766387,
        0.4829282407407405,
        0.49209846866096874,
        0.4998887108262107,
        0.5076566951566952
    ],
    "valid_accs": [
        0.267578125,
        0.3126953125,
        0.35390625000000003,
        0.3814453124999999,
        0.39941406250000006,
        0.4130859375,
        0.43066406249999994,
        0.44296874999999997,
        0.452734375,
        0.46308593749999993,
        0.47441406249999996,
        0.4832031250000001,
        0.48730468750000006,
        0.49648437499999987,
        0.5001953125
    ],
    "test_loss": 1.3725145059295845,
    "test_acc": 0.4907041139240504
}