{
    "train_losses": [
        2.5936896760239585,
        2.3126036203824576,
        2.2322648318744456,
        2.1857648316951215,
        2.1521926143570154,
        2.119501011324066,
        2.0931928619699938,
        2.0671471887164627,
        2.0399506489435835,
        2.019110699664492,
        1.9971117117466075,
        1.9768561386314882,
        1.9586922283525827,
        1.93967020987106,
        1.9240743145983459,
        1.9075760861747273,
        1.8973412299767518,
        1.8796819278657273,
        1.867576653801138,
        1.855162875944392,
        1.841393515595005,
        1.8280574857679186,
        1.81775453966907,
        1.8093516667004679,
        1.797133723894755,
        1.7842528983059083,
        1.7775438691136525,
        1.7656168812020894,
        1.7609471075894818,
        1.7498343150500226,
        1.7416021776335195,
        1.7334289313041933,
        1.7242365246824398,
        1.715616443218331,
        1.7086366679933327,
        1.6993694060888043,
        1.6966240032446012,
        1.6883935534376706,
        1.6786335618407637,
        1.674210234584971
    ],
    "valid_losses": [
        2.397599053382874,
        2.262387537956239,
        2.2049945473670953,
        2.1672594070434568,
        2.133152377605438,
        2.1087575912475582,
        2.0825733780860904,
        2.064023315906524,
        2.036384552717209,
        2.017080622911453,
        1.9961929410696024,
        1.9820640057325367,
        1.9633782714605335,
        1.9496077388525013,
        1.9345275431871414,
        1.9164732396602637,
        1.907193213701248,
        1.8926008522510527,
        1.8790158748626713,
        1.8644415229558946,
        1.85503291785717,
        1.8446117401123048,
        1.8312206387519836,
        1.8230348527431484,
        1.8073127180337907,
        1.796661901473999,
        1.7913134038448337,
        1.782950165867805,
        1.7705013036727903,
        1.762055554986,
        1.7536067843437195,
        1.7401318520307538,
        1.733972308039665,
        1.7262952357530597,
        1.7177123606204985,
        1.7133829832077025,
        1.7063910275697705,
        1.6916164457798006,
        1.6884830474853514,
        1.6825707525014877
    ],
    "train_accs": [
        0.10496794871794844,
        0.15044070512820495,
        0.17666043447293403,
        0.1950899216524213,
        0.21124910968660926,
        0.22435897435897403,
        0.2353543447293443,
        0.24414618945868904,
        0.2543625356125353,
        0.26424501424501384,
        0.26831819800569773,
        0.2791132478632477,
        0.28650284900284867,
        0.29442663817663783,
        0.2993456196581195,
        0.3031071937321936,
        0.3071803774928775,
        0.31499287749287735,
        0.31483707264957256,
        0.3219595797720797,
        0.32563212250712226,
        0.32986111111111066,
        0.3360265313390312,
        0.3370503917378914,
        0.34188034188034155,
        0.3487357549857548,
        0.34742254273504214,
        0.3528757122507117,
        0.35367699430199423,
        0.3597756410256406,
        0.3638488247863243,
        0.3628472222222222,
        0.36614138176638156,
        0.3686565170940169,
        0.37462161680911665,
        0.3756899928774929,
        0.37787126068376065,
        0.3808760683760679,
        0.3824563746438745,
        0.38296830484330446
    ],
    "valid_accs": [
        0.13320312499999998,
        0.16738281250000003,
        0.19082031250000003,
        0.20957031250000005,
        0.22871093749999996,
        0.2345703124999999,
        0.24492187499999996,
        0.2466796875,
        0.26074218750000006,
        0.26914062499999997,
        0.27421874999999996,
        0.27832031250000006,
        0.28691406250000007,
        0.2945312500000001,
        0.2951171875000001,
        0.30039062499999997,
        0.301953125,
        0.30937499999999996,
        0.31074218750000004,
        0.3167968750000001,
        0.32031249999999994,
        0.32851562500000003,
        0.3326171875,
        0.33515624999999993,
        0.34257812499999996,
        0.3451171875000001,
        0.34589843749999993,
        0.34863281250000006,
        0.3517578125,
        0.3556640625,
        0.359765625,
        0.3628906250000001,
        0.3658203125000001,
        0.36972656249999997,
        0.37246093750000003,
        0.37363281249999997,
        0.3755859375,
        0.3830078125,
        0.38632812499999997,
        0.38457031250000007
    ],
    "test_loss": 1.6725218054614492,
    "test_acc": 0.38291139240506356,
    "gradient_flows": [
        {
            "hidden_layers": [
                0.020836807787418365,
                0.008856845670379698,
                0.003367848286870867,
                0.001547032647067681,
                0.0007635582587681711
            ],
            "output_layer": 0.03145711123943329
        },
        {
            "hidden_layers": [
                0.020878467708826065,
                0.008781578624621034,
                0.0033826572471298277,
                0.0015403551806230098,
                0.0007552661991212517
            ],
            "output_layer": 0.013217690400779247
        },
        {
            "hidden_layers": [
                0.017859064042568207,
                0.009001838159747422,
                0.003420982393436134,
                0.001560587843414396,
                0.0007595521456096321
            ],
            "output_layer": 0.026783881708979607
        },
        {
            "hidden_layers": [
                0.017270870506763458,
                0.008843997726216912,
                0.0033720938954502344,
                0.0015441697323694825,
                0.000742796080885455
            ],
            "output_layer": 0.019943231716752052
        },
        {
            "hidden_layers": [
                0.019223807379603386,
                0.008399867103435099,
                0.0032748276134952903,
                0.0014873225591145456,
                0.0007027795654721558
            ],
            "output_layer": 0.01354821678251028
        },
        {
            "hidden_layers": [
                0.015223435126245022,
                0.008188097039237618,
                0.003225880500394851,
                0.001488438545493409,
                0.0007410952966893092
            ],
            "output_layer": 0.023340372368693352
        },
        {
            "hidden_layers": [
                0.01585513725876808,
                0.007961174007505178,
                0.0032181477872654796,
                0.001482570543885231,
                0.0007193843048298731
            ],
            "output_layer": 0.013275722041726112
        },
        {
            "hidden_layers": [
                0.01632671058177948,
                0.007919783820398152,
                0.003116479143500328,
                0.0014514363138005137,
                0.0007078174530761316
            ],
            "output_layer": 0.023630604147911072
        },
        {
            "hidden_layers": [
                0.020209940150380135,
                0.00864639354404062,
                0.0031893783598206937,
                0.0014664815680589527,
                0.0006984919600654393
            ],
            "output_layer": 0.014831832610070705
        },
        {
            "hidden_layers": [
                0.017997272312641144,
                0.008184881880879402,
                0.0032004062668420374,
                0.0014771665737498552,
                0.0007172958430601284
            ],
            "output_layer": 0.015745682641863823
        },
        {
            "hidden_layers": [
                0.01856519654393196,
                0.008488564169965684,
                0.0032238182611763477,
                0.0015124855854082853,
                0.0007308944768738002
            ],