{
    "train_losses": [
        2.593704888623664,
        2.3126208897669414,
        2.2322687396296734,
        2.1856996435725113,
        2.1521583547619327,
        2.119529846387032,
        2.093200912502757,
        2.067169371153893,
        2.039978480067348,
        2.019130655503341,
        1.9970522307262815,
        1.9768544173987848,
        1.9587607427879612,
        1.9397705409601562,
        1.924092367503718
    ],
    "valid_losses": [
        2.3976363956928255,
        2.2623804926872255,
        2.204951876401901,
        2.1671950757503504,
        2.133077746629715,
        2.1086486279964443,
        2.0823714137077336,
        2.063862949609756,
        2.0362746894359582,
        2.0171842247247698,
        1.9965198099613186,
        1.9824219763278959,
        1.963865920901298,
        1.950083023309708,
        1.934815436601639
    ],
    "train_accs": [
        0.10483440170940143,
        0.150551994301994,
        0.17650462962962918,
        0.1952234686609682,
        0.21069266381766336,
        0.22489316239316215,
        0.2355324074074069,
        0.24419070512820473,
        0.2546518874643869,
        0.2641559829059826,
        0.2687188390313389,
        0.27926905270655256,
        0.28648059116809077,
        0.2934250356125353,
        0.29910078347578367
    ],
    "valid_accs": [
        0.13359375,
        0.1671875,
        0.1908203125,
        0.20976562500000004,
        0.22851562499999994,
        0.23359374999999996,
        0.24531249999999996,
        0.24453124999999998,
        0.26015625000000003,
        0.2693359375,
        0.275390625,
        0.2810546875,
        0.28710937500000006,
        0.29433593750000003,
        0.29472656250000007
    ],
    "test_loss": 1.9176275850851325,
    "test_acc": 0.3000395569620254
}