{
    "train_losses": [
        1.7449040063086398,
        1.3576933179485826,
        1.2283247228701222,
        1.1376826092388554,
        1.0578409030906153,
        1.001822810567003,
        0.9489145156664728,
        0.9054146470167693,
        0.86640559030734,
        0.8383607596074069,
        0.8067367014042672,
        0.7765369544341687,
        0.7535133290494614,
        0.7352354338026451,
        0.7112438481757446
    ],
    "valid_losses": [
        1.5663217127323148,
        1.390094202756882,
        1.1792220398783684,
        1.0911859422922134,
        1.0172740086913108,
        0.9469646498560906,
        0.9059924945235254,
        0.9066371247172356,
        0.8864667639136314,
        0.8382163316011428,
        0.8023512184619905,
        0.7240399688482285,
        0.7330299817025661,
        0.7015951409935951,
        0.6644994325935841
    ],
    "train_accs": [
        0.36720975783475723,
        0.5075676638176638,
        0.5607638888888892,
        0.594929665242165,
        0.6235977564102564,
        0.6420495014245015,
        0.6610354344729346,
        0.6799100783475783,
        0.6928196225071227,
        0.7003205128205128,
        0.7149661680911675,
        0.7252492877492878,
        0.7328392094017088,
        0.7387152777777767,
        0.7475293803418798
    ],
    "valid_accs": [
        0.4896484375,
        0.5304687500000002,
        0.5972656249999999,
        0.622265625,
        0.6607421875,
        0.6845703124999999,
        0.707421875,
        0.701953125,
        0.7126953125,
        0.7292968750000002,
        0.7328124999999999,
        0.7568359375,
        0.7605468750000001,
        0.7673828125000001,
        0.7789062499999999
    ],
    "test_loss": 0.8493276781673671,
    "test_acc": 0.7309137658227851
}