{
    "train_losses": [
        1.3439502687196117,
        0.8400771580530368,
        0.6596728170189761,
        0.5530662454261399,
        0.4837460705527553,
        0.4373473525471837,
        0.3877274845315521,
        0.35685289330631953,
        0.32399978516278444,
        0.2930664181539476,
        0.26994284206306157,
        0.24578039072178023,
        0.2259094209922346,
        0.20882741232373447,
        0.18649979052465546,
        0.1776011060403284,
        0.16475759908302215,
        0.15165983437642744,
        0.1385464560919761,
        0.13244705975183066,
        0.11793550246121882,
        0.11355063196621899,
        0.10271644044104969,
        0.1052818348965584,
        0.09277080462720143,
        0.09025540807287064,
        0.08074130941490165,
        0.08111556653103169,
        0.07557348588592985,
        0.07255943497096286,
        0.06763526794375942,
        0.06768360288357332,
        0.0652748164614699,
        0.05627094053177754,
        0.05887440727238258,
        0.05659887540629107,
        0.05586845406790151,
        0.05361015648525368,
        0.04876977708283549,
        0.04499068930400192
    ],
    "valid_losses": [
        1.0967323675751686,
        0.85127864331007,
        0.6638109892606738,
        0.5249716348946094,
        0.5814488627016544,
        0.5107015289366246,
        0.3158590212464334,
        0.36033872887492185,
        0.3187613628804683,
        0.2323338583111763,
        0.2741634231060743,
        0.26912692151963713,
        0.23155232369899748,
        0.25782972835004325,
        0.17323041036725045,
        0.16162719214335083,
        0.16191552989184857,
        0.15591533426195384,
        0.11135158999823035,
        0.10251048887148498,
        0.14220373490825294,
        0.12732776217162606,
        0.13655368341133,
        0.12424807094503192,
        0.12599783327896144,
        0.09251768806716426,
        0.10924233011901378,
        0.09360000602900982,
        0.09287069658748806,
        0.06522287013940513,
        0.10094974564854053,
        0.07411804427392782,
        0.07213753072428516,
        0.07407896674703807,
        0.077589565794915,
        0.0851518261246383,
        0.06634888498228975,
        0.06526475304854103,
        0.07811467251740396,
        0.07895583028439432
    ],
    "train_accs": [
        0.5194978632478632,
        0.7038817663817666,
        0.7692975427350418,
        0.8076255341880326,
        0.8327323717948707,
        0.8477786680911676,
        0.8638933404558404,
        0.8762241809116811,
        0.8871972934472946,
        0.8997729700854694,
        0.9047809829059816,
        0.9134615384615378,
        0.9206285612535596,
        0.9274839743589721,
        0.9349626068376063,
        0.9375890313390308,
        0.9414618945868931,
        0.9470486111111113,
        0.9514111467236477,
        0.9537927350427368,
        0.957687856125359,
        0.9604033119658147,
        0.9638977920227955,
        0.9638310185185223,
        0.968438390313395,
        0.9676816239316282,
        0.971910612535618,
        0.9715544871794916,
        0.9735576923076968,
        0.9747150997151048,
        0.9764066951567,
        0.9762508903133952,
        0.977274750712255,
        0.980435363247869,
        0.9802350427350482,
        0.980880519943025,
        0.9809472934472988,
        0.9815037393162445,
        0.9836182336182386,
        0.9840188746438802
    ],
    "valid_accs": [
        0.6324218750000001,
        0.7037109375,
        0.7740234375,
        0.8208984374999998,
        0.807421875,
        0.8238281250000002,
        0.893359375,
        0.8705078125000002,
        0.8896484374999999,
        0.9148437500000001,
        0.9072265624999998,
        0.9099609375,
        0.9203125,
        0.9132812499999999,
        0.9408203125000001,
        0.9462890625,
        0.9451171875000002,
        0.9494140625000002,
        0.9640625000000002,
        0.9671874999999999,
        0.9554687500000001,
        0.96171875,
        0.9576171875000001,
        0.9599609375,
        0.9595703125000001,
        0.9707031249999999,
        0.9662109375,
        0.9748046875000004,
        0.9738281250000002,
        0.9810546875,
        0.9718749999999999,
        0.9783203125000001,
        0.9798828125000002,
        0.9796875000000003,
        0.9753906250000001,
        0.9738281249999999,
        0.980859375,
        0.9826171874999999,
        0.9794921875000001,
        0.9800781250000001
    ],
    "test_loss": 0.46022165161144885,
    "test_acc": 0.893097310126582,
    "gradient_flows": [
        {
            "hidden_layers": [
                0.008686314336955547,
                0.0018751959723886102,
                0.0006771900370949879,
                0.0002838210384652484,
                7.91474558354821e-05
            ],
            "output_layer": 0.017186978831887245
        },
        {
            "hidden_layers": [
                0.007651415187865496,
                0.0011792777804657817,
                0.0005481598418555222,
                0.00022581634038942866,
                6.312294317467604e-05
            ],
            "output_layer": 0.013266995549201965
        },
        {
            "hidden_layers": [
                0.005926182027906179,
                0.0010147615830646828,
                0.000438035604020115,
                0.00017578018741915002,
                4.836026892007794e-05
            ],
            "output_layer": 0.011217327788472176
        },
        {
            "hidden_layers": [
                0.00580632034689188,
                0.0008477395604131743,
                0.0003895440822816454,
                0.00015954945047269575,
                4.253028191669728e-05
            ],
            "output_layer": 0.010080619715154171
        },
        {
            "hidden_layers": [
                0.010075829923152924,
                0.0009325360006187111,
                0.00040521678602090105,
                0.00016688939649611712,
                4.438668065631646e-05
            ],
            "output_layer": 0.012118681333959103
        },
        {
            "hidden_layers": [
                0.006450721528381109,
                0.0006946782959857956,
                0.0003498993901303038,
                0.00015271544179995544,
                4.028200510219904e-05
            ],
            "output_layer": 0.01248463150113821
        },
        {
            "hidden_layers": [
                0.006742945406585932,
                0.0006702280079480261,
                0.0003051319145015441,
                0.00013605356980406214,
                3.644644766609417e-05
            ],
            "output_layer": 0.00984761118888855
        },
        {
            "hidden_layers": [
                0.009687810204923153,
                0.0008236153516918421,
                0.0003700843590195291,
                0.00016093845988507383,
                4.325885129219387e-05
            ],
            "output_layer": 0.011896577663719654
        },
        {
            "hidden_layers": [
                0.006583710666745901,
                0.0007009119872236624,
                0.00036047578760189936,
                0.00015118731789698359,
                3.874426897709782e-05
            ],
            "output_layer": 0.006477461662143469
        },
        {
            "hidden_layers": [
                0.007303992286324501,
                0.0007021016353974119,
                0.00034977030736627057,
                0.0001514593677711673,
                3.8100193023637985e-05
            ],
            "output_layer": 0.006646997760981321
        },
        {
            "hidden_layers": [
                0.0047239745035767555,
                0.0004750570224132389,
                0.0002289756121172104,
                0.00011023759725503623,
                2.6628329123923322e-05
            ],