{
    "train_losses": [
        1.340241908178031,
        0.8409901551711254,
        0.6619182093191004,
        0.552028213131462,
        0.48337298071282536,
        0.4390366261246539,
        0.3862815782470243,
        0.3577396108893587,
        0.32112377143313714,
        0.2950675324284793,
        0.2700128811928962,
        0.24238197123393015,
        0.2337584110916171,
        0.20730747367411956,
        0.18603470015135254
    ],
    "valid_losses": [
        1.1911908626556398,
        0.8387049376964568,
        0.606472423672676,
        0.4728783167898654,
        0.6067001968622207,
        0.6258371084928511,
        0.33465621918439864,
        0.4136916026473045,
        0.3400660499930382,
        0.23038124497979875,
        0.20435859821736818,
        0.30040745958685877,
        0.2097902350127697,
        0.20219411514699456,
        0.19345290978963017
    ],
    "train_accs": [
        0.5216791310541308,
        0.7027021011396007,
        0.7700320512820505,
        0.808337784900284,
        0.8311743233618221,
        0.8469106125356117,
        0.8650062321937325,
        0.8759348290598292,
        0.8901575854700857,
        0.8970575142450138,
        0.9050258190883189,
        0.9163105413105415,
        0.9174011752136739,
        0.9261707621082603,
        0.9349626068376053
    ],
    "valid_accs": [
        0.6097656249999999,
        0.7072265625000003,
        0.7988281249999999,
        0.8349609375000001,
        0.8019531249999998,
        0.78828125,
        0.8869140624999999,
        0.8544921875,
        0.8826171874999996,
        0.9222656250000001,
        0.9287109374999999,
        0.8958984375,
        0.9292968749999998,
        0.9322265625000001,
        0.9347656249999998
    ],
    "test_loss": 0.44140239380582963,
    "test_acc": 0.8665941455696199
}