{
    "train_losses": [
        2.2902420178437826,
        2.0419616104870455,
        2.0268296743729852,
        2.061235101813943,
        2.089696836607409,
        1.9383152475384222,
        1.8619247257200056,
        1.794308937173284,
        1.7457450407522703,
        1.6988429031480756,
        1.663075548970802,
        1.6325530886989734,
        1.6104205096209487,
        1.581151001473779,
        1.5658434469815323
    ],
    "valid_losses": [
        2.2762849688529965,
        2.2376230597496036,
        2.113971576094627,
        2.30969939827919,
        2.1100539714097977,
        1.9637475609779351,
        1.9574294447898868,
        1.9160119295120241,
        1.8161761999130253,
        1.855782872438431,
        1.795487502217293,
        1.8798704057931903,
        1.7884537041187283,
        1.6831705778837205,
        1.6731171756982803
    ],
    "train_accs": [
        0.11785523504273478,
        0.23936075498575457,
        0.24686164529914476,
        0.23484241452991397,
        0.22028579059828998,
        0.29602920227920204,
        0.330662393162393,
        0.3551014957264956,
        0.3709935897435896,
        0.39009081196581186,
        0.40239939458689433,
        0.414685719373219,
        0.4211627492877489,
        0.430043625356125,
        0.4350071225071225
    ],
    "valid_accs": [
        0.18574218749999996,
        0.19375000000000003,
        0.2681640625,
        0.10546875,
        0.2617187500000001,
        0.32578124999999997,
        0.3570312499999999,
        0.3732421874999999,
        0.3970703124999999,
        0.39472656250000004,
        0.4039062499999999,
        0.41367187499999997,
        0.42070312499999996,
        0.43828125000000007,
        0.444921875
    ],
    "test_loss": 1.6212626484375972,
    "test_acc": 0.45905854430379733
}